#pragma once

const uint8_t MontserratBold33pt7bBitmaps[] PROGMEM = {
  0x00, 0xFF, 0xF7, 0xFF, 0x9F, 0xFC, 0xFF, 0xE7, 0xFF, 0x3F, 0xF9,
  0xFF, 0xCF, 0xFE, 0x7F, 0xF3, 0xFF, 0x9F, 0xFC, 0xFF, 0xE7, 0xFF,
  0x3F, 0xF9, 0xFF, 0xCF, 0xFC, 0x7F, 0xE1, 0xFF, 0x0F, 0xF8, 0x7F,
  0xC3, 0xFE, 0x1F, 0xF0, 0xFF, 0x87, 0xFC, 0x3F, 0xE1, 0xFF, 0x0F,
  0xF8, 0x7F, 0xC3, 0xFE, 0x1F, 0xF0, 0x00, 0x00, 0x00, 0x00, 0x00,
  0x00, 0x00, 0x80, 0x3F, 0x83, 0xFE, 0x3F, 0xFB, 0xFF, 0xDF, 0xFF,
  0xFF, 0xFF, 0xFF, 0xDF, 0xFC, 0xFF, 0xE3, 0xFE, 0x0F, 0xE0, 0x08,
  0x00, 0xFF, 0x83, 0xFF, 0xFE, 0x0F, 0xFF, 0xF8, 0x3F, 0xFF, 0xE0,
  0xFF, 0xFF, 0x83, 0xFF, 0xFE, 0x0F, 0xFF, 0xF8, 0x3F, 0xFF, 0xE0,
  0xFF, 0xFF, 0x83, 0xFD, 0xFC, 0x0F, 0xF7, 0xF0, 0x3F, 0xDF, 0xC0,
  0xFF, 0x7F, 0x03, 0xFD, 0xFC, 0x0F, 0xF7, 0xF0, 0x3F, 0xDF, 0xC0,
  0xFF, 0x7F, 0x03, 0xFD, 0xFC, 0x0F, 0xF7, 0xF0, 0x3F, 0xC0, 0x00,
  0x07, 0xF0, 0x03, 0xF8, 0x00, 0x00, 0x3F, 0x80, 0x1F, 0xC0, 0x00,
  0x01, 0xFC, 0x00, 0xFE, 0x00, 0x00, 0x0F, 0xE0, 0x07, 0xF0, 0x00,
  0x00, 0x7F, 0x00, 0x7F, 0x80, 0x00, 0x03, 0xF8, 0x03, 0xFC, 0x00,
  0x00, 0x3F, 0xC0, 0x1F, 0xE0, 0x00, 0x01, 0xFE, 0x00, 0xFE, 0x00,
  0x00, 0x0F, 0xE0, 0x07, 0xF0, 0x00, 0x00, 0x7F, 0x00, 0x3F, 0x80,
  0x00, 0x03, 0xF8, 0x01, 0xFC, 0x00, 0x3F, 0xFF, 0xFF, 0xFF, 0xFF,
  0xE1, 0xFF, 0xFF, 0xFF, 0xFF, 0xFF, 0x0F, 0xFF, 0xFF, 0xFF, 0xFF,
  0xF8, 0x7F, 0xFF, 0xFF, 0xFF, 0xFF, 0xC3, 0xFF, 0xFF, 0xFF, 0xFF,
  0xFE, 0x1F, 0xFF, 0xFF, 0xFF, 0xFF, 0xF0, 0xFF, 0xFF, 0xFF, 0xFF,
  0xFF, 0x80, 0x07, 0xF0, 0x03, 0xF8, 0x02, 0x00, 0x3F, 0x80, 0x1F,
  0xC0, 0x00, 0x01, 0xFC, 0x00, 0xFE, 0x00, 0x00, 0x1F, 0xE0, 0x0F,
  0xF0, 0x00, 0x00, 0xFF, 0x00, 0x7F, 0x80, 0x00, 0x07, 0xF8, 0x03,
  0xF8, 0x00, 0x00, 0x3F, 0x80, 0x1F, 0xC0, 0x00, 0x01, 0xFC, 0x00,
  0xFE, 0x00, 0x00, 0x0F, 0xE0, 0x07, 0xF0, 0x00, 0x00, 0x7F, 0x00,
  0x3F, 0x80, 0x0F, 0xFF, 0xFF, 0xFF, 0xFF, 0xFC, 0x7F, 0xFF, 0xFF,
  0xFF, 0xFF, 0xE3, 0xFF, 0xFF, 0xFF, 0xFF, 0xFF, 0x1F, 0xFF, 0xFF,
  0xFF, 0xFF, 0xF8, 0xFF, 0xFF, 0xFF, 0xFF, 0xFF, 0xC7, 0xFF, 0xFF,
  0xFF, 0xFF, 0xFE, 0x3F, 0xFF, 0xFF, 0xFF, 0xFF, 0xF0, 0x00, 0xFE,
  0x00, 0x7F, 0x00, 0x00, 0x07, 0xF0, 0x07, 0xF8, 0x00, 0x00, 0x3F,
  0x80, 0x3F, 0xC0, 0x00, 0x03, 0xFC, 0x01, 0xFE, 0x00, 0x00, 0x1F,
  0xE0, 0x0F, 0xE0, 0x00, 0x00, 0xFE, 0x00, 0x7F, 0x00, 0x00, 0x07,
  0xF0, 0x03, 0xF8, 0x00, 0x00, 0x3F, 0x80, 0x1F, 0xC0, 0x00, 0x01,
  0xFC, 0x00, 0xFE, 0x00, 0x00, 0x0F, 0xE0, 0x07, 0xF0, 0x00, 0x00,
  0x7F, 0x00, 0x7F, 0x80, 0x00, 0x00, 0x00, 0xFC, 0x00, 0x00, 0x00,
  0x03, 0xF0, 0x00, 0x00, 0x00, 0x0F, 0xC0, 0x00, 0x00, 0x00, 0x3F,
  0x00, 0x00, 0x00, 0x00, 0xFC, 0x00, 0x00, 0x00, 0x03, 0xF0, 0x00,
  0x00, 0x00, 0x0F, 0xC0, 0x00, 0x00, 0x01, 0xFF, 0xF8, 0x00, 0x00,
  0x3F, 0xFF, 0xFE, 0x00, 0x03, 0xFF, 0xFF, 0xFE, 0x00, 0x3F, 0xFF,
  0xFF, 0xFE, 0x01, 0xFF, 0xFF, 0xFF, 0xFC, 0x0F, 0xFF, 0xFF, 0xFF,
  0xE0, 0x7F, 0xFF, 0xFF, 0xFF, 0x83, 0xFF, 0xFF, 0xFF, 0xFC, 0x0F,
  0xFF, 0xFF, 0xFF, 0xF0, 0x3F, 0xFC, 0xFC, 0x3F, 0xC1, 0xFF, 0xE3,
  0xF0, 0x1E, 0x07, 0xFF, 0x0F, 0xC0, 0x18, 0x1F, 0xF8, 0x3F, 0x00,
  0x00, 0x7F, 0xE0, 0xFC, 0x00, 0x01, 0xFF, 0x83, 0xF0, 0x00, 0x07,
  0xFF, 0x0F, 0xC0, 0x00, 0x1F, 0xFC, 0x3F, 0x00, 0x00, 0x7F, 0xFC,
  0xFC, 0x00, 0x01, 0xFF, 0xFF, 0xF0, 0x00, 0x03, 0xFF, 0xFF, 0xC0,
  0x00, 0x0F, 0xFF, 0xFF, 0xC0, 0x00, 0x1F, 0xFF, 0xFF, 0xF0, 0x00,
  0x3F, 0xFF, 0xFF, 0xF0, 0x00, 0x7F, 0xFF, 0xFF, 0xF0, 0x00, 0xFF,
  0xFF, 0xFF, 0xF0, 0x00, 0xFF, 0xFF, 0xFF, 0xE0, 0x00, 0x7F, 0xFF,
  0xFF, 0xC0, 0x00, 0x3F, 0xFF, 0xFF, 0x00, 0x00, 0x3F, 0xFF, 0xFE,
  0x00, 0x00, 0xFF, 0xFF, 0xF8, 0x00, 0x03, 0xF3, 0xFF, 0xE0, 0x00,
  0x0F, 0xC3, 0xFF, 0xC0, 0x00, 0x3F, 0x07, 0xFF, 0x00, 0x00, 0xFC,
  0x1F, 0xFC, 0x40, 0x03, 0xF0, 0x7F, 0xF1, 0x80, 0x0F, 0xC1, 0xFF,
  0x8F, 0x80, 0x3F, 0x0F, 0xFE, 0x3F, 0x80, 0xFC, 0x3F, 0xF8, 0xFF,
  0xE3, 0xF7, 0xFF, 0xE7, 0xFF, 0xFF, 0xFF, 0xFF, 0x1F, 0xFF, 0xFF,
  0xFF, 0xFC, 0xFF, 0xFF, 0xFF, 0xFF, 0xE3, 0xFF, 0xFF, 0xFF, 0xFF,
  0x07, 0xFF, 0xFF, 0xFF, 0xF8, 0x07, 0xFF, 0xFF, 0xFF, 0x80, 0x07,
  0xFF, 0xFF, 0xFC, 0x00, 0x03, 0xFF, 0xFF, 0x80, 0x00, 0x00, 0x1F,
  0xC0, 0x00, 0x00, 0x00, 0x3F, 0x00, 0x00, 0x00, 0x00, 0xFC, 0x00,
  0x00, 0x00, 0x03, 0xF0, 0x00, 0x00, 0x00, 0x0F, 0xC0, 0x00, 0x00,
  0x00, 0x3F, 0x00, 0x00, 0x00, 0x00, 0xFC, 0x00, 0x00, 0x00, 0x03,
  0xF0, 0x00, 0x00, 0x00, 0xFE, 0x00, 0x00, 0x00, 0x00, 0x00, 0x3F,
  0xFC, 0x00, 0x00, 0x1F, 0xE0, 0x03, 0xFF, 0xF0, 0x00, 0x01, 0xFE,
  0x00, 0x3F, 0xFF, 0xC0, 0x00, 0x1F, 0xE0, 0x03, 0xFF, 0xFF, 0x00,
  0x00, 0xFF, 0x00, 0x3F, 0xC3, 0xFC, 0x00, 0x0F, 0xF0, 0x01, 0xFC,
  0x0F, 0xE0, 0x00, 0xFF, 0x00, 0x0F, 0xC0, 0x3F, 0x00, 0x07, 0xF8,
  0x00, 0xFE, 0x01, 0xFC, 0x00, 0x7F, 0x80, 0x07, 0xF0, 0x0F, 0xE0,
  0x07, 0xF8, 0x00, 0x3F, 0x00, 0x3F, 0x00, 0x3F, 0x80, 0x01, 0xF8,
  0x01, 0xF8, 0x03, 0xFC, 0x00, 0x0F, 0xC0, 0x0F, 0xC0, 0x3F, 0xC0,
  0x00, 0x7E, 0x00, 0x7E, 0x01, 0xFC, 0x00, 0x03, 0xF0, 0x03, 0xF0,
  0x1F, 0xE0, 0x00, 0x1F, 0x80, 0x1F, 0x81, 0xFE, 0x00, 0x00, 0xFE,
  0x01, 0xFC, 0x0F, 0xE0, 0x00, 0x07, 0xF0, 0x0F, 0xE0, 0xFF, 0x00,
  0x00, 0x1F, 0x80, 0x7E, 0x0F, 0xF0, 0x00, 0x00, 0xFE, 0x07, 0xF0,
  0x7F, 0x00, 0x00, 0x07, 0xF8, 0x7F, 0x87, 0xF8, 0x00, 0x00, 0x1F,
  0xFF, 0xF8, 0x7F, 0x80, 0x00, 0x00, 0x7F, 0xFF, 0x83, 0xF8, 0x0F,
  0xF0, 0x01, 0xFF, 0xF8, 0x3F, 0xC1, 0xFF, 0xE0, 0x07, 0xFF, 0x83,
  0xFC, 0x1F, 0xFF, 0x80, 0x0F, 0xF0, 0x1F, 0xC1, 0xFF, 0xFE, 0x00,
  0x00, 0x01, 0xFE, 0x1F, 0xFF, 0xF8, 0x00, 0x00, 0x1F, 0xE1, 0xFE,
  0x1F, 0xE0, 0x00, 0x00, 0xFE, 0x0F, 0xE0, 0x7F, 0x00, 0x00, 0x0F,
  0xF0, 0xFE, 0x01, 0xF8, 0x00, 0x00, 0xFF, 0x07, 0xF0, 0x0F, 0xE0,
  0x00, 0x07, 0xF0, 0x3F, 0x00, 0x7F, 0x00, 0x00, 0x7F, 0x81, 0xF8,
  0x01, 0xF8, 0x00, 0x07, 0xF8, 0x0F, 0xC0, 0x0F, 0xC0, 0x00, 0x3F,
  0x80, 0x7E, 0x00, 0x7E, 0x00, 0x03, 0xFC, 0x03, 0xF0, 0x03, 0xF0,
  0x00, 0x3F, 0xC0, 0x1F, 0x80, 0x1F, 0x80, 0x01, 0xFC, 0x00, 0xFC,
  0x01, 0xFC, 0x00, 0x1F, 0xE0, 0x07, 0xF0, 0x0F, 0xE0, 0x01, 0xFE,
  0x00, 0x3F, 0x80, 0x7F, 0x00, 0x1F, 0xE0, 0x00, 0xFC, 0x07, 0xF0,
  0x00, 0xFF, 0x00, 0x07, 0xF0, 0x3F, 0x80, 0x0F, 0xF0, 0x00, 0x1F,
  0xFF, 0xF8, 0x00, 0xFF, 0x00, 0x00, 0xFF, 0xFF, 0xC0, 0x07, 0xF8,
  0x00, 0x03, 0xFF, 0xFC, 0x00, 0x7F, 0x80, 0x00, 0x0F, 0xFF, 0xC0,
  0x07, 0xF8, 0x00, 0x00, 0x1F, 0xF8, 0x00, 0x00, 0x00, 0x00, 0x00,
  0x0C, 0x00, 0x00, 0x01, 0xFF, 0x00, 0x00, 0x00, 0x00, 0xFF, 0xFE,
  0x00, 0x00, 0x00, 0x3F, 0xFF, 0xF8, 0x00, 0x00, 0x07, 0xFF, 0xFF,
  0xC0, 0x00, 0x00, 0xFF, 0xFF, 0xFE, 0x00, 0x00, 0x1F, 0xFF, 0xFF,
  0xF0, 0x00, 0x01, 0xFF, 0xFF, 0xFF, 0x00, 0x00, 0x3F, 0xF8, 0x3F,
  0xF0, 0x00, 0x03, 0xFF, 0x00, 0xFF, 0x80, 0x00, 0x3F, 0xE0, 0x0F,
  0xF8, 0x00, 0x03, 0xFE, 0x00, 0xFF, 0x80, 0x00, 0x3F, 0xE0, 0x0F,
  0xF8, 0x00, 0x03, 0xFE, 0x00, 0xFF, 0x80, 0x00, 0x3F, 0xF0, 0x1F,
  0xF8, 0x00, 0x03, 0xFF, 0x03, 0xFF, 0x00, 0x00, 0x3F, 0xF8, 0x7F,
  0xF0, 0x00, 0x01, 0xFF, 0xDF, 0xFE, 0x00, 0x00, 0x1F, 0xFF, 0xFF,
  0xC0, 0x00, 0x00, 0xFF, 0xFF, 0xF8, 0x00, 0x00, 0x07, 0xFF, 0xFF,
  0x00, 0x00, 0x00, 0x3F, 0xFF, 0xE0, 0x00, 0x00, 0x03, 0xFF, 0xF8,
  0x00, 0x00, 0x00, 0xFF, 0xFF, 0x00, 0x00, 0x00, 0x1F, 0xFF, 0xF8,
  0x03, 0x00, 0x03, 0xFF, 0xFF, 0xC0, 0x3E, 0x00, 0xFF, 0xFF, 0xFE,
  0x03, 0xFC, 0x0F, 0xFF, 0xFF, 0xF0, 0x3F, 0xE1, 0xFF, 0xC7, 0xFF,
  0x87, 0xFC, 0x3F, 0xF8, 0x3F, 0xFC, 0x7F, 0xC3, 0xFF, 0x01, 0xFF,
  0xF7, 0xFC, 0x7F, 0xE0, 0x0F, 0xFF, 0xFF, 0x87, 0xFE, 0x00, 0x7F,
  0xFF, 0xF8, 0x7F, 0xE0, 0x03, 0xFF, 0xFF, 0x8F, 0xFC, 0x00, 0x1F,
  0xFF, 0xF0, 0xFF, 0xC0, 0x00, 0xFF, 0xFF, 0x0F, 0xFE, 0x00, 0x07,
  0xFF, 0xE0, 0xFF, 0xE0, 0x00, 0x1F, 0xFE, 0x07, 0xFF, 0x00, 0x03,
  0xFF, 0xF0, 0x7F, 0xF8, 0x00, 0xFF, 0xFF, 0x87, 0xFF, 0xFC, 0xFF,
  0xFF, 0xFC, 0x3F, 0xFF, 0xFF, 0xFF, 0xFF, 0xE3, 0xFF, 0xFF, 0xFF,
  0xFF, 0xFF, 0x1F, 0xFF, 0xFF, 0xFF, 0xFF, 0xE0, 0xFF, 0xFF, 0xFF,
  0xF3, 0xFC, 0x07, 0xFF, 0xFF, 0xFC, 0x1F, 0x80, 0x1F, 0xFF, 0xFF,
  0x80, 0xF0, 0x00, 0x7F, 0xFF, 0xC0, 0x06, 0x00, 0x00, 0xFF, 0xE0,
  0x00, 0x20, 0xFF, 0xFF, 0xFF, 0xFF, 0xFF, 0xFF, 0xFF, 0xFF, 0xFF,
  0xFF, 0xBF, 0x9F, 0xCF, 0xE7, 0xF3, 0xF9, 0xFC, 0xFE, 0x7F, 0x3F,
  0x9F, 0xC0, 0x00, 0xFF, 0xC0, 0x7F, 0xE0, 0x3F, 0xF0, 0x0F, 0xFC,
  0x07, 0xFE, 0x01, 0xFF, 0x80, 0xFF, 0xC0, 0x3F, 0xF0, 0x0F, 0xFC,
  0x07, 0xFE, 0x01, 0xFF, 0x80, 0x7F, 0xE0, 0x3F, 0xF0, 0x0F, 0xFC,
  0x03, 0xFF, 0x01, 0xFF, 0x80, 0x7F, 0xE0, 0x1F, 0xF8, 0x07, 0xFE,
  0x01, 0xFF, 0x80, 0xFF, 0xC0, 0x3F, 0xF0, 0x0F, 0xFC, 0x03, 0xFF,
  0x00, 0xFF, 0xC0, 0x3F, 0xF0, 0x0F, 0xFC, 0x03, 0xFF, 0x00, 0xFF,
  0xC0, 0x3F, 0xF0, 0x0F, 0xFC, 0x03, 0xFF, 0x00, 0xFF, 0xC0, 0x3F,
  0xF0, 0x0F, 0xFC, 0x03, 0xFF, 0x00, 0xFF, 0xC0, 0x3F, 0xF0, 0x0F,
  0xFC, 0x03, 0xFF, 0x00, 0xFF, 0xC0, 0x3F, 0xF0, 0x07, 0xFE, 0x01,
  0xFF, 0x80, 0x7F, 0xE0, 0x1F, 0xF8, 0x07, 0xFE, 0x00, 0xFF, 0xC0,
  0x3F, 0xF0, 0x0F, 0xFC, 0x01, 0xFF, 0x80, 0x7F, 0xE0, 0x1F, 0xF8,
  0x03, 0xFF, 0x00, 0xFF, 0xC0, 0x3F, 0xF0, 0x07, 0xFE, 0x01, 0xFF,
  0x80, 0x3F, 0xF0, 0x0F, 0xFC, 0x01, 0xFF, 0x80, 0x3F, 0xF0, 0xFF,
  0xC0, 0x3F, 0xF0, 0x07, 0xFE, 0x01, 0xFF, 0x80, 0x3F, 0xF0, 0x0F,
  0xFC, 0x01, 0xFF, 0x80, 0x7F, 0xE0, 0x0F, 0xFC, 0x03, 0xFF, 0x00,
  0xFF, 0xC0, 0x1F, 0xF8, 0x07, 0xFE, 0x01, 0xFF, 0x80, 0x3F, 0xF0,
  0x0F, 0xFC, 0x03, 0xFF, 0x00, 0xFF, 0xC0, 0x3F, 0xF0, 0x07, 0xFE,
  0x01, 0xFF, 0x80, 0x7F, 0xE0, 0x1F, 0xF8, 0x07, 0xFE, 0x01, 0xFF,
  0x80, 0x7F, 0xE0, 0x1F, 0xF8, 0x07, 0xFE, 0x00, 0xFF, 0x80, 0x3F,
  0xF0, 0x0F, 0xFC, 0x03, 0xFF, 0x00, 0xFF, 0xC0, 0x3F, 0xE0, 0x1F,
  0xF8, 0x07, 0xFE, 0x01, 0xFF, 0x80, 0x7F, 0xE0, 0x1F, 0xF8, 0x07,
  0xFE, 0x01, 0xFF, 0x80, 0x7F, 0xE0, 0x1F, 0xF8, 0x0F, 0xFC, 0x03,
  0xFF, 0x00, 0xFF, 0xC0, 0x3F, 0xF0, 0x0F, 0xFC, 0x07, 0xFE, 0x01,
  0xFF, 0x80, 0x7F, 0xE0, 0x3F, 0xF0, 0x0F, 0xFC, 0x03, 0xFF, 0x01,
  0xFF, 0x80, 0x7F, 0xE0, 0x3F, 0xF0, 0x0F, 0xFC, 0x07, 0xFE, 0x01,
  0xFF, 0x80, 0xFF, 0xC0, 0x3F, 0xF0, 0x00, 0x00, 0x3F, 0x00, 0x00,
  0x0F, 0xC0, 0x00, 0x03, 0xF0, 0x00, 0x00, 0xFC, 0x00, 0x10, 0x3F,
  0x03, 0x0F, 0x0F, 0xC1, 0xC7, 0xE3, 0xF1, 0xF9, 0xFE, 0xFD, 0xFE,
  0xFF, 0xFF, 0xFF, 0xFF, 0xFF, 0xFF, 0xF3, 0xFF, 0xFF, 0xF0, 0x3F,
  0xFF, 0xF0, 0x03, 0xFF, 0xF8, 0x00, 0xFF, 0xFC, 0x00, 0x7F, 0xFF,
  0xC0, 0x7F, 0xFF, 0xFC, 0x7F, 0xFF, 0xFF, 0xBF, 0xFF, 0xFF, 0xF7,
  0xFB, 0xF7, 0xFD, 0xFC, 0xFC, 0xFE, 0x3C, 0x3F, 0x0F, 0x0C, 0x0F,
  0xC0, 0xC0, 0x03, 0xF0, 0x00, 0x00, 0xFC, 0x00, 0x00, 0x3F, 0x00,
  0x00, 0x0F, 0xC0, 0x00, 0x00, 0x1F, 0xF0, 0x00, 0x00, 0x3F, 0xE0,
  0x00, 0x00, 0x7F, 0xC0, 0x00, 0x00, 0xFF, 0x80, 0x00, 0x01, 0xFF,
  0x00, 0x00, 0x03, 0xFE, 0x00, 0x00, 0x07, 0xFC, 0x00, 0x00, 0x0F,
  0xF8, 0x00, 0x00, 0x1F, 0xF0, 0x00, 0x00, 0x3F, 0xE0, 0x00, 0x00,
  0x7F, 0xC0, 0x07, 0xFF, 0xFF, 0xFF, 0xFF, 0xFF, 0xFF, 0xFF, 0xFF,
  0xFF, 0xFF, 0xFF, 0xFF, 0xFF, 0xFF, 0xFF, 0xFF, 0xFF, 0xFF, 0xFF,
  0xFF, 0xFF, 0xFF, 0xFF, 0xFF, 0xFF, 0xFF, 0xFF, 0xFF, 0xFF, 0xFF,
  0xF8, 0x00, 0xFF, 0x80, 0x00, 0x01, 0xFF, 0x00, 0x00, 0x03, 0xFE,
  0x00, 0x00, 0x07, 0xFC, 0x00, 0x00, 0x0F, 0xF8, 0x00, 0x00, 0x1F,
  0xF0, 0x00, 0x00, 0x3F, 0xE0, 0x00, 0x00, 0x7F, 0xC0, 0x00, 0x00,
  0xFF, 0x80, 0x00, 0x01, 0xFF, 0x00, 0x00, 0x03, 0xFE, 0x00, 0x00,
  0x0F, 0x81, 0xFF, 0x1F, 0xFC, 0xFF, 0xEF, 0xFF, 0xFF, 0xFF, 0xFF,
  0xFF, 0xFF, 0x7F, 0xFB, 0xFF, 0x8F, 0xFC, 0x3F, 0xE0, 0xFE, 0x0F,
  0xF0, 0x7F, 0x03, 0xF8, 0x3F, 0xC1, 0xFC, 0x0F, 0xE0, 0x7E, 0x07,
  0xF0, 0x3F, 0x80, 0xFF, 0xFF, 0xFF, 0xFF, 0xFF, 0xFF, 0xFF, 0xFF,
  0xFF, 0xFF, 0xFF, 0xFF, 0xFF, 0xFF, 0xFF, 0xFF, 0xFF, 0xFF, 0xFF,
  0x02, 0x00, 0xFE, 0x0F, 0xF8, 0xFF, 0xE7, 0xFF, 0x7F, 0xFF, 0xFF,
  0xFF, 0xFF, 0xFF, 0xFB, 0xFF, 0x9F, 0xFC, 0x7F, 0xC1, 0xFC, 0x01,
  0x00, 0x00, 0x00, 0x07, 0xFC, 0x00, 0x00, 0x1F, 0xF0, 0x00, 0x00,
  0xFF, 0x80, 0x00, 0x03, 0xFE, 0x00, 0x00, 0x0F, 0xF8, 0x00, 0x00,
  0x7F, 0xC0, 0x00, 0x01, 0xFF, 0x00, 0x00, 0x07, 0xFC, 0x00, 0x00,
  0x3F, 0xE0, 0x00, 0x00, 0xFF, 0x80, 0x00, 0x03, 0xFE, 0x00, 0x00,
  0x1F, 0xF0, 0x00, 0x00, 0x7F, 0xC0, 0x00, 0x01, 0xFF, 0x00, 0x00,
  0x0F, 0xF8, 0x00, 0x00, 0x3F, 0xE0, 0x00, 0x00, 0xFF, 0x80, 0x00,
  0x07, 0xFC, 0x00, 0x00, 0x1F, 0xF0, 0x00, 0x00, 0x7F, 0xC0, 0x00,
  0x03, 0xFE, 0x00, 0x00, 0x0F, 0xF8, 0x00, 0x00, 0x3F, 0xE0, 0x00,
  0x01, 0xFF, 0x00, 0x00, 0x07, 0xFC, 0x00, 0x00, 0x3F, 0xF0, 0x00,
  0x00, 0xFF, 0x80, 0x00, 0x03, 0xFE, 0x00, 0x00, 0x1F, 0xF0, 0x00,
  0x00, 0x7F, 0xC0, 0x00, 0x01, 0xFF, 0x00, 0x00, 0x0F, 0xF8, 0x00,
  0x00, 0x3F, 0xE0, 0x00, 0x00, 0xFF, 0x80, 0x00, 0x07, 0xFC, 0x00,
  0x00, 0x1F, 0xF0, 0x00, 0x00, 0x7F, 0xC0, 0x00, 0x03, 0xFE, 0x00,
  0x00, 0x0F, 0xF8, 0x00, 0x00, 0x3F, 0xE0, 0x00, 0x01, 0xFF, 0x00,
  0x00, 0x07, 0xFC, 0x00, 0x00, 0x1F, 0xF0, 0x00, 0x00, 0xFF, 0x80,
  0x00, 0x03, 0xFE, 0x00, 0x00, 0x0F, 0xF8, 0x00, 0x00, 0x7F, 0xC0,
  0x00, 0x01, 0xFF, 0x00, 0x00, 0x07, 0xFC, 0x00, 0x00, 0x3F, 0xE0,
  0x00, 0x00, 0xFF, 0x80, 0x00, 0x07, 0xFE, 0x00, 0x00, 0x1F, 0xF0,
  0x00, 0x00, 0x7F, 0xC0, 0x00, 0x03, 0xFF, 0x00, 0x00, 0x0F, 0xF8,
  0x00, 0x00, 0x3F, 0xE0, 0x00, 0x01, 0xFF, 0x00, 0x00, 0x07, 0xFC,
  0x00, 0x00, 0x1F, 0xF0, 0x00, 0x00, 0xFF, 0x80, 0x00, 0x03, 0xFE,
  0x00, 0x00, 0x00, 0x00, 0x01, 0xFF, 0x00, 0x00, 0x00, 0x1F, 0xFF,
  0xC0, 0x00, 0x00, 0xFF, 0xFF, 0xE0, 0x00, 0x07, 0xFF, 0xFF, 0xE0,
  0x00, 0x1F, 0xFF, 0xFF, 0xE0, 0x00, 0x7F, 0xFF, 0xFF, 0xE0, 0x01,
  0xFF, 0xFF, 0xFF, 0xE0, 0x07, 0xFF, 0xFF, 0xFF, 0xE0, 0x1F, 0xFF,
  0xCF, 0xFF, 0xE0, 0x3F, 0xFC, 0x03, 0xFF, 0xC0, 0xFF, 0xF0, 0x03,
  0xFF, 0xC1, 0xFF, 0xC0, 0x03, 0xFF, 0x87, 0xFF, 0x00, 0x03, 0xFF,
  0x8F, 0xFE, 0x00, 0x07, 0xFF, 0x1F, 0xF8, 0x00, 0x07, 0xFE, 0x7F,
  0xF0, 0x00, 0x0F, 0xFE, 0xFF, 0xE0, 0x00, 0x1F, 0xFD, 0xFF, 0xC0,
  0x00, 0x3F, 0xFB, 0xFF, 0x80, 0x00, 0x3F, 0xF7, 0xFE, 0x00, 0x00,
  0x7F, 0xEF, 0xFC, 0x00, 0x00, 0xFF, 0xDF, 0xF8, 0x00, 0x01, 0xFF,
  0xBF, 0xF0, 0x00, 0x03, 0xFF, 0x7F, 0xE0, 0x00, 0x07, 0xFF, 0xFF,
  0xC0, 0x00, 0x0F, 0xFF, 0xFF, 0x80, 0x00, 0x1F, 0xFF, 0xFF, 0x00,
  0x00, 0x3F, 0xF7, 0xFE, 0x00, 0x00, 0x7F, 0xEF, 0xFC, 0x00, 0x00,
  0xFF, 0xDF, 0xFC, 0x00, 0x01, 0xFF, 0xBF, 0xF8, 0x00, 0x07, 0xFF,
  0x7F, 0xF0, 0x00, 0x0F, 0xFE, 0xFF, 0xE0, 0x00, 0x1F, 0xFC, 0xFF,
  0xC0, 0x00, 0x3F, 0xF1, 0xFF, 0xC0, 0x00, 0xFF, 0xE3, 0xFF, 0x80,
  0x01, 0xFF, 0xC3, 0xFF, 0x80, 0x07, 0xFF, 0x07, 0xFF, 0x80, 0x1F,
  0xFE, 0x07, 0xFF, 0x80, 0x7F, 0xF8, 0x0F, 0xFF, 0xE7, 0xFF, 0xF0,
  0x0F, 0xFF, 0xFF, 0xFF, 0xC0, 0x0F, 0xFF, 0xFF, 0xFF, 0x00, 0x0F,
  0xFF, 0xFF, 0xFC, 0x00, 0x0F, 0xFF, 0xFF, 0xF0, 0x00, 0x0F, 0xFF,
  0xFF, 0xC0, 0x00, 0x07, 0xFF, 0xFF, 0x00, 0x00, 0x07, 0xFF, 0xF8,
  0x00, 0x00, 0x01, 0xFF, 0x00, 0x00, 0xFF, 0xFF, 0xFF, 0xFF, 0xFF,
  0xFF, 0xFF, 0xFF, 0xFF, 0xFF, 0xFF, 0xFF, 0xFF, 0xFF, 0xFF, 0xFF,
  0xFF, 0xFF, 0xFF, 0xFF, 0x00, 0x3F, 0xF0, 0x03, 0xFF, 0x00, 0x3F,
  0xF0, 0x03, 0xFF, 0x00, 0x3F, 0xF0, 0x03, 0xFF, 0x00, 0x3F, 0xF0,
  0x03, 0xFF, 0x00, 0x3F, 0xF0, 0x03, 0xFF, 0x00, 0x3F, 0xF0, 0x03,
  0xFF, 0x00, 0x3F, 0xF0, 0x03, 0xFF, 0x00, 0x3F, 0xF0, 0x03, 0xFF,
  0x00, 0x3F, 0xF0, 0x03, 0xFF, 0x00, 0x3F, 0xF0, 0x03, 0xFF, 0x00,
  0x3F, 0xF0, 0x03, 0xFF, 0x00, 0x3F, 0xF0, 0x03, 0xFF, 0x00, 0x3F,
  0xF0, 0x03, 0xFF, 0x00, 0x3F, 0xF0, 0x03, 0xFF, 0x00, 0x3F, 0xF0,
  0x03, 0xFF, 0x00, 0x3F, 0xF0, 0x03, 0xFF, 0x00, 0x3F, 0xF0, 0x03,
  0xFF, 0x00, 0x3F, 0xF0, 0x03, 0xFF, 0x00, 0x3F, 0xF0, 0x03, 0xFF,
  0x00, 0x07, 0xFE, 0x00, 0x00, 0x03, 0xFF, 0xFF, 0x00, 0x00, 0x7F,
  0xFF, 0xFE, 0x00, 0x0F, 0xFF, 0xFF, 0xF8, 0x01, 0xFF, 0xFF, 0xFF,
  0xE0, 0x1F, 0xFF, 0xFF, 0xFF, 0x81, 0xFF, 0xFF, 0xFF, 0xFE, 0x1F,
  0xFF, 0xFF, 0xFF, 0xF8, 0x7F, 0xFF, 0x3F, 0xFF, 0xC1, 0xFF, 0x80,
  0x1F, 0xFE, 0x07, 0xF0, 0x00, 0x7F, 0xF8, 0x0F, 0x00, 0x01, 0xFF,
  0xC0, 0x30, 0x00, 0x0F, 0xFE, 0x00, 0x80, 0x00, 0x7F, 0xF0, 0x00,
  0x00, 0x03, 0xFF, 0x80, 0x00, 0x00, 0x1F, 0xFC, 0x00, 0x00, 0x00,
  0xFF, 0xE0, 0x00, 0x00, 0x07, 0xFF, 0x00, 0x00, 0x00, 0x7F, 0xF0,
  0x00, 0x00, 0x03, 0xFF, 0x80, 0x00, 0x00, 0x3F, 0xFC, 0x00, 0x00,
  0x03, 0xFF, 0xC0, 0x00, 0x00, 0x3F, 0xFE, 0x00, 0x00, 0x03, 0xFF,
  0xE0, 0x00, 0x00, 0x3F, 0xFE, 0x00, 0x00, 0x03, 0xFF, 0xE0, 0x00,
  0x00, 0x3F, 0xFE, 0x00, 0x00, 0x03, 0xFF, 0xE0, 0x00, 0x00, 0x3F,
  0xFE, 0x00, 0x00, 0x03, 0xFF, 0xE0, 0x00, 0x00, 0x3F, 0xFE, 0x00,
  0x00, 0x03, 0xFF, 0xE0, 0x00, 0x00, 0x3F, 0xFE, 0x00, 0x00, 0x03,
  0xFF, 0xE0, 0x00, 0x00, 0x3F, 0xFE, 0x00, 0x00, 0x03, 0xFF, 0xE0,
  0x00, 0x00, 0x3F, 0xFE, 0x00, 0x00, 0x03, 0xFF, 0xE0, 0x00, 0x00,
  0x3F, 0xFE, 0x00, 0x00, 0x03, 0xFF, 0xFF, 0xFF, 0xFF, 0x3F, 0xFF,
  0xFF, 0xFF, 0xF9, 0xFF, 0xFF, 0xFF, 0xFF, 0xCF, 0xFF, 0xFF, 0xFF,
  0xFE, 0x7F, 0xFF, 0xFF, 0xFF, 0xF3, 0xFF, 0xFF, 0xFF, 0xFF, 0x9F,
  0xFF, 0xFF, 0xFF, 0xFC, 0xFF, 0xFF, 0xFF, 0xFF, 0xE0, 0x3F, 0xFF,
  0xFF, 0xFF, 0xC3, 0xFF, 0xFF, 0xFF, 0xFC, 0x3F, 0xFF, 0xFF, 0xFF,
  0xC3, 0xFF, 0xFF, 0xFF, 0xFC, 0x3F, 0xFF, 0xFF, 0xFF, 0xC3, 0xFF,
  0xFF, 0xFF, 0xFC, 0x3F, 0xFF, 0xFF, 0xFF, 0xC3, 0xFF, 0xFF, 0xFF,
  0xF8, 0x00, 0x00, 0x07, 0xFF, 0x80, 0x00, 0x00, 0x7F, 0xF0, 0x00,
  0x00, 0x0F, 0xFE, 0x00, 0x00, 0x01, 0xFF, 0xC0, 0x00, 0x00, 0x3F,
  0xF8, 0x00, 0x00, 0x07, 0xFF, 0x00, 0x00, 0x00, 0xFF, 0xF0, 0x00,
  0x00, 0x0F, 0xFE, 0x00, 0x00, 0x01, 0xFF, 0xC0, 0x00, 0x00, 0x3F,
  0xF8, 0x00, 0x00, 0x07, 0xFF, 0x00, 0x00, 0x00, 0xFF, 0xFC, 0x00,
  0x00, 0x0F, 0xFF, 0xF8, 0x00, 0x00, 0xFF, 0xFF, 0xE0, 0x00, 0x0F,
  0xFF, 0xFF, 0x00, 0x00, 0xFF, 0xFF, 0xF8, 0x00, 0x0F, 0xFF, 0xFF,
  0xC0, 0x00, 0xFF, 0xFF, 0xFC, 0x00, 0x0F, 0xFF, 0xFF, 0xE0, 0x00,
  0x00, 0x3F, 0xFE, 0x00, 0x00, 0x00, 0xFF, 0xF0, 0x00, 0x00, 0x07,
  0xFF, 0x00, 0x00, 0x00, 0x7F, 0xF0, 0x00, 0x00, 0x07, 0xFF, 0x00,
  0x00, 0x00, 0x3F, 0xF0, 0x00, 0x00, 0x07, 0xFF, 0x08, 0x00, 0x00,
  0x7F, 0xF1, 0xC0, 0x00, 0x07, 0xFF, 0x1F, 0x00, 0x00, 0xFF, 0xE3,
  0xFC, 0x00, 0x3F, 0xFE, 0x3F, 0xFF, 0x3F, 0xFF, 0xE7, 0xFF, 0xFF,
  0xFF, 0xFC, 0x7F, 0xFF, 0xFF, 0xFF, 0x8F, 0xFF, 0xFF, 0xFF, 0xF8,
  0xFF, 0xFF, 0xFF, 0xFF, 0x03, 0xFF, 0xFF, 0xFF, 0xC0, 0x0F, 0xFF,
  0xFF, 0xF8, 0x00, 0x1F, 0xFF, 0xFE, 0x00, 0x00, 0x1F, 0xFE, 0x00,
  0x00, 0x00, 0x00, 0x07, 0xFF, 0x80, 0x00, 0x00, 0x03, 0xFF, 0x80,
  0x00, 0x00, 0x00, 0xFF, 0xE0, 0x00, 0x00, 0x00, 0x7F, 0xF0, 0x00,
  0x00, 0x00, 0x3F, 0xF8, 0x00, 0x00, 0x00, 0x1F, 0xFE, 0x00, 0x00,
  0x00, 0x07, 0xFF, 0x00, 0x00, 0x00, 0x03, 0xFF, 0x80, 0x00, 0x00,
  0x01, 0xFF, 0xC0, 0x00, 0x00, 0x00, 0xFF, 0xF0, 0x00, 0x00, 0x00,
  0x3F, 0xF8, 0x00, 0x00, 0x00, 0x1F, 0xFC, 0x00, 0x00, 0x00, 0x0F,
  0xFF, 0x00, 0x00, 0x00, 0x03, 0xFF, 0x80, 0x00, 0x00, 0x01, 0xFF,
  0xC0, 0x00, 0x00, 0x00, 0xFF, 0xE0, 0x00, 0x00, 0x00, 0x7F, 0xF8,
  0x00, 0x00, 0x00, 0x1F, 0xFC, 0x00, 0x00, 0x00, 0x0F, 0xFE, 0x00,
  0x00, 0x00, 0x07, 0xFF, 0x81, 0xFF, 0x80, 0x03, 0xFF, 0xC0, 0x7F,
  0xE0, 0x00, 0xFF, 0xE0, 0x1F, 0xF8, 0x00, 0x7F, 0xF0, 0x07, 0xFE,
  0x00, 0x3F, 0xFC, 0x01, 0xFF, 0x80, 0x1F, 0xFE, 0x00, 0x7F, 0xE0,
  0x07, 0xFF, 0x00, 0x1F, 0xF8, 0x03, 0xFF, 0x80, 0x07, 0xFE, 0x01,
  0xFF, 0xE0, 0x01, 0xFF, 0x80, 0xFF, 0xFF, 0xFF, 0xFF, 0xFF, 0xFF,
  0xFF, 0xFF, 0xFF, 0xFF, 0xFF, 0xFF, 0xFF, 0xFF, 0xFF, 0xFF, 0xFF,
  0xFF, 0xFF, 0xFF, 0xFF, 0xFF, 0xFF, 0xFF, 0xFF, 0xFF, 0xFF, 0xFF,
  0xFF, 0xFF, 0xFF, 0xFF, 0xFF, 0xFF, 0xFF, 0xFF, 0xFF, 0xFF, 0xFF,
  0xFF, 0xFF, 0xFF, 0x00, 0x00, 0x00, 0x7F, 0xE0, 0x00, 0x00, 0x00,
  0x1F, 0xF8, 0x00, 0x00, 0x00, 0x07, 0xFE, 0x00, 0x00, 0x00, 0x01,
  0xFF, 0x80, 0x00, 0x00, 0x00, 0x7F, 0xE0, 0x00, 0x00, 0x00, 0x1F,
  0xF8, 0x00, 0x00, 0x00, 0x07, 0xFE, 0x00, 0x00, 0x00, 0x01, 0xFF,
  0x80, 0x00, 0x00, 0x00, 0x7F, 0xE0, 0x00, 0x00, 0x00, 0x1F, 0xF8,
  0x00, 0x07, 0xFF, 0xFF, 0xFF, 0x80, 0x7F, 0xFF, 0xFF, 0xF8, 0x07,
  0xFF, 0xFF, 0xFF, 0x80, 0x7F, 0xFF, 0xFF, 0xF8, 0x07, 0xFF, 0xFF,
  0xFF, 0x80, 0x7F, 0xFF, 0xFF, 0xF8, 0x07, 0xFF, 0xFF, 0xFF, 0x80,
  0x7F, 0xFF, 0xFF, 0xF8, 0x07, 0xFC, 0x00, 0x00, 0x00, 0x7F, 0xC0,
  0x00, 0x00, 0x0F, 0xFC, 0x00, 0x00, 0x00, 0xFF, 0xC0, 0x00, 0x00,
  0x0F, 0xFC, 0x00, 0x00, 0x00, 0xFF, 0xC0, 0x00, 0x00, 0x0F, 0xFC,
  0x00, 0x00, 0x00, 0xFF, 0xC0, 0x00, 0x00, 0x0F, 0xFC, 0x00, 0x00,
  0x00, 0xFF, 0x80, 0x00, 0x00, 0x0F, 0xFF, 0xFF, 0x80, 0x00, 0xFF,
  0xFF, 0xFF, 0x00, 0x0F, 0xFF, 0xFF, 0xFC, 0x01, 0xFF, 0xFF, 0xFF,
  0xE0, 0x1F, 0xFF, 0xFF, 0xFF, 0x01, 0xFF, 0xFF, 0xFF, 0xF8, 0x1F,
  0xFF, 0xFF, 0xFF, 0xC1, 0xFF, 0xFF, 0xFF, 0xFE, 0x00, 0x00, 0x0F,
  0xFF, 0xE0, 0x00, 0x00, 0x1F, 0xFE, 0x00, 0x00, 0x00, 0xFF, 0xF0,
  0x00, 0x00, 0x07, 0xFF, 0x00, 0x00, 0x00, 0x7F, 0xF0, 0x00, 0x00,
  0x07, 0xFF, 0x00, 0x00, 0x00, 0x7F, 0xF0, 0x00, 0x00, 0x07, 0xFF,
  0x10, 0x00, 0x00, 0x7F, 0xF1, 0xC0, 0x00, 0x0F, 0xFE, 0x1E, 0x00,
  0x01, 0xFF, 0xE3, 0xFC, 0x00, 0x3F, 0xFE, 0x3F, 0xFF, 0x7F, 0xFF,
  0xC7, 0xFF, 0xFF, 0xFF, 0xFC, 0x7F, 0xFF, 0xFF, 0xFF, 0x8F, 0xFF,
  0xFF, 0xFF, 0xF0, 0xFF, 0xFF, 0xFF, 0xFE, 0x07, 0xFF, 0xFF, 0xFF,
  0xC0, 0x0F, 0xFF, 0xFF, 0xF0, 0x00, 0x3F, 0xFF, 0xFC, 0x00, 0x00,
  0x1F, 0xFE, 0x00, 0x00, 0x00, 0x00, 0x7F, 0xF0, 0x00, 0x00, 0x1F,
  0xFF, 0xF8, 0x00, 0x07, 0xFF, 0xFF, 0xF0, 0x00, 0x7F, 0xFF, 0xFF,
  0xC0, 0x0F, 0xFF, 0xFF, 0xFE, 0x00, 0xFF, 0xFF, 0xFF, 0xE0, 0x0F,
  0xFF, 0xFF, 0xFF, 0x00, 0xFF, 0xFF, 0xFF, 0xF0, 0x0F, 0xFF, 0xFC,
  0xFF, 0x80, 0x7F, 0xFC, 0x00, 0x38, 0x07, 0xFF, 0xC0, 0x00, 0x40,
  0x7F, 0xF8, 0x00, 0x00, 0x03, 0xFF, 0x80, 0x00, 0x00, 0x3F, 0xFC,
  0x00, 0x00, 0x01, 0xFF, 0xC0, 0x00, 0x00, 0x0F, 0xFE, 0x00, 0x00,
  0x00, 0xFF, 0xE0, 0x00, 0x00, 0x07, 0xFF, 0x00, 0x00, 0x00, 0x3F,
  0xF8, 0x1F, 0xF0, 0x01, 0xFF, 0x87, 0xFF, 0xF0, 0x0F, 0xFC, 0xFF,
  0xFF, 0xE0, 0x7F, 0xEF, 0xFF, 0xFF, 0x83, 0xFF, 0xFF, 0xFF, 0xFE,
  0x1F, 0xFF, 0xFF, 0xFF, 0xF8, 0xFF, 0xFF, 0xFF, 0xFF, 0xE7, 0xFF,
  0xFF, 0xFF, 0xFF, 0x3F, 0xFF, 0xFB, 0xFF, 0xFD, 0xFF, 0xFC, 0x01,
  0xFF, 0xEF, 0xFF, 0x80, 0x07, 0xFF, 0xFF, 0xF8, 0x00, 0x1F, 0xFF,
  0xFF, 0xC0, 0x00, 0xFF, 0xFF, 0xFC, 0x00, 0x03, 0xFF, 0xFF, 0xE0,
  0x00, 0x1F, 0xFF, 0xFF, 0x00, 0x00, 0xFF, 0xDF, 0xF8, 0x00, 0x07,
  0xFE, 0xFF, 0xE0, 0x00, 0x7F, 0xF7, 0xFF, 0x00, 0x03, 0xFF, 0x9F,
  0xFC, 0x00, 0x3F, 0xF8, 0xFF, 0xF8, 0x03, 0xFF, 0xC3, 0xFF, 0xFD,
  0xFF, 0xFE, 0x0F, 0xFF, 0xFF, 0xFF, 0xE0, 0x7F, 0xFF, 0xFF, 0xFE,
  0x01, 0xFF, 0xFF, 0xFF, 0xE0, 0x07, 0xFF, 0xFF, 0xFE, 0x00, 0x0F,
  0xFF, 0xFF, 0xE0, 0x00, 0x3F, 0xFF, 0xFE, 0x00, 0x00, 0x7F, 0xFF,
  0xC0, 0x00, 0x00, 0x3F, 0xF0, 0x00, 0xFF, 0xFF, 0xFF, 0xFF, 0xFF,
  0xFF, 0xFF, 0xFF, 0xFF, 0xFF, 0xFF, 0xFF, 0xFF, 0xFF, 0xFF, 0xFF,
  0xFF, 0xFF, 0xFF, 0xFF, 0xFF, 0xFF, 0xFF, 0xFF, 0xFF, 0xFF, 0xFF,
  0xFF, 0xFF, 0xFF, 0xFF, 0xFF, 0xFF, 0xFF, 0xFF, 0xFF, 0xFF, 0x80,
  0x00, 0xFF, 0xEF, 0xF8, 0x00, 0x0F, 0xFE, 0xFF, 0x80, 0x01, 0xFF,
  0xEF, 0xF8, 0x00, 0x1F, 0xFC, 0xFF, 0x80, 0x03, 0xFF, 0xCF, 0xF8,
  0x00, 0x3F, 0xF8, 0xFF, 0x80, 0x07, 0xFF, 0x8F, 0xF8, 0x00, 0x7F,
  0xF0, 0x00, 0x00, 0x07, 0xFF, 0x00, 0x00, 0x00, 0xFF, 0xF0, 0x00,
  0x00, 0x0F, 0xFE, 0x00, 0x00, 0x01, 0xFF, 0xE0, 0x00, 0x00, 0x1F,
  0xFC, 0x00, 0x00, 0x03, 0xFF, 0xC0, 0x00, 0x00, 0x3F, 0xF8, 0x00,
  0x00, 0x03, 0xFF, 0x80, 0x00, 0x00, 0x7F, 0xF8, 0x00, 0x00, 0x07,
  0xFF, 0x00, 0x00, 0x00, 0xFF, 0xF0, 0x00, 0x00, 0x0F, 0xFE, 0x00,
  0x00, 0x01, 0xFF, 0xE0, 0x00, 0x00, 0x1F, 0xFC, 0x00, 0x00, 0x01,
  0xFF, 0xC0, 0x00, 0x00, 0x3F, 0xFC, 0x00, 0x00, 0x03, 0xFF, 0x80,
  0x00, 0x00, 0x7F, 0xF8, 0x00, 0x00, 0x07, 0xFF, 0x00, 0x00, 0x00,
  0xFF, 0xF0, 0x00, 0x00, 0x0F, 0xFE, 0x00, 0x00, 0x01, 0xFF, 0xE0,
  0x00, 0x00, 0x1F, 0xFC, 0x00, 0x00, 0x01, 0xFF, 0xC0, 0x00, 0x00,
  0x3F, 0xFC, 0x00, 0x00, 0x03, 0xFF, 0x80, 0x00, 0x00, 0x7F, 0xF8,
  0x00, 0x00, 0x07, 0xFF, 0x00, 0x00, 0x00, 0xFF, 0xF0, 0x00, 0x00,
  0x0F, 0xFE, 0x00, 0x00, 0x00, 0x03, 0xFF, 0x80, 0x00, 0x00, 0x3F,
  0xFF, 0xE0, 0x00, 0x01, 0xFF, 0xFF, 0xF0, 0x00, 0x0F, 0xFF, 0xFF,
  0xF8, 0x00, 0x3F, 0xFF, 0xFF, 0xF8, 0x00, 0xFF, 0xFF, 0xFF, 0xF8,
  0x03, 0xFF, 0xFF, 0xFF, 0xF8, 0x0F, 0xFF, 0xFF, 0xFF, 0xF8, 0x1F,
  0xFF, 0xEF, 0xFF, 0xF0, 0x7F, 0xFC, 0x01, 0xFF, 0xE0, 0xFF, 0xF0,
  0x01, 0xFF, 0xE1, 0xFF, 0xC0, 0x01, 0xFF, 0xC3, 0xFF, 0x80, 0x03,
  0xFF, 0x87, 0xFE, 0x00, 0x07, 0xFF, 0x0F, 0xFC, 0x00, 0x07, 0xFE,
  0x1F, 0xF8, 0x00, 0x1F, 0xFC, 0x3F, 0xF8, 0x00, 0x3F, 0xF8, 0x3F,
  0xF0, 0x00, 0x7F, 0xE0, 0x7F, 0xF0, 0x01, 0xFF, 0xC0, 0xFF, 0xF8,
  0x0F, 0xFF, 0x00, 0xFF, 0xFF, 0xFF, 0xFE, 0x00, 0xFF, 0xFF, 0xFF,
  0xF8, 0x00, 0xFF, 0xFF, 0xFF, 0xE0, 0x00, 0xFF, 0xFF, 0xFF, 0x80,
  0x07, 0xFF, 0xFF, 0xFF, 0xC0, 0x1F, 0xFF, 0xFF, 0xFF, 0xC0, 0x7F,
  0xFF, 0xFF, 0xFF, 0xC1, 0xFF, 0xF8, 0x0F, 0xFF, 0xC3, 0xFF, 0x80,
  0x07, 0xFF, 0x8F, 0xFE, 0x00, 0x03, 0xFF, 0x9F, 0xFC, 0x00, 0x07,
  0xFF, 0x7F, 0xF0, 0x00, 0x07, 0xFE, 0xFF, 0xE0, 0x00, 0x0F, 0xFF,
  0xFF, 0xC0, 0x00, 0x1F, 0xFF, 0xFF, 0x80, 0x00, 0x3F, 0xFF, 0xFF,
  0x00, 0x00, 0x7F, 0xFF, 0xFF, 0x00, 0x01, 0xFF, 0xCF, 0xFF, 0x00,
  0x07, 0xFF, 0x9F, 0xFF, 0x00, 0x1F, 0xFF, 0x3F, 0xFF, 0xF7, 0xFF,
  0xFC, 0x3F, 0xFF, 0xFF, 0xFF, 0xF8, 0x3F, 0xFF, 0xFF, 0xFF, 0xE0,
  0x3F, 0xFF, 0xFF, 0xFF, 0x80, 0x3F, 0xFF, 0xFF, 0xFE, 0x00, 0x3F,
  0xFF, 0xFF, 0xF8, 0x00, 0x1F, 0xFF, 0xFF, 0xC0, 0x00, 0x0F, 0xFF,
  0xFE, 0x00, 0x00, 0x01, 0xFF, 0xC0, 0x00, 0x00, 0x07, 0xFE, 0x00,
  0x00, 0x00, 0xFF, 0xFF, 0x00, 0x00, 0x0F, 0xFF, 0xFF, 0x00, 0x00,
  0xFF, 0xFF, 0xFF, 0x00, 0x07, 0xFF, 0xFF, 0xFE, 0x00, 0x3F, 0xFF,
  0xFF, 0xFC, 0x01, 0xFF, 0xFF, 0xFF, 0xF8, 0x07, 0xFF, 0xFF, 0xFF,
  0xF0, 0x3F, 0xFF, 0xDF, 0xFF, 0xC1, 0xFF, 0xF0, 0x07, 0xFF, 0x87,
  0xFF, 0x00, 0x0F, 0xFE, 0x1F, 0xFC, 0x00, 0x1F, 0xFC, 0x7F, 0xE0,
  0x00, 0x3F, 0xF3, 0xFF, 0x80, 0x00, 0xFF, 0xEF, 0xFE, 0x00, 0x03,
  0xFF, 0xBF, 0xF8, 0x00, 0x0F, 0xFE, 0xFF, 0xE0, 0x00, 0x3F, 0xFB,
  0xFF, 0x80, 0x00, 0xFF, 0xE7, 0xFE, 0x00, 0x07, 0xFF, 0xDF, 0xFC,
  0x00, 0x1F, 0xFF, 0x7F, 0xF8, 0x01, 0xFF, 0xFD, 0xFF, 0xF8, 0x1F,
  0xFF, 0xF3, 0xFF, 0xFF, 0xFF, 0xFF, 0xCF, 0xFF, 0xFF, 0xFF, 0xFF,
  0x1F, 0xFF, 0xFF, 0xFF, 0xFC, 0x3F, 0xFF, 0xFF, 0xFF, 0xF0, 0x7F,
  0xFF, 0xFF, 0xFF, 0xC0, 0xFF, 0xFF, 0xF7, 0xFF, 0x00, 0xFF, 0xFF,
  0x1F, 0xF8, 0x00, 0xFF, 0xF0, 0x7F, 0xE0, 0x00, 0x00, 0x01, 0xFF,
  0x80, 0x00, 0x00, 0x0F, 0xFE, 0x00, 0x00, 0x00, 0x3F, 0xF8, 0x00,
  0x00, 0x01, 0xFF, 0xC0, 0x00, 0x00, 0x07, 0xFF, 0x00, 0x00, 0x00,
  0x3F, 0xFC, 0x00, 0x00, 0x01, 0xFF, 0xE0, 0x08, 0x00, 0x0F, 0xFF,
  0x00, 0x70, 0x00, 0xFF, 0xFC, 0x01, 0xFF, 0x7F, 0xFF, 0xE0, 0x0F,
  0xFF, 0xFF, 0xFF, 0x00, 0x3F, 0xFF, 0xFF, 0xF8, 0x01, 0xFF, 0xFF,
  0xFF, 0xC0, 0x07, 0xFF, 0xFF, 0xFE, 0x00, 0x3F, 0xFF, 0xFF, 0xF0,
  0x00, 0x7F, 0xFF, 0xFF, 0x00, 0x00, 0x7F, 0xFF, 0xF0, 0x00, 0x00,
  0x1F, 0xFC, 0x00, 0x00, 0x02, 0x00, 0xFE, 0x0F, 0xF8, 0xFF, 0xE7,
  0xFF, 0x7F, 0xFF, 0xFF, 0xFF, 0xFF, 0xFF, 0xFB, 0xFF, 0x9F, 0xFC,
  0x7F, 0xC1, 0xFC, 0x01, 0x00, 0x00, 0x00, 0x00, 0x00, 0x00, 0x00,
  0x00, 0x00, 0x00, 0x00, 0x00, 0x00, 0x00, 0x00, 0x00, 0x40, 0x1F,
  0xC1, 0xFF, 0x1F, 0xFC, 0xFF, 0xEF, 0xFF, 0xFF, 0xFF, 0xFF, 0xFF,
  0xFF, 0x7F, 0xF3, 0xFF, 0x8F, 0xF8, 0x3F, 0x80, 0x20, 0x00, 0x02,
  0x00, 0xFE, 0x0F, 0xF8, 0xFF, 0xE7, 0xFF, 0x7F, 0xFF, 0xFF, 0xFF,
  0xFF, 0xFF, 0xFB, 0xFF, 0x9F, 0xFC, 0x7F, 0xC1, 0xFC, 0x01, 0x00,
  0x00, 0x00, 0x00, 0x00, 0x00, 0x00, 0x00, 0x00, 0x00, 0x00, 0x00,
  0x00, 0x00, 0x00, 0x00, 0x00, 0x0F, 0x81, 0xFF, 0x1F, 0xFC, 0xFF,
  0xEF, 0xFF, 0xFF, 0xFF, 0xFF, 0xFF, 0xFF, 0x7F, 0xFB, 0xFF, 0x8F,
  0xFC, 0x3F, 0xE0, 0xFE, 0x0F, 0xF0, 0x7F, 0x03, 0xF8, 0x3F, 0xC1,
  0xFC, 0x0F, 0xE0, 0x7E, 0x07, 0xF0, 0x3F, 0x80, 0x00, 0x00, 0x00,
  0x02, 0x00, 0x00, 0x00, 0x1C, 0x00, 0x00, 0x01, 0xF8, 0x00, 0x00,
  0x1F, 0xF0, 0x00, 0x00, 0xFF, 0xE0, 0x00, 0x0F, 0xFF, 0xC0, 0x00,
  0x7F, 0xFF, 0x80, 0x07, 0xFF, 0xFF, 0x00, 0x7F, 0xFF, 0xFE, 0x03,
  0xFF, 0xFF, 0xE0, 0x3F, 0xFF, 0xFE, 0x03, 0xFF, 0xFF, 0xE0, 0x0F,
  0xFF, 0xFF, 0x00, 0x1F, 0xFF, 0xF0, 0x00, 0x3F, 0xFF, 0x00, 0x00,
  0x7F, 0xF0, 0x00, 0x00, 0xFF, 0xC0, 0x00, 0x01, 0xFF, 0xF0, 0x00,
  0x03, 0xFF, 0xFC, 0x00, 0x07, 0xFF, 0xFE, 0x00, 0x0F, 0xFF, 0xFF,
  0x80, 0x03, 0xFF, 0xFF, 0xE0, 0x01, 0xFF, 0xFF, 0xF8, 0x00, 0x7F,
  0xFF, 0xFC, 0x00, 0x1F, 0xFF, 0xFE, 0x00, 0x0F, 0xFF, 0xFC, 0x00,
  0x03, 0xFF, 0xF8, 0x00, 0x01, 0xFF, 0xF0, 0x00, 0x00, 0x7F, 0xE0,
  0x00, 0x00, 0x1F, 0xC0, 0x00, 0x00, 0x0F, 0x80, 0x00, 0x00, 0x03,
  0xFF, 0xFF, 0xFF, 0xFF, 0xFF, 0xFF, 0xFF, 0xFF, 0xFF, 0xFF, 0xFF,
  0xFF, 0xFF, 0xFF, 0xFF, 0xFF, 0xFF, 0xFF, 0xFF, 0xFF, 0xFF, 0xFF,
  0xFF, 0xFF, 0xFF, 0xFF, 0xFF, 0xFF, 0xFF, 0xFF, 0xFF, 0x00, 0x00,
  0x00, 0x00, 0x00, 0x00, 0x00, 0x00, 0x00, 0x00, 0x00, 0x00, 0x00,
  0x00, 0x00, 0x00, 0x00, 0x00, 0x00, 0x00, 0x00, 0x00, 0x00, 0x00,
  0x00, 0x00, 0x00, 0x00, 0x00, 0x00, 0x00, 0x00, 0x00, 0x00, 0x01,
  0xFF, 0xFF, 0xFF, 0xFF, 0xFF, 0xFF, 0xFF, 0xFF, 0xFF, 0xFF, 0xFF,
  0xFF, 0xFF, 0xFF, 0xFF, 0xFF, 0xFF, 0xFF, 0xFF, 0xFF, 0xFF, 0xFF,
  0xFF, 0xFF, 0xFF, 0xFF, 0xFF, 0xFF, 0xFF, 0xFF, 0xFE, 0x80, 0x00,
  0x00, 0x01, 0xC0, 0x00, 0x00, 0x03, 0xF0, 0x00, 0x00, 0x07, 0xFC,
  0x00, 0x00, 0x0F, 0xFE, 0x00, 0x00, 0x1F, 0xFF, 0x80, 0x00, 0x3F,
  0xFF, 0xC0, 0x00, 0x7F, 0xFF, 0xF0, 0x00, 0x7F, 0xFF, 0xFC, 0x00,
  0x3F, 0xFF, 0xFE, 0x00, 0x0F, 0xFF, 0xFF, 0x80, 0x03, 0xFF, 0xFF,
  0xE0, 0x01, 0xFF, 0xFF, 0xE0, 0x00, 0x7F, 0xFF, 0xC0, 0x00, 0x1F,
  0xFF, 0x80, 0x00, 0x07, 0xFF, 0x00, 0x00, 0x07, 0xFE, 0x00, 0x00,
  0x7F, 0xFC, 0x00, 0x07, 0xFF, 0xF8, 0x00, 0x3F, 0xFF, 0xF0, 0x03,
  0xFF, 0xFF, 0xE0, 0x3F, 0xFF, 0xFE, 0x03, 0xFF, 0xFF, 0xF0, 0x1F,
  0xFF, 0xFF, 0x00, 0xFF, 0xFF, 0xF0, 0x01, 0xFF, 0xFF, 0x80, 0x03,
  0xFF, 0xF8, 0x00, 0x07, 0xFF, 0x80, 0x00, 0x0F, 0xFC, 0x00, 0x00,
  0x1F, 0xC0, 0x00, 0x00, 0x3E, 0x00, 0x00, 0x00, 0x60, 0x00, 0x00,
  0x00, 0x00, 0x07, 0xFF, 0x00, 0x00, 0x0F, 0xFF, 0xFC, 0x00, 0x07,
  0xFF, 0xFF, 0xE0, 0x03, 0xFF, 0xFF, 0xFF, 0x00, 0xFF, 0xFF, 0xFF,
  0xF0, 0x3F, 0xFF, 0xFF, 0xFF, 0x0F, 0xFF, 0xFF, 0xFF, 0xE3, 0xFF,
  0xFF, 0xFF, 0xFE, 0xFF, 0xFF, 0xBF, 0xFF, 0xCF, 0xFE, 0x00, 0x7F,
  0xFC, 0x7F, 0x80, 0x07, 0xFF, 0x83, 0xC0, 0x00, 0x7F, 0xF0, 0x30,
  0x00, 0x0F, 0xFE, 0x00, 0x00, 0x01, 0xFF, 0xC0, 0x00, 0x00, 0x3F,
  0xF8, 0x00, 0x00, 0x07, 0xFE, 0x00, 0x00, 0x01, 0xFF, 0xC0, 0x00,
  0x00, 0x3F, 0xF8, 0x00, 0x00, 0x0F, 0xFE, 0x00, 0x00, 0x03, 0xFF,
  0x80, 0x00, 0x00, 0xFF, 0xF0, 0x00, 0x00, 0x3F, 0xFC, 0x00, 0x00,
  0x0F, 0xFF, 0x00, 0x00, 0x03, 0xFF, 0xC0, 0x00, 0x00, 0xFF, 0xE0,
  0x00, 0x00, 0x3F, 0xF8, 0x00, 0x00, 0x07, 0xFF, 0x00, 0x00, 0x00,
  0xFF, 0xC0, 0x00, 0x00, 0x3F, 0xF0, 0x00, 0x00, 0x07, 0xFE, 0x00,
  0x00, 0x00, 0xFF, 0xC0, 0x00, 0x00, 0x00, 0x00, 0x00, 0x00, 0x00,
  0x00, 0x00, 0x00, 0x00, 0x00, 0x00, 0x00, 0x00, 0x00, 0x00, 0x00,
  0x00, 0x00, 0x08, 0x00, 0x00, 0x00, 0x1F, 0xE0, 0x00, 0x00, 0x07,
  0xFE, 0x00, 0x00, 0x00, 0xFF, 0xE0, 0x00, 0x00, 0x3F, 0xFC, 0x00,
  0x00, 0x07, 0xFF, 0x80, 0x00, 0x00, 0xFF, 0xF0, 0x00, 0x00, 0x1F,
  0xFE, 0x00, 0x00, 0x03, 0xFF, 0xC0, 0x00, 0x00, 0x3F, 0xF0, 0x00,
  0x00, 0x07, 0xFE, 0x00, 0x00, 0x00, 0x7F, 0x80, 0x00, 0x00, 0x01,
  0x80, 0x00, 0x00, 0x00, 0x00, 0x7F, 0xF8, 0x00, 0x00, 0x00, 0x00,
  0x00, 0x3F, 0xFF, 0xFF, 0x00, 0x00, 0x00, 0x00, 0x07, 0xFF, 0xFF,
  0xFF, 0x00, 0x00, 0x00, 0x00, 0x7F, 0xFF, 0xFF, 0xFF, 0x80, 0x00,
  0x00, 0x07, 0xFF, 0xFF, 0xFF, 0xFF, 0x00, 0x00, 0x00, 0x3F, 0xFF,
  0xFF, 0xFF, 0xFF, 0x00, 0x00, 0x01, 0xFF, 0xFC, 0x00, 0xFF, 0xFE,
  0x00, 0x00, 0x1F, 0xFF, 0x00, 0x00, 0x3F, 0xFC, 0x00, 0x00, 0xFF,
  0xE0, 0x00, 0x00, 0x1F, 0xFC, 0x00, 0x07, 0xFF, 0x00, 0x00, 0x00,
  0x1F, 0xF0, 0x00, 0x3F, 0xF0, 0x00, 0x00, 0x00, 0x3F, 0xE0, 0x00,
  0xFF, 0x80, 0x00, 0x00, 0x00, 0x7F, 0xC0, 0x07, 0xFC, 0x00, 0x00,
  0x00, 0x00, 0x7F, 0x80, 0x3F, 0xE0, 0x00, 0x00, 0x00, 0x01, 0xFF,
  0x00, 0xFF, 0x00, 0x0F, 0xF0, 0x3F, 0xE3, 0xFC, 0x07, 0xF8, 0x00,
  0xFF, 0xF8, 0xFF, 0x87, 0xF8, 0x3F, 0xE0, 0x0F, 0xFF, 0xF3, 0xFE,
  0x0F, 0xE0, 0xFF, 0x00, 0x7F, 0xFF, 0xEF, 0xF8, 0x3F, 0xC3, 0xF8,
  0x03, 0xFF, 0xFF, 0xFF, 0xE0, 0x7F, 0x1F, 0xE0, 0x1F, 0xFF, 0xFF,
  0xFF, 0x81, 0xFC, 0x7F, 0x80, 0xFF, 0xFF, 0xFF, 0xFE, 0x03, 0xF9,
  0xFC, 0x03, 0xFF, 0xFF, 0xFF, 0xF8, 0x0F, 0xEF, 0xF0, 0x1F, 0xFE,
  0x07, 0xFF, 0xE0, 0x3F, 0xBF, 0xC0, 0x7F, 0xF0, 0x07, 0xFF, 0x80,
  0x7E, 0xFE, 0x03, 0xFF, 0x00, 0x0F, 0xFE, 0x01, 0xFB, 0xF8, 0x0F,
  0xFC, 0x00, 0x1F, 0xF8, 0x07, 0xFF, 0xE0, 0x3F, 0xE0, 0x00, 0x3F,
  0xE0, 0x1F, 0xFF, 0x80, 0xFF, 0x80, 0x00, 0xFF, 0x80, 0x7F, 0xFE,
  0x07, 0xFE, 0x00, 0x03, 0xFE, 0x01, 0xFF, 0xF8, 0x1F, 0xF0, 0x00,
  0x0F, 0xF8, 0x07, 0xFF, 0xE0, 0x7F, 0xC0, 0x00, 0x1F, 0xE0, 0x1F,
  0xFF, 0x81, 0xFF, 0x00, 0x00, 0xFF, 0x80, 0x7F, 0xFE, 0x07, 0xFC,
  0x00, 0x03, 0xFE, 0x01, 0xFF, 0xF8, 0x0F, 0xF8, 0x00, 0x0F, 0xF8,
  0x07, 0xEF, 0xE0, 0x3F, 0xE0, 0x00, 0x3F, 0xE0, 0x1F, 0xBF, 0x80,
  0xFF, 0x80, 0x01, 0xFF, 0x80, 0x7E, 0xFE, 0x03, 0xFF, 0x00, 0x07,
  0xFE, 0x03, 0xFB, 0xFC, 0x0F, 0xFE, 0x00, 0x3F, 0xF8, 0x0F, 0xE7,
  0xF0, 0x1F, 0xFC, 0x01, 0xFF, 0xF0, 0x7F, 0x1F, 0xC0, 0x7F, 0xFF,
  0xFF, 0xFF, 0xC1, 0xFC, 0x7F, 0x80, 0xFF, 0xFF, 0xFF, 0xFF, 0xFF,
  0xE1, 0xFE, 0x01, 0xFF, 0xFF, 0xFF, 0xFF, 0xFF, 0x83, 0xFC, 0x07,
  0xFF, 0xFF, 0xEF, 0xFF, 0xFC, 0x0F, 0xF0, 0x0F, 0xFF, 0xFF, 0x3F,
  0xFF, 0xE0, 0x1F, 0xE0, 0x0F, 0xFF, 0xF8, 0x7F, 0xFF, 0x00, 0x7F,
  0xC0, 0x1F, 0xFF, 0xC0, 0xFF, 0xF8, 0x00, 0xFF, 0x00, 0x1F, 0xFC,
  0x01, 0xFF, 0x80, 0x01, 0xFE, 0x00, 0x02, 0x00, 0x00, 0x20, 0x00,
  0x07, 0xFC, 0x00, 0x00, 0x00, 0x00, 0x00, 0x00, 0x0F, 0xF8, 0x00,
  0x00, 0x00, 0x00, 0x00, 0x00, 0x1F, 0xF8, 0x00, 0x00, 0x00, 0x00,
  0x00, 0x00, 0x3F, 0xF0, 0x00, 0x00, 0x00, 0x00, 0x00, 0x00, 0x7F,
  0xF0, 0x00, 0x00, 0x70, 0x00, 0x00, 0x00, 0xFF, 0xF8, 0x00, 0x0F,
  0xC0, 0x00, 0x00, 0x01, 0xFF, 0xFF, 0xFF, 0xFF, 0x80, 0x00, 0x00,
  0x01, 0xFF, 0xFF, 0xFF, 0xFE, 0x00, 0x00, 0x00, 0x03, 0xFF, 0xFF,
  0xFF, 0xF8, 0x00, 0x00, 0x00, 0x03, 0xFF, 0xFF, 0xFF, 0xF0, 0x00,
  0x00, 0x00, 0x01, 0xFF, 0xFF, 0xFE, 0x00, 0x00, 0x00, 0x00, 0x00,
  0xFF, 0xFF, 0xC0, 0x00, 0x00, 0x00, 0x00, 0x00, 0x07, 0x00, 0x00,
  0x00, 0x00, 0x00, 0x00, 0x0F, 0xFE, 0x00, 0x00, 0x00, 0x00, 0x01,
  0xFF, 0xE0, 0x00, 0x00, 0x00, 0x00, 0x3F, 0xFC, 0x00, 0x00, 0x00,
  0x00, 0x0F, 0xFF, 0xC0, 0x00, 0x00, 0x00, 0x01, 0xFF, 0xF8, 0x00,
  0x00, 0x00, 0x00, 0x7F, 0xFF, 0x80, 0x00, 0x00, 0x00, 0x0F, 0xFF,
  0xF0, 0x00, 0x00, 0x00, 0x03, 0xFF, 0xFE, 0x00, 0x00, 0x00, 0x00,
  0x7F, 0xFF, 0xE0, 0x00, 0x00, 0x00, 0x1F, 0xFF, 0xFC, 0x00, 0x00,
  0x00, 0x03, 0xFF, 0xFF, 0xC0, 0x00, 0x00, 0x00, 0x7F, 0xDF, 0xF8,
  0x00, 0x00, 0x00, 0x1F, 0xF9, 0xFF, 0x80, 0x00, 0x00, 0x03, 0xFF,
  0x3F, 0xF0, 0x00, 0x00, 0x00, 0xFF, 0xC7, 0xFF, 0x00, 0x00, 0x00,
  0x1F, 0xF8, 0x7F, 0xE0, 0x00, 0x00, 0x07, 0xFE, 0x0F, 0xFC, 0x00,
  0x00, 0x00, 0xFF, 0xC0, 0xFF, 0xC0, 0x00, 0x00, 0x1F, 0xF8, 0x1F,
  0xF8, 0x00, 0x00, 0x07, 0xFE, 0x03, 0xFF, 0x80, 0x00, 0x00, 0xFF,
  0xC0, 0x3F, 0xF0, 0x00, 0x00, 0x3F, 0xF0, 0x07, 0xFF, 0x00, 0x00,
  0x07, 0xFE, 0x00, 0x7F, 0xE0, 0x00, 0x01, 0xFF, 0x80, 0x0F, 0xFC,
  0x00, 0x00, 0x3F, 0xF0, 0x00, 0xFF, 0xC0, 0x00, 0x0F, 0xFE, 0x00,
  0x1F, 0xF8, 0x00, 0x01, 0xFF, 0x80, 0x03, 0xFF, 0x80, 0x00, 0x3F,
  0xF0, 0x00, 0x3F, 0xF0, 0x00, 0x0F, 0xFF, 0xFF, 0xFF, 0xFF, 0x00,
  0x01, 0xFF, 0xFF, 0xFF, 0xFF, 0xE0, 0x00, 0x7F, 0xFF, 0xFF, 0xFF,
  0xFE, 0x00, 0x0F, 0xFF, 0xFF, 0xFF, 0xFF, 0xC0, 0x03, 0xFF, 0xFF,
  0xFF, 0xFF, 0xF8, 0x00, 0x7F, 0xFF, 0xFF, 0xFF, 0xFF, 0x80, 0x1F,
  0xFF, 0xFF, 0xFF, 0xFF, 0xF0, 0x03, 0xFF, 0xFF, 0xFF, 0xFF, 0xFF,
  0x00, 0x7F, 0xE0, 0x00, 0x00, 0xFF, 0xE0, 0x1F, 0xFC, 0x00, 0x00,
  0x0F, 0xFE, 0x03, 0xFF, 0x00, 0x00, 0x01, 0xFF, 0xC0, 0xFF, 0xE0,
  0x00, 0x00, 0x1F, 0xFC, 0x1F, 0xFC, 0x00, 0x00, 0x03, 0xFF, 0x87,
  0xFF, 0x00, 0x00, 0x00, 0x3F, 0xF0, 0xFF, 0xE0, 0x00, 0x00, 0x07,
  0xFF, 0x1F, 0xF8, 0x00, 0x00, 0x00, 0xFF, 0xE7, 0xFF, 0x00, 0x00,
  0x00, 0x0F, 0xFF, 0xFF, 0xC0, 0x00, 0x00, 0x01, 0xFF, 0xC0, 0xFF,
  0xFF, 0xFF, 0xF8, 0x00, 0x3F, 0xFF, 0xFF, 0xFF, 0xC0, 0x0F, 0xFF,
  0xFF, 0xFF, 0xFC, 0x03, 0xFF, 0xFF, 0xFF, 0xFF, 0xC0, 0xFF, 0xFF,
  0xFF, 0xFF, 0xF8, 0x3F, 0xFF, 0xFF, 0xFF, 0xFF, 0x0F, 0xFF, 0xFF,
  0xFF, 0xFF, 0xC3, 0xFF, 0xFF, 0xFF, 0xFF, 0xF8, 0xFF, 0xE0, 0x03,
  0xFF, 0xFE, 0x3F, 0xF8, 0x00, 0x07, 0xFF, 0xCF, 0xFE, 0x00, 0x00,
  0xFF, 0xF3, 0xFF, 0x80, 0x00, 0x1F, 0xFC, 0xFF, 0xE0, 0x00, 0x07,
  0xFF, 0x3F, 0xF8, 0x00, 0x01, 0xFF, 0xCF, 0xFE, 0x00, 0x00, 0x7F,
  0xF3, 0xFF, 0x80, 0x00, 0x1F, 0xF8, 0xFF, 0xE0, 0x00, 0x0F, 0xFE,
  0x3F, 0xF8, 0x00, 0x07, 0xFF, 0x8F, 0xFE, 0x00, 0x07, 0xFF, 0xC3,
  0xFF, 0xFF, 0xFF, 0xFF, 0xE0, 0xFF, 0xFF, 0xFF, 0xFF, 0xF0, 0x3F,
  0xFF, 0xFF, 0xFF, 0xF8, 0x0F, 0xFF, 0xFF, 0xFF, 0xFC, 0x03, 0xFF,
  0xFF, 0xFF, 0xFF, 0xC0, 0xFF, 0xFF, 0xFF, 0xFF, 0xFC, 0x3F, 0xFF,
  0xFF, 0xFF, 0xFF, 0x8F, 0xFF, 0xFF, 0xFF, 0xFF, 0xF3, 0xFF, 0x80,
  0x00, 0x7F, 0xFE, 0xFF, 0xE0, 0x00, 0x03, 0xFF, 0xBF, 0xF8, 0x00,
  0x00, 0x7F, 0xFF, 0xFE, 0x00, 0x00, 0x1F, 0xFF, 0xFF, 0x80, 0x00,
  0x07, 0xFF, 0xFF, 0xE0, 0x00, 0x00, 0xFF, 0xFF, 0xF8, 0x00, 0x00,
  0x7F, 0xFF, 0xFE, 0x00, 0x00, 0x1F, 0xFF, 0xFF, 0x80, 0x00, 0x0F,
  0xFF, 0xFF, 0xE0, 0x00, 0x07, 0xFF, 0xFF, 0xF8, 0x00, 0x3F, 0xFF,
  0xFF, 0xFF, 0xFF, 0xFF, 0xFF, 0xFB, 0xFF, 0xFF, 0xFF, 0xFF, 0xFE,
  0xFF, 0xFF, 0xFF, 0xFF, 0xFF, 0x3F, 0xFF, 0xFF, 0xFF, 0xFF, 0x8F,
  0xFF, 0xFF, 0xFF, 0xFF, 0xC3, 0xFF, 0xFF, 0xFF, 0xFF, 0xC0, 0xFF,
  0xFF, 0xFF, 0xFF, 0xC0, 0x3F, 0xFF, 0xFF, 0xFF, 0x00, 0x00, 0x00,
  0x00, 0x1F, 0xFC, 0x00, 0x00, 0x00, 0x3F, 0xFF, 0xF0, 0x00, 0x00,
  0x1F, 0xFF, 0xFF, 0xC0, 0x00, 0x0F, 0xFF, 0xFF, 0xFE, 0x00, 0x07,
  0xFF, 0xFF, 0xFF, 0xE0, 0x01, 0xFF, 0xFF, 0xFF, 0xFE, 0x00, 0x7F,
  0xFF, 0xFF, 0xFF, 0xF0, 0x1F, 0xFF, 0xFF, 0xFF, 0xFE, 0x07, 0xFF,
  0xFF, 0xFF, 0xFF, 0xE1, 0xFF, 0xFF, 0x01, 0xFF, 0xF8, 0x7F, 0xFF,
  0x00, 0x07, 0xFE, 0x0F, 0xFF, 0x80, 0x00, 0x3F, 0x83, 0xFF, 0xE0,
  0x00, 0x03, 0xE0, 0x7F, 0xF8, 0x00, 0x00, 0x38, 0x1F, 0xFE, 0x00,
  0x00, 0x02, 0x03, 0xFF, 0x80, 0x00, 0x00, 0x00, 0x7F, 0xF0, 0x00,
  0x00, 0x00, 0x1F, 0xFC, 0x00, 0x00, 0x00, 0x03, 0xFF, 0x80, 0x00,
  0x00, 0x00, 0x7F, 0xF0, 0x00, 0x00, 0x00, 0x0F, 0xFC, 0x00, 0x00,
  0x00, 0x01, 0xFF, 0x80, 0x00, 0x00, 0x00, 0x3F, 0xF0, 0x00, 0x00,
  0x00, 0x07, 0xFE, 0x00, 0x00, 0x00, 0x00, 0xFF, 0xC0, 0x00, 0x00,
  0x00, 0x1F, 0xF8, 0x00, 0x00, 0x00, 0x03, 0xFF, 0x00, 0x00, 0x00,
  0x00, 0x7F, 0xE0, 0x00, 0x00, 0x00, 0x0F, 0xFE, 0x00, 0x00, 0x00,
  0x01, 0xFF, 0xC0, 0x00, 0x00, 0x00, 0x3F, 0xF8, 0x00, 0x00, 0x00,
  0x03, 0xFF, 0x80, 0x00, 0x00, 0x00, 0x7F, 0xF0, 0x00, 0x00, 0x00,
  0x0F, 0xFF, 0x00, 0x00, 0x00, 0x00, 0xFF, 0xF0, 0x00, 0x00, 0x60,
  0x1F, 0xFF, 0x00, 0x00, 0x1E, 0x01, 0xFF, 0xF0, 0x00, 0x07, 0xE0,
  0x3F, 0xFF, 0x80, 0x03, 0xFE, 0x03, 0xFF, 0xFE, 0x01, 0xFF, 0xE0,
  0x3F, 0xFF, 0xFF, 0xFF, 0xFF, 0x03, 0xFF, 0xFF, 0xFF, 0xFF, 0xC0,
  0x3F, 0xFF, 0xFF, 0xFF, 0xF8, 0x03, 0xFF, 0xFF, 0xFF, 0xFC, 0x00,
  0x3F, 0xFF, 0xFF, 0xFF, 0x00, 0x01, 0xFF, 0xFF, 0xFF, 0xC0, 0x00,
  0x0F, 0xFF, 0xFF, 0xE0, 0x00, 0x00, 0x7F, 0xFF, 0xE0, 0x00, 0x00,
  0x00, 0xFF, 0xE0, 0x00, 0xFF, 0xFF, 0xFF, 0xE0, 0x00, 0x03, 0xFF,
  0xFF, 0xFF, 0xF8, 0x00, 0x0F, 0xFF, 0xFF, 0xFF, 0xF8, 0x00, 0x3F,
  0xFF, 0xFF, 0xFF, 0xF8, 0x00, 0xFF, 0xFF, 0xFF, 0xFF, 0xF8, 0x03,
  0xFF, 0xFF, 0xFF, 0xFF, 0xF0, 0x0F, 0xFF, 0xFF, 0xFF, 0xFF, 0xE0,
  0x3F, 0xFF, 0xFF, 0xFF, 0xFF, 0xC0, 0xFF, 0xE0, 0x07, 0xFF, 0xFF,
  0x83, 0xFF, 0x80, 0x00, 0x7F, 0xFF, 0x0F, 0xFE, 0x00, 0x00, 0x7F,
  0xFE, 0x3F, 0xF8, 0x00, 0x00, 0xFF, 0xF8, 0xFF, 0xE0, 0x00, 0x00,
  0xFF, 0xF3, 0xFF, 0x80, 0x00, 0x03, 0xFF, 0xCF, 0xFE, 0x00, 0x00,
  0x07, 0xFF, 0xBF, 0xF8, 0x00, 0x00, 0x0F, 0xFE, 0xFF, 0xE0, 0x00,
  0x00, 0x3F, 0xFB, 0xFF, 0x80, 0x00, 0x00, 0x7F, 0xFF, 0xFE, 0x00,
  0x00, 0x01, 0xFF, 0xFF, 0xF8, 0x00, 0x00, 0x07, 0xFF, 0xFF, 0xE0,
  0x00, 0x00, 0x1F, 0xFF, 0xFF, 0x80, 0x00, 0x00, 0x7F, 0xFF, 0xFE,
  0x00, 0x00, 0x01, 0xFF, 0xFF, 0xF8, 0x00, 0x00, 0x07, 0xFF, 0xFF,
  0xE0, 0x00, 0x00, 0x1F, 0xFF, 0xFF, 0x80, 0x00, 0x00, 0x7F, 0xFF,
  0xFE, 0x00, 0x00, 0x01, 0xFF, 0xFF, 0xF8, 0x00, 0x00, 0x07, 0xFF,
  0xFF, 0xE0, 0x00, 0x00, 0x1F, 0xFF, 0xFF, 0x80, 0x00, 0x00, 0xFF,
  0xEF, 0xFE, 0x00, 0x00, 0x03, 0xFF, 0xBF, 0xF8, 0x00, 0x00, 0x1F,
  0xFE, 0xFF, 0xE0, 0x00, 0x00, 0xFF, 0xF3, 0xFF, 0x80, 0x00, 0x03,
  0xFF, 0xCF, 0xFE, 0x00, 0x00, 0x3F, 0xFE, 0x3F, 0xF8, 0x00, 0x01,
  0xFF, 0xF8, 0xFF, 0xE0, 0x00, 0x1F, 0xFF, 0xC3, 0xFF, 0x80, 0x1F,
  0xFF, 0xFE, 0x0F, 0xFF, 0xFF, 0xFF, 0xFF, 0xF0, 0x3F, 0xFF, 0xFF,
  0xFF, 0xFF, 0x80, 0xFF, 0xFF, 0xFF, 0xFF, 0xFC, 0x03, 0xFF, 0xFF,
  0xFF, 0xFF, 0xE0, 0x0F, 0xFF, 0xFF, 0xFF, 0xFE, 0x00, 0x3F, 0xFF,
  0xFF, 0xFF, 0xE0, 0x00, 0xFF, 0xFF, 0xFF, 0xFE, 0x00, 0x03, 0xFF,
  0xFF, 0xFF, 0x80, 0x00, 0x00, 0xFF, 0xFF, 0xFF, 0xFF, 0xEF, 0xFF,
  0xFF, 0xFF, 0xFE, 0xFF, 0xFF, 0xFF, 0xFF, 0xEF, 0xFF, 0xFF, 0xFF,
  0xFE, 0xFF, 0xFF, 0xFF, 0xFF, 0xEF, 0xFF, 0xFF, 0xFF, 0xFE, 0xFF,
  0xFF, 0xFF, 0xFF, 0xEF, 0xFF, 0xFF, 0xFF, 0xFE, 0xFF, 0xE0, 0x00,
  0x00, 0x0F, 0xFE, 0x00, 0x00, 0x00, 0xFF, 0xE0, 0x00, 0x00, 0x0F,
  0xFE, 0x00, 0x00, 0x00, 0xFF, 0xE0, 0x00, 0x00, 0x0F, 0xFE, 0x00,
  0x00, 0x00, 0xFF, 0xE0, 0x00, 0x00, 0x0F, 0xFE, 0x00, 0x00, 0x00,
  0xFF, 0xE0, 0x00, 0x00, 0x0F, 0xFE, 0x00, 0x00, 0x00, 0xFF, 0xE0,
  0x00, 0x00, 0x0F, 0xFF, 0xFF, 0xFF, 0xF0, 0xFF, 0xFF, 0xFF, 0xFF,
  0x0F, 0xFF, 0xFF, 0xFF, 0xF0, 0xFF, 0xFF, 0xFF, 0xFF, 0x0F, 0xFF,
  0xFF, 0xFF, 0xF0, 0xFF, 0xFF, 0xFF, 0xFF, 0x0F, 0xFF, 0xFF, 0xFF,
  0xF0, 0xFF, 0xFF, 0xFF, 0xFF, 0x0F, 0xFE, 0x00, 0x00, 0x00, 0xFF,
  0xE0, 0x00, 0x00, 0x0F, 0xFE, 0x00, 0x00, 0x00, 0xFF, 0xE0, 0x00,
  0x00, 0x0F, 0xFE, 0x00, 0x00, 0x00, 0xFF, 0xE0, 0x00, 0x00, 0x0F,
  0xFE, 0x00, 0x00, 0x00, 0xFF, 0xE0, 0x00, 0x00, 0x0F, 0xFE, 0x00,
  0x00, 0x00, 0xFF, 0xE0, 0x00, 0x00, 0x0F, 0xFE, 0x00, 0x00, 0x00,
  0xFF, 0xFF, 0xFF, 0xFF, 0xFF, 0xFF, 0xFF, 0xFF, 0xFF, 0xFF, 0xFF,
  0xFF, 0xFF, 0xFF, 0xFF, 0xFF, 0xFF, 0xFF, 0xFF, 0xFF, 0xFF, 0xFF,
  0xFF, 0xFF, 0xFF, 0xFF, 0xFF, 0xFF, 0xFF, 0xFF, 0xFF, 0xFF, 0xFF,
  0xFF, 0xFF, 0xFF, 0xFF, 0xFF, 0xFF, 0xFF, 0xFF, 0xFF, 0xFF, 0xFF,
  0xFF, 0xFF, 0xFF, 0xFF, 0xFF, 0xFF, 0xFF, 0xFF, 0xFF, 0xFF, 0xFF,
  0xFF, 0xFF, 0xFF, 0xFF, 0xFF, 0xFF, 0xFF, 0xFF, 0xFF, 0xFF, 0xFF,
  0xFF, 0xFF, 0xFF, 0xFF, 0xFF, 0xFF, 0xE0, 0x00, 0x00, 0x1F, 0xFC,
  0x00, 0x00, 0x03, 0xFF, 0x80, 0x00, 0x00, 0x7F, 0xF0, 0x00, 0x00,
  0x0F, 0xFE, 0x00, 0x00, 0x01, 0xFF, 0xC0, 0x00, 0x00, 0x3F, 0xF8,
  0x00, 0x00, 0x07, 0xFF, 0x00, 0x00, 0x00, 0xFF, 0xE0, 0x00, 0x00,
  0x1F, 0xFC, 0x00, 0x00, 0x03, 0xFF, 0x80, 0x00, 0x00, 0x7F, 0xF0,
  0x00, 0x00, 0x0F, 0xFE, 0x00, 0x00, 0x01, 0xFF, 0xFF, 0xFF, 0xFE,
  0x3F, 0xFF, 0xFF, 0xFF, 0xC7, 0xFF, 0xFF, 0xFF, 0xF8, 0xFF, 0xFF,
  0xFF, 0xFF, 0x1F, 0xFF, 0xFF, 0xFF, 0xE3, 0xFF, 0xFF, 0xFF, 0xFC,
  0x7F, 0xFF, 0xFF, 0xFF, 0x8F, 0xFF, 0xFF, 0xFF, 0xF1, 0xFF, 0xC0,
  0x00, 0x00, 0x3F, 0xF8, 0x00, 0x00, 0x07, 0xFF, 0x00, 0x00, 0x00,
  0xFF, 0xE0, 0x00, 0x00, 0x1F, 0xFC, 0x00, 0x00, 0x03, 0xFF, 0x80,
  0x00, 0x00, 0x7F, 0xF0, 0x00, 0x00, 0x0F, 0xFE, 0x00, 0x00, 0x01,
  0xFF, 0xC0, 0x00, 0x00, 0x3F, 0xF8, 0x00, 0x00, 0x07, 0xFF, 0x00,
  0x00, 0x00, 0xFF, 0xE0, 0x00, 0x00, 0x1F, 0xFC, 0x00, 0x00, 0x03,
  0xFF, 0x80, 0x00, 0x00, 0x7F, 0xF0, 0x00, 0x00, 0x0F, 0xFE, 0x00,
  0x00, 0x01, 0xFF, 0xC0, 0x00, 0x00, 0x00, 0x00, 0x00, 0x1F, 0xFC,
  0x00, 0x00, 0x00, 0x1F, 0xFF, 0xFC, 0x00, 0x00, 0x07, 0xFF, 0xFF,
  0xF8, 0x00, 0x01, 0xFF, 0xFF, 0xFF, 0xC0, 0x00, 0x7F, 0xFF, 0xFF,
  0xFF, 0x00, 0x0F, 0xFF, 0xFF, 0xFF, 0xF8, 0x01, 0xFF, 0xFF, 0xFF,
  0xFF, 0xC0, 0x3F, 0xFF, 0xFF, 0xFF, 0xFF, 0x07, 0xFF, 0xFF, 0xFF,
  0xFF, 0xE0, 0xFF, 0xFF, 0x80, 0x7F, 0xFC, 0x1F, 0xFF, 0xC0, 0x00,
  0xFF, 0x81, 0xFF, 0xF0, 0x00, 0x07, 0xF0, 0x3F, 0xFE, 0x00, 0x00,
  0x1E, 0x03, 0xFF, 0xC0, 0x00, 0x00, 0xC0, 0x7F, 0xF8, 0x00, 0x00,
  0x00, 0x07, 0xFF, 0x00, 0x00, 0x00, 0x00, 0x7F, 0xF0, 0x00, 0x00,
  0x00, 0x0F, 0xFE, 0x00, 0x00, 0x00, 0x00, 0xFF, 0xE0, 0x00, 0x00,
  0x00, 0x0F, 0xFE, 0x00, 0x00, 0x00, 0x00, 0xFF, 0xE0, 0x00, 0x00,
  0x00, 0x0F, 0xFC, 0x00, 0x00, 0x00, 0x00, 0xFF, 0xC0, 0x00, 0x00,
  0x00, 0x0F, 0xFC, 0x00, 0x00, 0x07, 0xFE, 0xFF, 0xC0, 0x00, 0x00,
  0x7F, 0xEF, 0xFC, 0x00, 0x00, 0x07, 0xFE, 0xFF, 0xC0, 0x00, 0x00,
  0x7F, 0xEF, 0xFE, 0x00, 0x00, 0x07, 0xFE, 0xFF, 0xE0, 0x00, 0x00,
  0x7F, 0xEF, 0xFE, 0x00, 0x00, 0x07, 0xFE, 0xFF, 0xE0, 0x00, 0x00,
  0x7F, 0xE7, 0xFF, 0x00, 0x00, 0x07, 0xFE, 0x7F, 0xF8, 0x00, 0x00,
  0x7F, 0xE7, 0xFF, 0x80, 0x00, 0x07, 0xFE, 0x3F, 0xFC, 0x00, 0x00,
  0x7F, 0xE3, 0xFF, 0xE0, 0x00, 0x07, 0xFE, 0x1F, 0xFF, 0x00, 0x00,
  0x7F, 0xE1, 0xFF, 0xFC, 0x00, 0x0F, 0xFE, 0x0F, 0xFF, 0xF8, 0x07,
  0xFF, 0xE0, 0x7F, 0xFF, 0xFF, 0xFF, 0xFE, 0x03, 0xFF, 0xFF, 0xFF,
  0xFF, 0xE0, 0x1F, 0xFF, 0xFF, 0xFF, 0xFE, 0x00, 0xFF, 0xFF, 0xFF,
  0xFF, 0xC0, 0x07, 0xFF, 0xFF, 0xFF, 0xF8, 0x00, 0x1F, 0xFF, 0xFF,
  0xFE, 0x00, 0x00, 0x7F, 0xFF, 0xFF, 0x80, 0x00, 0x01, 0xFF, 0xFF,
  0xC0, 0x00, 0x00, 0x01, 0xFF, 0xC0, 0x00, 0xFF, 0xE0, 0x00, 0x00,
  0xFF, 0xFF, 0xF8, 0x00, 0x00, 0x3F, 0xFF, 0xFE, 0x00, 0x00, 0x0F,
  0xFF, 0xFF, 0x80, 0x00, 0x03, 0xFF, 0xFF, 0xE0, 0x00, 0x00, 0xFF,
  0xFF, 0xF8, 0x00, 0x00, 0x3F, 0xFF, 0xFE, 0x00, 0x00, 0x0F, 0xFF,
  0xFF, 0x80, 0x00, 0x03, 0xFF, 0xFF, 0xE0, 0x00, 0x00, 0xFF, 0xFF,
  0xF8, 0x00, 0x00, 0x3F, 0xFF, 0xFE, 0x00, 0x00, 0x0F, 0xFF, 0xFF,
  0x80, 0x00, 0x03, 0xFF, 0xFF, 0xE0, 0x00, 0x00, 0xFF, 0xFF, 0xF8,
  0x00, 0x00, 0x3F, 0xFF, 0xFE, 0x00, 0x00, 0x0F, 0xFF, 0xFF, 0x80,
  0x00, 0x03, 0xFF, 0xFF, 0xE0, 0x00, 0x00, 0xFF, 0xFF, 0xF8, 0x00,
  0x00, 0x3F, 0xFF, 0xFE, 0x00, 0x00, 0x0F, 0xFF, 0xFF, 0xFF, 0xFF,
  0xFF, 0xFF, 0xFF, 0xFF, 0xFF, 0xFF, 0xFF, 0xFF, 0xFF, 0xFF, 0xFF,
  0xFF, 0xFF, 0xFF, 0xFF, 0xFF, 0xFF, 0xFF, 0xFF, 0xFF, 0xFF, 0xFF,
  0xFF, 0xFF, 0xFF, 0xFF, 0xFF, 0xFF, 0xFF, 0xFF, 0xFF, 0xFF, 0xFF,
  0xFF, 0xFF, 0xFF, 0xFF, 0xFF, 0xFF, 0xFF, 0x80, 0x00, 0x03, 0xFF,
  0xFF, 0xE0, 0x00, 0x00, 0xFF, 0xFF, 0xF8, 0x00, 0x00, 0x3F, 0xFF,
  0xFE, 0x00, 0x00, 0x0F, 0xFF, 0xFF, 0x80, 0x00, 0x03, 0xFF, 0xFF,
  0xE0, 0x00, 0x00, 0xFF, 0xFF, 0xF8, 0x00, 0x00, 0x3F, 0xFF, 0xFE,
  0x00, 0x00, 0x0F, 0xFF, 0xFF, 0x80, 0x00, 0x03, 0xFF, 0xFF, 0xE0,
  0x00, 0x00, 0xFF, 0xFF, 0xF8, 0x00, 0x00, 0x3F, 0xFF, 0xFE, 0x00,
  0x00, 0x0F, 0xFF, 0xFF, 0x80, 0x00, 0x03, 0xFF, 0xFF, 0xE0, 0x00,
  0x00, 0xFF, 0xFF, 0xF8, 0x00, 0x00, 0x3F, 0xFF, 0xFE, 0x00, 0x00,
  0x0F, 0xFF, 0xFF, 0x80, 0x00, 0x03, 0xFF, 0xFF, 0xE0, 0x00, 0x00,
  0xFF, 0xFF, 0xF8, 0x00, 0x00, 0x3F, 0xF0, 0xFF, 0xFF, 0xFF, 0xFF,
  0xFF, 0xFF, 0xFF, 0xFF, 0xFF, 0xFF, 0xFF, 0xFF, 0xFF, 0xFF, 0xFF,
  0xFF, 0xFF, 0xFF, 0xFF, 0xFF, 0xFF, 0xFF, 0xFF, 0xFF, 0xFF, 0xFF,
  0xFF, 0xFF, 0xFF, 0xFF, 0xFF, 0xFF, 0xFF, 0xFF, 0xFF, 0xFF, 0xFF,
  0xFF, 0xFF, 0xFF, 0xFF, 0xFF, 0xFF, 0xFF, 0xFF, 0xFF, 0xFF, 0xFF,
  0xFF, 0xFF, 0xFF, 0xFF, 0xFF, 0xFF, 0xFF, 0xFF, 0xFF, 0xFF, 0xFF,
  0xFF, 0xFF, 0xFF, 0xFF, 0xC0, 0x07, 0xFF, 0xFF, 0xFE, 0x0F, 0xFF,
  0xFF, 0xFC, 0x1F, 0xFF, 0xFF, 0xF8, 0x3F, 0xFF, 0xFF, 0xF0, 0x7F,
  0xFF, 0xFF, 0xE0, 0xFF, 0xFF, 0xFF, 0xC1, 0xFF, 0xFF, 0xFF, 0x83,
  0xFF, 0xFF, 0xFF, 0x00, 0x00, 0x07, 0xFE, 0x00, 0x00, 0x0F, 0xFC,
  0x00, 0x00, 0x1F, 0xF8, 0x00, 0x00, 0x3F, 0xF0, 0x00, 0x00, 0x7F,
  0xE0, 0x00, 0x00, 0xFF, 0xC0, 0x00, 0x01, 0xFF, 0x80, 0x00, 0x03,
  0xFF, 0x00, 0x00, 0x07, 0xFE, 0x00, 0x00, 0x0F, 0xFC, 0x00, 0x00,
  0x1F, 0xF8, 0x00, 0x00, 0x3F, 0xF0, 0x00, 0x00, 0x7F, 0xE0, 0x00,
  0x00, 0xFF, 0xC0, 0x00, 0x01, 0xFF, 0x80, 0x00, 0x03, 0xFF, 0x00,
  0x00, 0x07, 0xFE, 0x00, 0x00, 0x0F, 0xFC, 0x00, 0x00, 0x1F, 0xF8,
  0x00, 0x00, 0x3F, 0xF0, 0x00, 0x00, 0x7F, 0xE0, 0x00, 0x00, 0xFF,
  0xC0, 0x00, 0x01, 0xFF, 0x80, 0x00, 0x03, 0xFF, 0x00, 0x00, 0x07,
  0xFE, 0x08, 0x00, 0x1F, 0xFC, 0x18, 0x00, 0x3F, 0xF8, 0x78, 0x00,
  0x7F, 0xF1, 0xF8, 0x01, 0xFF, 0xC7, 0xF8, 0x07, 0xFF, 0x8F, 0xFF,
  0x7F, 0xFF, 0x3F, 0xFF, 0xFF, 0xFC, 0xFF, 0xFF, 0xFF, 0xF8, 0xFF,
  0xFF, 0xFF, 0xE0, 0xFF, 0xFF, 0xFF, 0x80, 0xFF, 0xFF, 0xFE, 0x00,
  0x7F, 0xFF, 0xF8, 0x00, 0x3F, 0xFF, 0xC0, 0x00, 0x0F, 0xFC, 0x00,
  0x00, 0xFF, 0xE0, 0x00, 0x01, 0xFF, 0xEF, 0xFE, 0x00, 0x00, 0x3F,
  0xF8, 0xFF, 0xE0, 0x00, 0x07, 0xFF, 0x0F, 0xFE, 0x00, 0x00, 0xFF,
  0xF0, 0xFF, 0xE0, 0x00, 0x1F, 0xFE, 0x0F, 0xFE, 0x00, 0x03, 0xFF,
  0xC0, 0xFF, 0xE0, 0x00, 0x7F, 0xF8, 0x0F, 0xFE, 0x00, 0x0F, 0xFF,
  0x00, 0xFF, 0xE0, 0x01, 0xFF, 0xE0, 0x0F, 0xFE, 0x00, 0x3F, 0xFC,
  0x00, 0xFF, 0xE0, 0x07, 0xFF, 0x80, 0x0F, 0xFE, 0x00, 0xFF, 0xF0,
  0x00, 0xFF, 0xE0, 0x1F, 0xFE, 0x00, 0x0F, 0xFE, 0x01, 0xFF, 0xE0,
  0x00, 0xFF, 0xE0, 0x3F, 0xFC, 0x00, 0x0F, 0xFE, 0x07, 0xFF, 0x80,
  0x00, 0xFF, 0xE0, 0xFF, 0xF0, 0x00, 0x0F, 0xFE, 0x1F, 0xFE, 0x00,
  0x00, 0xFF, 0xE3, 0xFF, 0xC0, 0x00, 0x0F, 0xFE, 0x7F, 0xF8, 0x00,
  0x00, 0xFF, 0xEF, 0xFF, 0x00, 0x00, 0x0F, 0xFF, 0xFF, 0xF0, 0x00,
  0x00, 0xFF, 0xFF, 0xFF, 0x80, 0x00, 0x0F, 0xFF, 0xFF, 0xFC, 0x00,
  0x00, 0xFF, 0xFF, 0xFF, 0xE0, 0x00, 0x0F, 0xFF, 0xFF, 0xFF, 0x00,
  0x00, 0xFF, 0xFF, 0xFF, 0xF0, 0x00, 0x0F, 0xFF, 0xFF, 0xFF, 0x80,
  0x00, 0xFF, 0xFF, 0xFF, 0xFC, 0x00, 0x0F, 0xFF, 0xF3, 0xFF, 0xE0,
  0x00, 0xFF, 0xFE, 0x1F, 0xFF, 0x00, 0x0F, 0xFF, 0xC0, 0xFF, 0xF0,
  0x00, 0xFF, 0xF8, 0x0F, 0xFF, 0x80, 0x0F, 0xFF, 0x00, 0x7F, 0xFC,
  0x00, 0xFF, 0xE0, 0x03, 0xFF, 0xE0, 0x0F, 0xFE, 0x00, 0x1F, 0xFE,
  0x00, 0xFF, 0xE0, 0x00, 0xFF, 0xF0, 0x0F, 0xFE, 0x00, 0x07, 0xFF,
  0x80, 0xFF, 0xE0, 0x00, 0x7F, 0xFC, 0x0F, 0xFE, 0x00, 0x03, 0xFF,
  0xE0, 0xFF, 0xE0, 0x00, 0x1F, 0xFE, 0x0F, 0xFE, 0x00, 0x00, 0xFF,
  0xF0, 0xFF, 0xE0, 0x00, 0x07, 0xFF, 0x8F, 0xFE, 0x00, 0x00, 0x7F,
  0xFC, 0xFF, 0xE0, 0x00, 0x03, 0xFF, 0xEF, 0xFE, 0x00, 0x00, 0x1F,
  0xFF, 0xFF, 0xE0, 0x00, 0x00, 0x3F, 0xF8, 0x00, 0x00, 0x0F, 0xFE,
  0x00, 0x00, 0x03, 0xFF, 0x80, 0x00, 0x00, 0xFF, 0xE0, 0x00, 0x00,
  0x3F, 0xF8, 0x00, 0x00, 0x0F, 0xFE, 0x00, 0x00, 0x03, 0xFF, 0x80,
  0x00, 0x00, 0xFF, 0xE0, 0x00, 0x00, 0x3F, 0xF8, 0x00, 0x00, 0x0F,
  0xFE, 0x00, 0x00, 0x03, 0xFF, 0x80, 0x00, 0x00, 0xFF, 0xE0, 0x00,
  0x00, 0x3F, 0xF8, 0x00, 0x00, 0x0F, 0xFE, 0x00, 0x00, 0x03, 0xFF,
  0x80, 0x00, 0x00, 0xFF, 0xE0, 0x00, 0x00, 0x3F, 0xF8, 0x00, 0x00,
  0x0F, 0xFE, 0x00, 0x00, 0x03, 0xFF, 0x80, 0x00, 0x00, 0xFF, 0xE0,
  0x00, 0x00, 0x3F, 0xF8, 0x00, 0x00, 0x0F, 0xFE, 0x00, 0x00, 0x03,
  0xFF, 0x80, 0x00, 0x00, 0xFF, 0xE0, 0x00, 0x00, 0x3F, 0xF8, 0x00,
  0x00, 0x0F, 0xFE, 0x00, 0x00, 0x03, 0xFF, 0x80, 0x00, 0x00, 0xFF,
  0xE0, 0x00, 0x00, 0x3F, 0xF8, 0x00, 0x00, 0x0F, 0xFE, 0x00, 0x00,
  0x03, 0xFF, 0x80, 0x00, 0x00, 0xFF, 0xE0, 0x00, 0x00, 0x3F, 0xF8,
  0x00, 0x00, 0x0F, 0xFE, 0x00, 0x00, 0x03, 0xFF, 0x80, 0x00, 0x00,
  0xFF, 0xE0, 0x00, 0x00, 0x3F, 0xF8, 0x00, 0x00, 0x0F, 0xFF, 0xFF,
  0xFF, 0xFF, 0xFF, 0xFF, 0xFF, 0xFF, 0xFF, 0xFF, 0xFF, 0xFF, 0xFF,
  0xFF, 0xFF, 0xFF, 0xFF, 0xFF, 0xFF, 0xFF, 0xFF, 0xFF, 0xFF, 0xFF,
  0xFF, 0xFF, 0xFF, 0xFF, 0xFF, 0xFF, 0xFF, 0xFF, 0xFF, 0xF0, 0xFF,
  0x80, 0x00, 0x00, 0x00, 0x1F, 0xFF, 0xFC, 0x00, 0x00, 0x00, 0x03,
  0xFF, 0xFF, 0xE0, 0x00, 0x00, 0x00, 0x7F, 0xFF, 0xFE, 0x00, 0x00,
  0x00, 0x07, 0xFF, 0xFF, 0xF0, 0x00, 0x00, 0x00, 0xFF, 0xFF, 0xFF,
  0x00, 0x00, 0x00, 0x0F, 0xFF, 0xFF, 0xF8, 0x00, 0x00, 0x01, 0xFF,
  0xFF, 0xFF, 0xC0, 0x00, 0x00, 0x1F, 0xFF, 0xFF, 0xFC, 0x00, 0x00,
  0x03, 0xFF, 0xFF, 0xFF, 0xE0, 0x00, 0x00, 0x7F, 0xFF, 0xFF, 0xFE,
  0x00, 0x00, 0x07, 0xFF, 0xFF, 0xFF, 0xF0, 0x00, 0x00, 0xFF, 0xFF,
  0xFF, 0xFF, 0x80, 0x00, 0x0F, 0xFF, 0xFF, 0xFF, 0xF8, 0x00, 0x01,
  0xFF, 0xFF, 0xFF, 0xFF, 0xC0, 0x00, 0x3F, 0xFF, 0xFF, 0xFF, 0xFC,
  0x00, 0x03, 0xFF, 0xFF, 0xFF, 0xFF, 0xE0, 0x00, 0x7F, 0xFF, 0xFF,
  0xFF, 0xFE, 0x00, 0x07, 0xFF, 0xFF, 0xFF, 0xFF, 0xF0, 0x00, 0xFF,
  0xFF, 0xFF, 0xFF, 0xFF, 0x80, 0x0F, 0xFB, 0xFF, 0xFF, 0xDF, 0xF8,
  0x01, 0xFF, 0xBF, 0xFF, 0xFC, 0xFF, 0xC0, 0x3F, 0xF3, 0xFF, 0xFF,
  0xCF, 0xFC, 0x03, 0xFF, 0x3F, 0xFF, 0xFC, 0x7F, 0xE0, 0x7F, 0xE3,
  0xFF, 0xFF, 0xC7, 0xFF, 0x07, 0xFC, 0x3F, 0xFF, 0xFC, 0x3F, 0xF0,
  0xFF, 0xC3, 0xFF, 0xFF, 0xC1, 0xFF, 0x9F, 0xF8, 0x3F, 0xFF, 0xFC,
  0x1F, 0xF9, 0xFF, 0x83, 0xFF, 0xFF, 0xC0, 0xFF, 0xFF, 0xF0, 0x3F,
  0xFF, 0xFC, 0x07, 0xFF, 0xFE, 0x03, 0xFF, 0xFF, 0xC0, 0x7F, 0xFF,
  0xE0, 0x3F, 0xFF, 0xFC, 0x03, 0xFF, 0xFC, 0x03, 0xFF, 0xFF, 0xC0,
  0x3F, 0xFF, 0xC0, 0x3F, 0xFF, 0xFC, 0x01, 0xFF, 0xF8, 0x03, 0xFF,
  0xFF, 0xC0, 0x0F, 0xFF, 0x00, 0x3F, 0xFF, 0xFC, 0x00, 0xFF, 0xF0,
  0x03, 0xFF, 0xFF, 0xC0, 0x07, 0xFE, 0x00, 0x3F, 0xFF, 0xFC, 0x00,
  0x7F, 0xE0, 0x03, 0xFF, 0xFF, 0xC0, 0x03, 0xFC, 0x00, 0x3F, 0xFF,
  0xFC, 0x00, 0x1F, 0x80, 0x03, 0xFF, 0xFF, 0xC0, 0x01, 0xF8, 0x00,
  0x3F, 0xFF, 0xFC, 0x00, 0x00, 0x00, 0x03, 0xFF, 0xFF, 0xC0, 0x00,
  0x00, 0x00, 0x3F, 0xFF, 0xFC, 0x00, 0x00, 0x00, 0x03, 0xFF, 0xFF,
  0xC0, 0x00, 0x00, 0x00, 0x3F, 0xFF, 0xFC, 0x00, 0x00, 0x00, 0x03,
  0xFF, 0xFF, 0xC0, 0x00, 0x00, 0xFF, 0xFF, 0xF0, 0x00, 0x00, 0x3F,
  0xFF, 0xFE, 0x00, 0x00, 0x0F, 0xFF, 0xFF, 0xC0, 0x00, 0x03, 0xFF,
  0xFF, 0xF8, 0x00, 0x00, 0xFF, 0xFF, 0xFF, 0x00, 0x00, 0x3F, 0xFF,
  0xFF, 0xC0, 0x00, 0x0F, 0xFF, 0xFF, 0xF8, 0x00, 0x03, 0xFF, 0xFF,
  0xFF, 0x00, 0x00, 0xFF, 0xFF, 0xFF, 0xE0, 0x00, 0x3F, 0xFF, 0xFF,
  0xFC, 0x00, 0x0F, 0xFF, 0xFF, 0xFF, 0x00, 0x03, 0xFF, 0xFF, 0xFF,
  0xE0, 0x00, 0xFF, 0xFF, 0xFF, 0xFC, 0x00, 0x3F, 0xFF, 0xFF, 0xFF,
  0x80, 0x0F, 0xFF, 0xFF, 0xFF, 0xF0, 0x03, 0xFF, 0xFF, 0xFF, 0xFC,
  0x00, 0xFF, 0xFF, 0xFF, 0xFF, 0x80, 0x3F, 0xFF, 0xFF, 0xFF, 0xF0,
  0x0F, 0xFF, 0xFF, 0xBF, 0xFE, 0x03, 0xFF, 0xFF, 0xE7, 0xFF, 0xC0,
  0xFF, 0xFF, 0xF9, 0xFF, 0xF0, 0x3F, 0xFF, 0xFE, 0x3F, 0xFE, 0x0F,
  0xFF, 0xFF, 0x87, 0xFF, 0xC3, 0xFF, 0xFF, 0xE0, 0xFF, 0xF8, 0xFF,
  0xFF, 0xF8, 0x1F, 0xFF, 0x3F, 0xFF, 0xFE, 0x07, 0xFF, 0xCF, 0xFF,
  0xFF, 0x80, 0xFF, 0xFB, 0xFF, 0xFF, 0xE0, 0x1F, 0xFF, 0xFF, 0xFF,
  0xF8, 0x03, 0xFF, 0xFF, 0xFF, 0xFE, 0x00, 0x7F, 0xFF, 0xFF, 0xFF,
  0x80, 0x0F, 0xFF, 0xFF, 0xFF, 0xE0, 0x03, 0xFF, 0xFF, 0xFF, 0xF8,
  0x00, 0x7F, 0xFF, 0xFF, 0xFE, 0x00, 0x0F, 0xFF, 0xFF, 0xFF, 0x80,
  0x01, 0xFF, 0xFF, 0xFF, 0xE0, 0x00, 0x3F, 0xFF, 0xFF, 0xF8, 0x00,
  0x0F, 0xFF, 0xFF, 0xFE, 0x00, 0x01, 0xFF, 0xFF, 0xFF, 0x80, 0x00,
  0x3F, 0xFF, 0xFF, 0xE0, 0x00, 0x07, 0xFF, 0xFF, 0xF8, 0x00, 0x00,
  0xFF, 0xFF, 0xFE, 0x00, 0x00, 0x1F, 0xFF, 0xFF, 0x80, 0x00, 0x07,
  0xFF, 0xFF, 0xE0, 0x00, 0x00, 0xFF, 0xFF, 0xF8, 0x00, 0x00, 0x1F,
  0xF0, 0x00, 0x00, 0x1F, 0xFC, 0x00, 0x00, 0x00, 0x00, 0xFF, 0xFF,
  0xE0, 0x00, 0x00, 0x01, 0xFF, 0xFF, 0xFC, 0x00, 0x00, 0x03, 0xFF,
  0xFF, 0xFF, 0x80, 0x00, 0x07, 0xFF, 0xFF, 0xFF, 0xE0, 0x00, 0x07,
  0xFF, 0xFF, 0xFF, 0xFC, 0x00, 0x07, 0xFF, 0xFF, 0xFF, 0xFF, 0x00,
  0x07, 0xFF, 0xFF, 0xFF, 0xFF, 0xC0, 0x07, 0xFF, 0xFF, 0xFF, 0xFF,
  0xF0, 0x07, 0xFF, 0xFC, 0x07, 0xFF, 0xFC, 0x07, 0xFF, 0xF0, 0x00,
  0x7F, 0xFE, 0x03, 0xFF, 0xE0, 0x00, 0x0F, 0xFF, 0x83, 0xFF, 0xE0,
  0x00, 0x03, 0xFF, 0xE1, 0xFF, 0xE0, 0x00, 0x00, 0xFF, 0xF1, 0xFF,
  0xE0, 0x00, 0x00, 0x3F, 0xFC, 0xFF, 0xE0, 0x00, 0x00, 0x1F, 0xFE,
  0x7F, 0xF0, 0x00, 0x00, 0x07, 0xFF, 0x7F, 0xF0, 0x00, 0x00, 0x03,
  0xFF, 0xFF, 0xF8, 0x00, 0x00, 0x00, 0xFF, 0xFF, 0xFC, 0x00, 0x00,
  0x00, 0x7F, 0xFF, 0xFE, 0x00, 0x00, 0x00, 0x3F, 0xFF, 0xFE, 0x00,
  0x00, 0x00, 0x1F, 0xFF, 0xFF, 0x00, 0x00, 0x00, 0x07, 0xFF, 0xFF,
  0x80, 0x00, 0x00, 0x03, 0xFF, 0xFF, 0xC0, 0x00, 0x00, 0x01, 0xFF,
  0xFF, 0xE0, 0x00, 0x00, 0x00, 0xFF, 0xFF, 0xF0, 0x00, 0x00, 0x00,
  0xFF, 0xFF, 0xFC, 0x00, 0x00, 0x00, 0x7F, 0xFF, 0xFE, 0x00, 0x00,
  0x00, 0x3F, 0xFF, 0xFF, 0x00, 0x00, 0x00, 0x1F, 0xFF, 0xFF, 0x80,
  0x00, 0x00, 0x1F, 0xFC, 0xFF, 0xE0, 0x00, 0x00, 0x0F, 0xFE, 0x7F,
  0xF0, 0x00, 0x00, 0x0F, 0xFF, 0x3F, 0xFC, 0x00, 0x00, 0x07, 0xFF,
  0x8F, 0xFF, 0x00, 0x00, 0x07, 0xFF, 0x87, 0xFF, 0xC0, 0x00, 0x07,
  0xFF, 0xC1, 0xFF, 0xF0, 0x00, 0x07, 0xFF, 0xC0, 0x7F, 0xFE, 0x00,
  0x0F, 0xFF, 0xC0, 0x3F, 0xFF, 0xE0, 0x3F, 0xFF, 0xE0, 0x0F, 0xFF,
  0xFF, 0xFF, 0xFF, 0xE0, 0x03, 0xFF, 0xFF, 0xFF, 0xFF, 0xE0, 0x00,
  0xFF, 0xFF, 0xFF, 0xFF, 0xE0, 0x00, 0x3F, 0xFF, 0xFF, 0xFF, 0xE0,
  0x00, 0x0F, 0xFF, 0xFF, 0xFF, 0xC0, 0x00, 0x01, 0xFF, 0xFF, 0xFF,
  0xC0, 0x00, 0x00, 0x3F, 0xFF, 0xFF, 0x80, 0x00, 0x00, 0x07, 0xFF,
  0xFF, 0x00, 0x00, 0x00, 0x00, 0x3F, 0xF8, 0x00, 0x00, 0xFF, 0xFF,
  0xFF, 0xC0, 0x00, 0xFF, 0xFF, 0xFF, 0xF8, 0x00, 0xFF, 0xFF, 0xFF,
  0xFF, 0x00, 0xFF, 0xFF, 0xFF, 0xFF, 0x80, 0xFF, 0xFF, 0xFF, 0xFF,
  0xE0, 0xFF, 0xFF, 0xFF, 0xFF, 0xF0, 0xFF, 0xFF, 0xFF, 0xFF, 0xF8,
  0xFF, 0xFF, 0xFF, 0xFF, 0xF8, 0xFF, 0xE0, 0x07, 0xFF, 0xFC, 0xFF,
  0xE0, 0x00, 0x7F, 0xFC, 0xFF, 0xE0, 0x00, 0x1F, 0xFE, 0xFF, 0xE0,
  0x00, 0x0F, 0xFE, 0xFF, 0xE0, 0x00, 0x0F, 0xFE, 0xFF, 0xE0, 0x00,
  0x07, 0xFF, 0xFF, 0xE0, 0x00, 0x07, 0xFF, 0xFF, 0xE0, 0x00, 0x07,
  0xFF, 0xFF, 0xE0, 0x00, 0x07, 0xFF, 0xFF, 0xE0, 0x00, 0x07, 0xFF,
  0xFF, 0xE0, 0x00, 0x07, 0xFF, 0xFF, 0xE0, 0x00, 0x07, 0xFF, 0xFF,
  0xE0, 0x00, 0x0F, 0xFE, 0xFF, 0xE0, 0x00, 0x0F, 0xFE, 0xFF, 0xE0,
  0x00, 0x1F, 0xFE, 0xFF, 0xE0, 0x00, 0x7F, 0xFC, 0xFF, 0xE0, 0x07,
  0xFF, 0xFC, 0xFF, 0xFF, 0xFF, 0xFF, 0xF8, 0xFF, 0xFF, 0xFF, 0xFF,
  0xF8, 0xFF, 0xFF, 0xFF, 0xFF, 0xF0, 0xFF, 0xFF, 0xFF, 0xFF, 0xE0,
  0xFF, 0xFF, 0xFF, 0xFF, 0x80, 0xFF, 0xFF, 0xFF, 0xFF, 0x00, 0xFF,
  0xFF, 0xFF, 0xF8, 0x00, 0xFF, 0xFF, 0xFF, 0xC0, 0x00, 0xFF, 0xE0,
  0x00, 0x00, 0x00, 0xFF, 0xE0, 0x00, 0x00, 0x00, 0xFF, 0xE0, 0x00,
  0x00, 0x00, 0xFF, 0xE0, 0x00, 0x00, 0x00, 0xFF, 0xE0, 0x00, 0x00,
  0x00, 0xFF, 0xE0, 0x00, 0x00, 0x00, 0xFF, 0xE0, 0x00, 0x00, 0x00,
  0xFF, 0xE0, 0x00, 0x00, 0x00, 0xFF, 0xE0, 0x00, 0x00, 0x00, 0xFF,
  0xE0, 0x00, 0x00, 0x00, 0xFF, 0xE0, 0x00, 0x00, 0x00, 0xFF, 0xE0,
  0x00, 0x00, 0x00, 0xFF, 0xE0, 0x00, 0x00, 0x00, 0x00, 0x00, 0x1F,
  0xFC, 0x00, 0x00, 0x00, 0x00, 0x1F, 0xFF, 0xFC, 0x00, 0x00, 0x00,
  0x07, 0xFF, 0xFF, 0xF0, 0x00, 0x00, 0x01, 0xFF, 0xFF, 0xFF, 0xC0,
  0x00, 0x00, 0x7F, 0xFF, 0xFF, 0xFF, 0x00, 0x00, 0x0F, 0xFF, 0xFF,
  0xFF, 0xF8, 0x00, 0x01, 0xFF, 0xFF, 0xFF, 0xFF, 0xC0, 0x00, 0x3F,
  0xFF, 0xFF, 0xFF, 0xFE, 0x00, 0x07, 0xFF, 0xFF, 0xFF, 0xFF, 0xF0,
  0x00, 0xFF, 0xFF, 0x80, 0xFF, 0xFF, 0x80, 0x1F, 0xFF, 0xC0, 0x01,
  0xFF, 0xFC, 0x01, 0xFF, 0xF0, 0x00, 0x07, 0xFF, 0xC0, 0x3F, 0xFE,
  0x00, 0x00, 0x3F, 0xFE, 0x03, 0xFF, 0xC0, 0x00, 0x01, 0xFF, 0xE0,
  0x7F, 0xF8, 0x00, 0x00, 0x0F, 0xFF, 0x07, 0xFF, 0x00, 0x00, 0x00,
  0xFF, 0xF0, 0x7F, 0xF0, 0x00, 0x00, 0x07, 0xFF, 0x0F, 0xFE, 0x00,
  0x00, 0x00, 0x3F, 0xF8, 0xFF, 0xE0, 0x00, 0x00, 0x03, 0xFF, 0x8F,
  0xFE, 0x00, 0x00, 0x00, 0x3F, 0xF8, 0xFF, 0xC0, 0x00, 0x00, 0x03,
  0xFF, 0x8F, 0xFC, 0x00, 0x00, 0x00, 0x1F, 0xF8, 0xFF, 0xC0, 0x00,
  0x00, 0x01, 0xFF, 0x8F, 0xFC, 0x00, 0x00, 0x00, 0x1F, 0xF8, 0xFF,
  0xC0, 0x00, 0x00, 0x01, 0xFF, 0x8F, 0xFC, 0x00, 0x00, 0x00, 0x1F,
  0xF8, 0xFF, 0xC0, 0x00, 0x00, 0x03, 0xFF, 0x8F, 0xFE, 0x00, 0x00,
  0x00, 0x3F, 0xF8, 0xFF, 0xE0, 0x00, 0x00, 0x03, 0xFF, 0x8F, 0xFE,
  0x00, 0x00, 0x00, 0x7F, 0xF8, 0xFF, 0xF0, 0x00, 0x00, 0x07, 0xFF,
  0x07, 0xFF, 0x00, 0x00, 0x00, 0xFF, 0xF0, 0x7F, 0xF8, 0x00, 0x00,
  0x0F, 0xFF, 0x03, 0xFF, 0xC0, 0x00, 0x01, 0xFF, 0xE0, 0x3F, 0xFE,
  0x00, 0x00, 0x3F, 0xFE, 0x01, 0xFF, 0xF0, 0x00, 0x0F, 0xFF, 0xC0,
  0x1F, 0xFF, 0xC0, 0x01, 0xFF, 0xF8, 0x00, 0xFF, 0xFF, 0xC1, 0xFF,
  0xFF, 0x80, 0x07, 0xFF, 0xFF, 0xFF, 0xFF, 0xF0, 0x00, 0x3F, 0xFF,
  0xFF, 0xFF, 0xFE, 0x00, 0x01, 0xFF, 0xFF, 0xFF, 0xFF, 0xC0, 0x00,
  0x0F, 0xFF, 0xFF, 0xFF, 0xF8, 0x00, 0x00, 0x7F, 0xFF, 0xFF, 0xFE,
  0x00, 0x00, 0x03, 0xFF, 0xFF, 0xFF, 0xC0, 0x00, 0x00, 0x0F, 0xFF,
  0xFF, 0xF0, 0x00, 0x00, 0x00, 0x3F, 0xFF, 0xF8, 0x00, 0x20, 0x00,
  0x00, 0x3F, 0xFF, 0xC0, 0x03, 0x00, 0x00, 0x00, 0x7F, 0xFF, 0x00,
  0xF8, 0x00, 0x00, 0x03, 0xFF, 0xFE, 0xFF, 0xC0, 0x00, 0x00, 0x1F,
  0xFF, 0xFF, 0xFC, 0x00, 0x00, 0x00, 0xFF, 0xFF, 0xFF, 0xF0, 0x00,
  0x00, 0x07, 0xFF, 0xFF, 0xFE, 0x00, 0x00, 0x00, 0x1F, 0xFF, 0xFF,
  0xC0, 0x00, 0x00, 0x00, 0xFF, 0xFF, 0xF8, 0x00, 0x00, 0x00, 0x03,
  0xFF, 0xFF, 0x00, 0x00, 0x00, 0x00, 0x0F, 0xFF, 0xC0, 0x00, 0x00,
  0x00, 0x00, 0x1F, 0xF0, 0x00, 0xFF, 0xFF, 0xFF, 0xC0, 0x00, 0x7F,
  0xFF, 0xFF, 0xFC, 0x00, 0x3F, 0xFF, 0xFF, 0xFF, 0xC0, 0x1F, 0xFF,
  0xFF, 0xFF, 0xF0, 0x0F, 0xFF, 0xFF, 0xFF, 0xFE, 0x07, 0xFF, 0xFF,
  0xFF, 0xFF, 0x83, 0xFF, 0xFF, 0xFF, 0xFF, 0xE1, 0xFF, 0xFF, 0xFF,
  0xFF, 0xF0, 0xFF, 0xE0, 0x07, 0xFF, 0xFC, 0x7F, 0xF0, 0x00, 0x3F,
  0xFE, 0x3F, 0xF8, 0x00, 0x07, 0xFF, 0x9F, 0xFC, 0x00, 0x01, 0xFF,
  0xCF, 0xFE, 0x00, 0x00, 0xFF, 0xE7, 0xFF, 0x00, 0x00, 0x3F, 0xFB,
  0xFF, 0x80, 0x00, 0x1F, 0xFD, 0xFF, 0xC0, 0x00, 0x0F, 0xFE, 0xFF,
  0xE0, 0x00, 0x07, 0xFF, 0x7F, 0xF0, 0x00, 0x03, 0xFF, 0xBF, 0xF8,
  0x00, 0x01, 0xFF, 0xDF, 0xFC, 0x00, 0x00, 0xFF, 0xEF, 0xFE, 0x00,
  0x00, 0xFF, 0xE7, 0xFF, 0x00, 0x00, 0x7F, 0xF3, 0xFF, 0x80, 0x00,
  0x7F, 0xF9, 0xFF, 0xC0, 0x00, 0xFF, 0xF8, 0xFF, 0xE0, 0x07, 0xFF,
  0xFC, 0x7F, 0xFF, 0xFF, 0xFF, 0xFC, 0x3F, 0xFF, 0xFF, 0xFF, 0xFE,
  0x1F, 0xFF, 0xFF, 0xFF, 0xFE, 0x0F, 0xFF, 0xFF, 0xFF, 0xFE, 0x07,
  0xFF, 0xFF, 0xFF, 0xFC, 0x03, 0xFF, 0xFF, 0xFF, 0xFC, 0x01, 0xFF,
  0xFF, 0xFF, 0xFC, 0x00, 0xFF, 0xFF, 0xFF, 0xFF, 0x00, 0x7F, 0xF0,
  0x03, 0xFF, 0x80, 0x3F, 0xF8, 0x00, 0xFF, 0xE0, 0x1F, 0xFC, 0x00,
  0x7F, 0xF8, 0x0F, 0xFE, 0x00, 0x1F, 0xFC, 0x07, 0xFF, 0x00, 0x07,
  0xFF, 0x03, 0xFF, 0x80, 0x03, 0xFF, 0xC1, 0xFF, 0xC0, 0x00, 0xFF,
  0xE0, 0xFF, 0xE0, 0x00, 0x3F, 0xF8, 0x7F, 0xF0, 0x00, 0x1F, 0xFE,
  0x3F, 0xF8, 0x00, 0x07, 0xFF, 0x1F, 0xFC, 0x00, 0x01, 0xFF, 0xCF,
  0xFE, 0x00, 0x00, 0xFF, 0xF7, 0xFF, 0x00, 0x00, 0x3F, 0xFC, 0x00,
  0x03, 0xFF, 0xC0, 0x00, 0x00, 0xFF, 0xFF, 0xF0, 0x00, 0x0F, 0xFF,
  0xFF, 0xF8, 0x00, 0x7F, 0xFF, 0xFF, 0xF8, 0x07, 0xFF, 0xFF, 0xFF,
  0xF0, 0x3F, 0xFF, 0xFF, 0xFF, 0x81, 0xFF, 0xFF, 0xFF, 0xFE, 0x07,
  0xFF, 0xFF, 0xFF, 0xF0, 0x3F, 0xFF, 0xE7, 0xFF, 0xC0, 0xFF, 0xF0,
  0x00, 0xFF, 0x07, 0xFF, 0x80, 0x00, 0x78, 0x1F, 0xFC, 0x00, 0x00,
  0x60, 0x7F, 0xE0, 0x00, 0x00, 0x01, 0xFF, 0x80, 0x00, 0x00, 0x07,
  0xFE, 0x00, 0x00, 0x00, 0x1F, 0xFC, 0x00, 0x00, 0x00, 0x7F, 0xF0,
  0x00, 0x00, 0x01, 0xFF, 0xF0, 0x00, 0x00, 0x07, 0xFF, 0xF8, 0x00,
  0x00, 0x0F, 0xFF, 0xFC, 0x00, 0x00, 0x3F, 0xFF, 0xFF, 0x80, 0x00,
  0x7F, 0xFF, 0xFF, 0xC0, 0x01, 0xFF, 0xFF, 0xFF, 0xC0, 0x01, 0xFF,
  0xFF, 0xFF, 0xC0, 0x03, 0xFF, 0xFF, 0xFF, 0xC0, 0x03, 0xFF, 0xFF,
  0xFF, 0x80, 0x03, 0xFF, 0xFF, 0xFF, 0x00, 0x01, 0xFF, 0xFF, 0xFC,
  0x00, 0x00, 0x7F, 0xFF, 0xF8, 0x00, 0x00, 0x1F, 0xFF, 0xE0, 0x00,
  0x00, 0x0F, 0xFF, 0x80, 0x00, 0x00, 0x0F, 0xFF, 0x00, 0x00, 0x00,
  0x1F, 0xFC, 0x00, 0x00, 0x00, 0x7F, 0xF0, 0x00, 0x00, 0x01, 0xFF,
  0xC6, 0x00, 0x00, 0x07, 0xFF, 0x1C, 0x00, 0x00, 0x1F, 0xF8, 0xFC,
  0x00, 0x00, 0xFF, 0xE3, 0xFE, 0x00, 0x07, 0xFF, 0x9F, 0xFF, 0xE7,
  0xFF, 0xFC, 0x7F, 0xFF, 0xFF, 0xFF, 0xF3, 0xFF, 0xFF, 0xFF, 0xFF,
  0x8F, 0xFF, 0xFF, 0xFF, 0xFC, 0x1F, 0xFF, 0xFF, 0xFF, 0xE0, 0x1F,
  0xFF, 0xFF, 0xFF, 0x00, 0x1F, 0xFF, 0xFF, 0xF0, 0x00, 0x0F, 0xFF,
  0xFF, 0x00, 0x00, 0x03, 0xFF, 0xC0, 0x00, 0xFF, 0xFF, 0xFF, 0xFF,
  0xFF, 0xFF, 0xFF, 0xFF, 0xFF, 0xFF, 0xFF, 0xFF, 0xFF, 0xFF, 0xFF,
  0xFF, 0xFF, 0xFF, 0xFF, 0xFF, 0xFF, 0xFF, 0xFF, 0xFF, 0xFF, 0xFF,
  0xFF, 0xFF, 0xFF, 0xFF, 0xFF, 0xFF, 0xFF, 0xFF, 0xFF, 0xFF, 0xFF,
  0xFF, 0xFF, 0xFF, 0x00, 0x01, 0xFF, 0x80, 0x00, 0x00, 0x01, 0xFF,
  0x80, 0x00, 0x00, 0x01, 0xFF, 0x80, 0x00, 0x00, 0x01, 0xFF, 0x80,
  0x00, 0x00, 0x01, 0xFF, 0x80, 0x00, 0x00, 0x01, 0xFF, 0x80, 0x00,
  0x00, 0x01, 0xFF, 0x80, 0x00, 0x00, 0x01, 0xFF, 0x80, 0x00, 0x00,
  0x01, 0xFF, 0x80, 0x00, 0x00, 0x01, 0xFF, 0x80, 0x00, 0x00, 0x01,
  0xFF, 0x80, 0x00, 0x00, 0x01, 0xFF, 0x80, 0x00, 0x00, 0x01, 0xFF,
  0x80, 0x00, 0x00, 0x01, 0xFF, 0x80, 0x00, 0x00, 0x01, 0xFF, 0x80,
  0x00, 0x00, 0x01, 0xFF, 0x80, 0x00, 0x00, 0x01, 0xFF, 0x80, 0x00,
  0x00, 0x01, 0xFF, 0x80, 0x00, 0x00, 0x01, 0xFF, 0x80, 0x00, 0x00,
  0x01, 0xFF, 0x80, 0x00, 0x00, 0x01, 0xFF, 0x80, 0x00, 0x00, 0x01,
  0xFF, 0x80, 0x00, 0x00, 0x01, 0xFF, 0x80, 0x00, 0x00, 0x01, 0xFF,
  0x80, 0x00, 0x00, 0x01, 0xFF, 0x80, 0x00, 0x00, 0x01, 0xFF, 0x80,
  0x00, 0x00, 0x01, 0xFF, 0x80, 0x00, 0x00, 0x01, 0xFF, 0x80, 0x00,
  0x00, 0x01, 0xFF, 0x80, 0x00, 0x00, 0x01, 0xFF, 0x80, 0x00, 0x00,
  0x01, 0xFF, 0x80, 0x00, 0x00, 0x01, 0xFF, 0x80, 0x00, 0x00, 0x01,
  0xFF, 0x80, 0x00, 0x00, 0x01, 0xFF, 0x80, 0x00, 0x00, 0x01, 0xFF,
  0x80, 0x00, 0x00, 0x01, 0xFF, 0x80, 0x00, 0x00, 0x01, 0xFF, 0x80,
  0x00, 0x00, 0x01, 0xFF, 0x80, 0x00, 0xFF, 0xE0, 0x00, 0x01, 0xFF,
  0xFF, 0xF0, 0x00, 0x00, 0xFF, 0xFF, 0xF8, 0x00, 0x00, 0x7F, 0xFF,
  0xFC, 0x00, 0x00, 0x3F, 0xFF, 0xFE, 0x00, 0x00, 0x1F, 0xFF, 0xFF,
  0x00, 0x00, 0x0F, 0xFF, 0xFF, 0x80, 0x00, 0x07, 0xFF, 0xFF, 0xC0,
  0x00, 0x03, 0xFF, 0xFF, 0xE0, 0x00, 0x01, 0xFF, 0xFF, 0xF0, 0x00,
  0x00, 0xFF, 0xFF, 0xF8, 0x00, 0x00, 0x7F, 0xFF, 0xFC, 0x00, 0x00,
  0x3F, 0xFF, 0xFE, 0x00, 0x00, 0x1F, 0xFF, 0xFF, 0x00, 0x00, 0x0F,
  0xFF, 0xFF, 0x80, 0x00, 0x07, 0xFF, 0xFF, 0xC0, 0x00, 0x03, 0xFF,
  0xFF, 0xE0, 0x00, 0x01, 0xFF, 0xFF, 0xF0, 0x00, 0x00, 0xFF, 0xFF,
  0xF8, 0x00, 0x00, 0x7F, 0xFF, 0xFC, 0x00, 0x00, 0x3F, 0xFF, 0xFE,
  0x00, 0x00, 0x1F, 0xFF, 0xFF, 0x00, 0x00, 0x0F, 0xFF, 0xFF, 0x80,
  0x00, 0x07, 0xFF, 0xFF, 0xC0, 0x00, 0x03, 0xFF, 0xFF, 0xE0, 0x00,
  0x01, 0xFF, 0xFF, 0xF0, 0x00, 0x00, 0xFF, 0xFF, 0xF8, 0x00, 0x00,
  0x7F, 0xFF, 0xFC, 0x00, 0x00, 0x3F, 0xFF, 0xFE, 0x00, 0x00, 0x1F,
  0xFF, 0xFF, 0x00, 0x00, 0x1F, 0xFF, 0xFF, 0x80, 0x00, 0x0F, 0xFF,
  0xFF, 0xC0, 0x00, 0x07, 0xFF, 0x7F, 0xF0, 0x00, 0x03, 0xFF, 0xBF,
  0xF8, 0x00, 0x03, 0xFF, 0x9F, 0xFE, 0x00, 0x01, 0xFF, 0xC7, 0xFF,
  0x80, 0x01, 0xFF, 0xE3, 0xFF, 0xE0, 0x03, 0xFF, 0xE1, 0xFF, 0xFC,
  0x07, 0xFF, 0xF0, 0x7F, 0xFF, 0xFF, 0xFF, 0xF0, 0x1F, 0xFF, 0xFF,
  0xFF, 0xF8, 0x0F, 0xFF, 0xFF, 0xFF, 0xF8, 0x03, 0xFF, 0xFF, 0xFF,
  0xF8, 0x00, 0xFF, 0xFF, 0xFF, 0xF8, 0x00, 0x1F, 0xFF, 0xFF, 0xF0,
  0x00, 0x07, 0xFF, 0xFF, 0xF0, 0x00, 0x00, 0x7F, 0xFF, 0xE0, 0x00,
  0x00, 0x07, 0xFF, 0x00, 0x00, 0xFF, 0xF0, 0x00, 0x00, 0x01, 0xFF,
  0xDF, 0xFC, 0x00, 0x00, 0x00, 0x7F, 0xF7, 0xFF, 0x80, 0x00, 0x00,
  0x1F, 0xF8, 0xFF, 0xE0, 0x00, 0x00, 0x0F, 0xFE, 0x3F, 0xFC, 0x00,
  0x00, 0x03, 0xFF, 0x07, 0xFF, 0x00, 0x00, 0x01, 0xFF, 0xC1, 0xFF,
  0xE0, 0x00, 0x00, 0x7F, 0xE0, 0x3F, 0xF8, 0x00, 0x00, 0x3F, 0xF8,
  0x0F, 0xFE, 0x00, 0x00, 0x0F, 0xFE, 0x03, 0xFF, 0xC0, 0x00, 0x03,
  0xFF, 0x00, 0x7F, 0xF0, 0x00, 0x01, 0xFF, 0xC0, 0x1F, 0xFE, 0x00,
  0x00, 0x7F, 0xE0, 0x03, 0xFF, 0x80, 0x00, 0x3F, 0xF8, 0x00, 0xFF,
  0xE0, 0x00, 0x0F, 0xFC, 0x00, 0x1F, 0xFC, 0x00, 0x07, 0xFF, 0x00,
  0x07, 0xFF, 0x00, 0x01, 0xFF, 0xC0, 0x01, 0xFF, 0xE0, 0x00, 0x7F,
  0xE0, 0x00, 0x3F, 0xF8, 0x00, 0x3F, 0xF8, 0x00, 0x0F, 0xFF, 0x00,
  0x0F, 0xFC, 0x00, 0x01, 0xFF, 0xC0, 0x07, 0xFF, 0x00, 0x00, 0x7F,
  0xF0, 0x01, 0xFF, 0x80, 0x00, 0x0F, 0xFE, 0x00, 0x7F, 0xE0, 0x00,
  0x03, 0xFF, 0x80, 0x3F, 0xF8, 0x00, 0x00, 0xFF, 0xF0, 0x0F, 0xFC,
  0x00, 0x00, 0x1F, 0xFC, 0x07, 0xFF, 0x00, 0x00, 0x07, 0xFF, 0x01,
  0xFF, 0x80, 0x00, 0x00, 0xFF, 0xE0, 0xFF, 0xE0, 0x00, 0x00, 0x3F,
  0xF8, 0x3F, 0xF0, 0x00, 0x00, 0x07, 0xFF, 0x0F, 0xFC, 0x00, 0x00,
  0x01, 0xFF, 0xC7, 0xFF, 0x00, 0x00, 0x00, 0x7F, 0xF9, 0xFF, 0x80,
  0x00, 0x00, 0x0F, 0xFE, 0xFF, 0xE0, 0x00, 0x00, 0x03, 0xFF, 0xBF,
  0xF0, 0x00, 0x00, 0x00, 0x7F, 0xFF, 0xFC, 0x00, 0x00, 0x00, 0x1F,
  0xFF, 0xFE, 0x00, 0x00, 0x00, 0x03, 0xFF, 0xFF, 0x80, 0x00, 0x00,
  0x00, 0xFF, 0xFF, 0xE0, 0x00, 0x00, 0x00, 0x3F, 0xFF, 0xF0, 0x00,
  0x00, 0x00, 0x07, 0xFF, 0xFC, 0x00, 0x00, 0x00, 0x01, 0xFF, 0xFE,
  0x00, 0x00, 0x00, 0x00, 0x3F, 0xFF, 0x80, 0x00, 0x00, 0x00, 0x0F,
  0xFF, 0xC0, 0x00, 0x00, 0x00, 0x01, 0xFF, 0xF0, 0x00, 0x00, 0x00,
  0x00, 0x7F, 0xFC, 0x00, 0x00, 0x00, 0x00, 0x1F, 0xFE, 0x00, 0x00,
  0x00, 0x00, 0x03, 0xFF, 0x80, 0x00, 0x00, 0xFF, 0xF0, 0x00, 0x00,
  0xFF, 0xC0, 0x00, 0x01, 0xFF, 0xBF, 0xF8, 0x00, 0x00, 0x7F, 0xF0,
  0x00, 0x00, 0xFF, 0xDF, 0xFC, 0x00, 0x00, 0x7F, 0xF8, 0x00, 0x00,
  0xFF, 0xC7, 0xFE, 0x00, 0x00, 0x3F, 0xFC, 0x00, 0x00, 0x7F, 0xE3,
  0xFF, 0x80, 0x00, 0x1F, 0xFF, 0x00, 0x00, 0x3F, 0xF1, 0xFF, 0xC0,
  0x00, 0x0F, 0xFF, 0x80, 0x00, 0x3F, 0xF0, 0x7F, 0xE0, 0x00, 0x0F,
  0xFF, 0xC0, 0x00, 0x1F, 0xF8, 0x3F, 0xF8, 0x00, 0x07, 0xFF, 0xE0,
  0x00, 0x0F, 0xFC, 0x1F, 0xFC, 0x00, 0x03, 0xFF, 0xF8, 0x00, 0x0F,
  0xFC, 0x07, 0xFE, 0x00, 0x03, 0xFF, 0xFC, 0x00, 0x07, 0xFE, 0x03,
  0xFF, 0x80, 0x01, 0xFF, 0xFE, 0x00, 0x03, 0xFF, 0x01, 0xFF, 0xC0,
  0x00, 0xFF, 0xFF, 0x80, 0x03, 0xFF, 0x00, 0x7F, 0xE0, 0x00, 0xFF,
  0xFF, 0xC0, 0x01, 0xFF, 0x80, 0x3F, 0xF8, 0x00, 0x7F, 0xFF, 0xE0,
  0x00, 0xFF, 0xC0, 0x1F, 0xFC, 0x00, 0x3F, 0xFF, 0xF8, 0x00, 0xFF,
  0xC0, 0x0F, 0xFE, 0x00, 0x3F, 0xFF, 0xFC, 0x00, 0x7F, 0xE0, 0x03,
  0xFF, 0x80, 0x1F, 0xFF, 0xFE, 0x00, 0x3F, 0xF0, 0x01, 0xFF, 0xC0,
  0x0F, 0xF9, 0xFF, 0x80, 0x3F, 0xF8, 0x00, 0xFF, 0xE0, 0x0F, 0xFC,
  0xFF, 0xC0, 0x1F, 0xF8, 0x00, 0x3F, 0xF8, 0x07, 0xFE, 0x7F, 0xE0,
  0x0F, 0xFC, 0x00, 0x1F, 0xFC, 0x03, 0xFE, 0x1F, 0xF8, 0x0F, 0xFE,
  0x00, 0x0F, 0xFE, 0x03, 0xFF, 0x0F, 0xFC, 0x07, 0xFE, 0x00, 0x03,
  0xFF, 0x01, 0xFF, 0x87, 0xFE, 0x03, 0xFF, 0x00, 0x01, 0xFF, 0xC0,
  0xFF, 0x81, 0xFF, 0x83, 0xFF, 0x80, 0x00, 0xFF, 0xE0, 0xFF, 0xC0,
  0xFF, 0xC1, 0xFF, 0x80, 0x00, 0x3F, 0xF0, 0x7F, 0xE0, 0x7F, 0xE0,
  0xFF, 0xC0, 0x00, 0x1F, 0xFC, 0x3F, 0xE0, 0x1F, 0xF8, 0x7F, 0xE0,
  0x00, 0x0F, 0xFE, 0x3F, 0xF0, 0x0F, 0xFC, 0x7F, 0xE0, 0x00, 0x03,
  0xFF, 0x1F, 0xF8, 0x07, 0xFE, 0x3F, 0xF0, 0x00, 0x01, 0xFF, 0xCF,
  0xF8, 0x01, 0xFF, 0x1F, 0xF8, 0x00, 0x00, 0xFF, 0xEF, 0xFC, 0x00,
  0xFF, 0xDF, 0xF8, 0x00, 0x00, 0x3F, 0xF7, 0xFE, 0x00, 0x7F, 0xEF,
  0xFC, 0x00, 0x00, 0x1F, 0xFF, 0xFE, 0x00, 0x1F, 0xF7, 0xFE, 0x00,
  0x00, 0x0F, 0xFF, 0xFF, 0x00, 0x0F, 0xFF, 0xFE, 0x00, 0x00, 0x03,
  0xFF, 0xFF, 0x00, 0x07, 0xFF, 0xFF, 0x00, 0x00, 0x01, 0xFF, 0xFF,
  0x80, 0x01, 0xFF, 0xFF, 0x80, 0x00, 0x00, 0xFF, 0xFF, 0xC0, 0x00,
  0xFF, 0xFF, 0x80, 0x00, 0x00, 0x3F, 0xFF, 0xC0, 0x00, 0x7F, 0xFF,
  0xC0, 0x00, 0x00, 0x1F, 0xFF, 0xE0, 0x00, 0x1F, 0xFF, 0xE0, 0x00,
  0x00, 0x0F, 0xFF, 0xF0, 0x00, 0x0F, 0xFF, 0xE0, 0x00, 0x00, 0x03,
  0xFF, 0xF0, 0x00, 0x07, 0xFF, 0xF0, 0x00, 0x00, 0x01, 0xFF, 0xF8,
  0x00, 0x03, 0xFF, 0xF8, 0x00, 0x00, 0x00, 0xFF, 0xFC, 0x00, 0x00,
  0xFF, 0xF8, 0x00, 0x00, 0x00, 0x3F, 0xFC, 0x00, 0x00, 0x7F, 0xFC,
  0x00, 0x00, 0x00, 0x1F, 0xFE, 0x00, 0x00, 0x3F, 0xFE, 0x00, 0x00,
  0x00, 0x0F, 0xFF, 0x00, 0x00, 0x0F, 0xFE, 0x00, 0x00, 0x7F, 0xF8,
  0x00, 0x00, 0x7F, 0xF8, 0xFF, 0xF0, 0x00, 0x01, 0xFF, 0xC1, 0xFF,
  0xE0, 0x00, 0x0F, 0xFE, 0x07, 0xFF, 0x80, 0x00, 0x7F, 0xF8, 0x0F,
  0xFF, 0x00, 0x01, 0xFF, 0xC0, 0x1F, 0xFE, 0x00, 0x0F, 0xFE, 0x00,
  0x3F, 0xF8, 0x00, 0x7F, 0xF8, 0x00, 0xFF, 0xF0, 0x01, 0xFF, 0xC0,
  0x01, 0xFF, 0xE0, 0x0F, 0xFE, 0x00, 0x03, 0xFF, 0x80, 0x7F, 0xF0,
  0x00, 0x0F, 0xFF, 0x01, 0xFF, 0xC0, 0x00, 0x1F, 0xFE, 0x0F, 0xFE,
  0x00, 0x00, 0x3F, 0xFC, 0x7F, 0xF0, 0x00, 0x00, 0xFF, 0xF1, 0xFF,
  0xC0, 0x00, 0x01, 0xFF, 0xEF, 0xFE, 0x00, 0x00, 0x03, 0xFF, 0xFF,
  0xF0, 0x00, 0x00, 0x07, 0xFF, 0xFF, 0x80, 0x00, 0x00, 0x1F, 0xFF,
  0xFE, 0x00, 0x00, 0x00, 0x3F, 0xFF, 0xF0, 0x00, 0x00, 0x00, 0x7F,
  0xFF, 0x80, 0x00, 0x00, 0x01, 0xFF, 0xFE, 0x00, 0x00, 0x00, 0x03,
  0xFF, 0xF0, 0x00, 0x00, 0x00, 0x07, 0xFF, 0x80, 0x00, 0x00, 0x00,
  0x1F, 0xFF, 0x00, 0x00, 0x00, 0x00, 0xFF, 0xFE, 0x00, 0x00, 0x00,
  0x07, 0xFF, 0xF8, 0x00, 0x00, 0x00, 0x3F, 0xFF, 0xF0, 0x00, 0x00,
  0x00, 0xFF, 0xFF, 0xE0, 0x00, 0x00, 0x07, 0xFF, 0xFF, 0xC0, 0x00,
  0x00, 0x3F, 0xFF, 0xFF, 0x00, 0x00, 0x01, 0xFF, 0xFF, 0xFE, 0x00,
  0x00, 0x07, 0xFF, 0x3F, 0xFC, 0x00, 0x00, 0x3F, 0xFC, 0x7F, 0xF0,
  0x00, 0x01, 0xFF, 0xE1, 0xFF, 0xE0, 0x00, 0x07, 0xFF, 0x03, 0xFF,
  0xC0, 0x00, 0x3F, 0xF8, 0x07, 0xFF, 0x80, 0x01, 0xFF, 0xE0, 0x1F,
  0xFE, 0x00, 0x0F, 0xFF, 0x00, 0x3F, 0xFC, 0x00, 0x3F, 0xF8, 0x00,
  0x7F, 0xF8, 0x01, 0xFF, 0xE0, 0x00, 0xFF, 0xF0, 0x0F, 0xFF, 0x00,
  0x03, 0xFF, 0xC0, 0x7F, 0xF8, 0x00, 0x07, 0xFF, 0x81, 0xFF, 0xE0,
  0x00, 0x0F, 0xFF, 0x0F, 0xFF, 0x00, 0x00, 0x3F, 0xFC, 0x7F, 0xF8,
  0x00, 0x00, 0x7F, 0xFB, 0xFF, 0xE0, 0x00, 0x00, 0xFF, 0xF0, 0xFF,
  0xF0, 0x00, 0x00, 0x1F, 0xFD, 0xFF, 0xC0, 0x00, 0x00, 0x7F, 0xE3,
  0xFF, 0x80, 0x00, 0x03, 0xFF, 0x0F, 0xFE, 0x00, 0x00, 0x0F, 0xFC,
  0x1F, 0xFC, 0x00, 0x00, 0x7F, 0xE0, 0x7F, 0xF0, 0x00, 0x03, 0xFF,
  0x80, 0xFF, 0xE0, 0x00, 0x0F, 0xFC, 0x01, 0xFF, 0xC0, 0x00, 0x7F,
  0xF0, 0x07, 0xFF, 0x00, 0x01, 0xFF, 0x80, 0x0F, 0xFE, 0x00, 0x0F,
  0xFC, 0x00, 0x3F, 0xF8, 0x00, 0x7F, 0xF0, 0x00, 0x7F, 0xF0, 0x01,
  0xFF, 0x80, 0x01, 0xFF, 0xE0, 0x0F, 0xFE, 0x00, 0x03, 0xFF, 0x80,
  0x3F, 0xF0, 0x00, 0x07, 0xFF, 0x01, 0xFF, 0x80, 0x00, 0x1F, 0xFC,
  0x0F, 0xFE, 0x00, 0x00, 0x3F, 0xF8, 0x3F, 0xF0, 0x00, 0x00, 0xFF,
  0xE1, 0xFF, 0xC0, 0x00, 0x01, 0xFF, 0xC7, 0xFE, 0x00, 0x00, 0x03,
  0xFF, 0xBF, 0xF0, 0x00, 0x00, 0x0F, 0xFE, 0xFF, 0xC0, 0x00, 0x00,
  0x1F, 0xFF, 0xFE, 0x00, 0x00, 0x00, 0x7F, 0xFF, 0xF8, 0x00, 0x00,
  0x00, 0xFF, 0xFF, 0xC0, 0x00, 0x00, 0x01, 0xFF, 0xFE, 0x00, 0x00,
  0x00, 0x07, 0xFF, 0xF8, 0x00, 0x00, 0x00, 0x0F, 0xFF, 0xC0, 0x00,
  0x00, 0x00, 0x3F, 0xFF, 0x00, 0x00, 0x00, 0x00, 0x7F, 0xF8, 0x00,
  0x00, 0x00, 0x00, 0xFF, 0xC0, 0x00, 0x00, 0x00, 0x03, 0xFF, 0x00,
  0x00, 0x00, 0x00, 0x0F, 0xFC, 0x00, 0x00, 0x00, 0x00, 0x3F, 0xF0,
  0x00, 0x00, 0x00, 0x00, 0xFF, 0xC0, 0x00, 0x00, 0x00, 0x03, 0xFF,
  0x00, 0x00, 0x00, 0x00, 0x0F, 0xFC, 0x00, 0x00, 0x00, 0x00, 0x3F,
  0xF0, 0x00, 0x00, 0x00, 0x00, 0xFF, 0xC0, 0x00, 0x00, 0x00, 0x03,
  0xFF, 0x00, 0x00, 0x00, 0x00, 0x0F, 0xFC, 0x00, 0x00, 0x00, 0x00,
  0x3F, 0xF0, 0x00, 0x00, 0x00, 0x00, 0xFF, 0xC0, 0x00, 0x00, 0x00,
  0x03, 0xFF, 0x00, 0x00, 0x00, 0x00, 0x0F, 0xFC, 0x00, 0x00, 0x00,
  0x00, 0x3F, 0xF0, 0x00, 0x00, 0x00, 0x00, 0xFF, 0xC0, 0x00, 0x00,
  0x7F, 0xFF, 0xFF, 0xFF, 0xFE, 0x7F, 0xFF, 0xFF, 0xFF, 0xFE, 0x7F,
  0xFF, 0xFF, 0xFF, 0xFE, 0x7F, 0xFF, 0xFF, 0xFF, 0xFE, 0x7F, 0xFF,
  0xFF, 0xFF, 0xFE, 0x7F, 0xFF, 0xFF, 0xFF, 0xFE, 0x7F, 0xFF, 0xFF,
  0xFF, 0xFE, 0x7F, 0xFF, 0xFF, 0xFF, 0xFE, 0x00, 0x00, 0x00, 0x7F,
  0xFC, 0x00, 0x00, 0x00, 0x7F, 0xF8, 0x00, 0x00, 0x00, 0xFF, 0xF0,
  0x00, 0x00, 0x01, 0xFF, 0xE0, 0x00, 0x00, 0x03, 0xFF, 0xE0, 0x00,
  0x00, 0x07, 0xFF, 0xC0, 0x00, 0x00, 0x07, 0xFF, 0x80, 0x00, 0x00,
  0x0F, 0xFF, 0x00, 0x00, 0x00, 0x1F, 0xFE, 0x00, 0x00, 0x00, 0x3F,
  0xFE, 0x00, 0x00, 0x00, 0x7F, 0xFC, 0x00, 0x00, 0x00, 0xFF, 0xF8,
  0x00, 0x00, 0x00, 0xFF, 0xF0, 0x00, 0x00, 0x01, 0xFF, 0xE0, 0x00,
  0x00, 0x03, 0xFF, 0xE0, 0x00, 0x00, 0x07, 0xFF, 0xC0, 0x00, 0x00,
  0x0F, 0xFF, 0x80, 0x00, 0x00, 0x0F, 0xFF, 0x00, 0x00, 0x00, 0x1F,
  0xFE, 0x00, 0x00, 0x00, 0x3F, 0xFE, 0x00, 0x00, 0x00, 0x7F, 0xFC,
  0x00, 0x00, 0x00, 0xFF, 0xF8, 0x00, 0x00, 0x00, 0xFF, 0xF0, 0x00,
  0x00, 0x01, 0xFF, 0xE0, 0x00, 0x00, 0x03, 0xFF, 0xC0, 0x00, 0x00,
  0x07, 0xFF, 0xC0, 0x00, 0x00, 0x0F, 0xFF, 0x80, 0x00, 0x00, 0x0F,
  0xFF, 0x00, 0x00, 0x00, 0x1F, 0xFE, 0x00, 0x00, 0x00, 0x3F, 0xFC,
  0x00, 0x00, 0x00, 0x7F, 0xFF, 0xFF, 0xFF, 0xFF, 0xFF, 0xFF, 0xFF,
  0xFF, 0xFF, 0xFF, 0xFF, 0xFF, 0xFF, 0xFF, 0xFF, 0xFF, 0xFF, 0xFF,
  0xFF, 0xFF, 0xFF, 0xFF, 0xFF, 0xFF, 0xFF, 0xFF, 0xFF, 0xFF, 0xFF,
  0xFF, 0xFF, 0xFF, 0xFF, 0xFF, 0xFF, 0xFF, 0xFF, 0xFF, 0xFF, 0xFF,
  0xFF, 0xFF, 0xFF, 0xFF, 0xFF, 0xFF, 0xFF, 0xFF, 0xFF, 0xFF, 0xFF,
  0xFF, 0xFF, 0xFF, 0xFF, 0xFF, 0xFF, 0xFF, 0xE0, 0x3F, 0xF8, 0x0F,
  0xFE, 0x03, 0xFF, 0x80, 0xFF, 0xE0, 0x3F, 0xF8, 0x0F, 0xFE, 0x03,
  0xFF, 0x80, 0xFF, 0xE0, 0x3F, 0xF8, 0x0F, 0xFE, 0x03, 0xFF, 0x80,
  0xFF, 0xE0, 0x3F, 0xF8, 0x0F, 0xFE, 0x03, 0xFF, 0x80, 0xFF, 0xE0,
  0x3F, 0xF8, 0x0F, 0xFE, 0x03, 0xFF, 0x80, 0xFF, 0xE0, 0x3F, 0xF8,
  0x0F, 0xFE, 0x03, 0xFF, 0x80, 0xFF, 0xE0, 0x3F, 0xF8, 0x0F, 0xFE,
  0x03, 0xFF, 0x80, 0xFF, 0xE0, 0x3F, 0xF8, 0x0F, 0xFE, 0x03, 0xFF,
  0x80, 0xFF, 0xE0, 0x3F, 0xF8, 0x0F, 0xFE, 0x03, 0xFF, 0x80, 0xFF,
  0xE0, 0x3F, 0xF8, 0x0F, 0xFE, 0x03, 0xFF, 0x80, 0xFF, 0xE0, 0x3F,
  0xF8, 0x0F, 0xFE, 0x03, 0xFF, 0x80, 0xFF, 0xE0, 0x3F, 0xF8, 0x0F,
  0xFF, 0xFF, 0xFF, 0xFF, 0xFF, 0xFF, 0xFF, 0xFF, 0xFF, 0xFF, 0xFF,
  0xFF, 0xFF, 0xFF, 0xFF, 0xFF, 0xFF, 0xF0, 0xFF, 0x80, 0x00, 0x00,
  0xFF, 0x80, 0x00, 0x01, 0xFF, 0x00, 0x00, 0x03, 0xFE, 0x00, 0x00,
  0x03, 0xFE, 0x00, 0x00, 0x07, 0xFC, 0x00, 0x00, 0x0F, 0xF8, 0x00,
  0x00, 0x0F, 0xF8, 0x00, 0x00, 0x1F, 0xF0, 0x00, 0x00, 0x3F, 0xF0,
  0x00, 0x00, 0x3F, 0xE0, 0x00, 0x00, 0x7F, 0xC0, 0x00, 0x00, 0x7F,
  0xC0, 0x00, 0x00, 0xFF, 0x80, 0x00, 0x01, 0xFF, 0x00, 0x00, 0x01,
  0xFF, 0x00, 0x00, 0x03, 0xFE, 0x00, 0x00, 0x07, 0xFC, 0x00, 0x00,
  0x07, 0xFC, 0x00, 0x00, 0x0F, 0xF8, 0x00, 0x00, 0x1F, 0xF0, 0x00,
  0x00, 0x1F, 0xF0, 0x00, 0x00, 0x3F, 0xE0, 0x00, 0x00, 0x7F, 0xC0,
  0x00, 0x00, 0x7F, 0xC0, 0x00, 0x00, 0xFF, 0x80, 0x00, 0x01, 0xFF,
  0x00, 0x00, 0x01, 0xFF, 0x00, 0x00, 0x03, 0xFE, 0x00, 0x00, 0x07,
  0xFC, 0x00, 0x00, 0x07, 0xFC, 0x00, 0x00, 0x0F, 0xF8, 0x00, 0x00,
  0x1F, 0xF0, 0x00, 0x00, 0x1F, 0xF0, 0x00, 0x00, 0x3F, 0xE0, 0x00,
  0x00, 0x7F, 0xE0, 0x00, 0x00, 0x7F, 0xC0, 0x00, 0x00, 0xFF, 0x80,
  0x00, 0x00, 0xFF, 0x80, 0x00, 0x01, 0xFF, 0x00, 0x00, 0x03, 0xFE,
  0x00, 0x00, 0x03, 0xFE, 0x00, 0x00, 0x07, 0xFC, 0x00, 0x00, 0x0F,
  0xF8, 0x00, 0x00, 0x0F, 0xF8, 0x00, 0x00, 0x1F, 0xF0, 0x00, 0x00,
  0x3F, 0xE0, 0x00, 0x00, 0x3F, 0xE0, 0x00, 0x00, 0x7F, 0xC0, 0x00,
  0x00, 0xFF, 0x80, 0x00, 0x00, 0xFF, 0x80, 0x00, 0x01, 0xFF, 0x00,
  0x00, 0x03, 0xFE, 0x00, 0x00, 0x03, 0xFE, 0x00, 0x00, 0x07, 0xFC,
  0x00, 0x00, 0x0F, 0xF8, 0x00, 0x00, 0x0F, 0xF8, 0x00, 0x00, 0x1F,
  0xF0, 0x00, 0x00, 0x3F, 0xE0, 0x00, 0x00, 0x3F, 0xE0, 0x00, 0x00,
  0x7F, 0xC0, 0x00, 0x00, 0xFF, 0xC0, 0xFF, 0xFF, 0xFF, 0xFF, 0xFF,
  0xFF, 0xFF, 0xFF, 0xFF, 0xFF, 0xFF, 0xFF, 0xFF, 0xFF, 0xFF, 0xFF,
  0xFF, 0xFF, 0x01, 0xFF, 0xC0, 0x7F, 0xF0, 0x1F, 0xFC, 0x07, 0xFF,
  0x01, 0xFF, 0xC0, 0x7F, 0xF0, 0x1F, 0xFC, 0x07, 0xFF, 0x01, 0xFF,
  0xC0, 0x7F, 0xF0, 0x1F, 0xFC, 0x07, 0xFF, 0x01, 0xFF, 0xC0, 0x7F,
  0xF0, 0x1F, 0xFC, 0x07, 0xFF, 0x01, 0xFF, 0xC0, 0x7F, 0xF0, 0x1F,
  0xFC, 0x07, 0xFF, 0x01, 0xFF, 0xC0, 0x7F, 0xF0, 0x1F, 0xFC, 0x07,
  0xFF, 0x01, 0xFF, 0xC0, 0x7F, 0xF0, 0x1F, 0xFC, 0x07, 0xFF, 0x01,
  0xFF, 0xC0, 0x7F, 0xF0, 0x1F, 0xFC, 0x07, 0xFF, 0x01, 0xFF, 0xC0,
  0x7F, 0xF0, 0x1F, 0xFC, 0x07, 0xFF, 0x01, 0xFF, 0xC0, 0x7F, 0xF0,
  0x1F, 0xFC, 0x07, 0xFF, 0x01, 0xFF, 0xC0, 0x7F, 0xF0, 0x1F, 0xFC,
  0x07, 0xFF, 0x01, 0xFF, 0xC0, 0x7F, 0xFF, 0xFF, 0xFF, 0xFF, 0xFF,
  0xFF, 0xFF, 0xFF, 0xFF, 0xFF, 0xFF, 0xFF, 0xFF, 0xFF, 0xFF, 0xFF,
  0xFF, 0xFF, 0xF0, 0x00, 0x1F, 0xF0, 0x00, 0x00, 0x3F, 0xE0, 0x00,
  0x00, 0x7F, 0xC0, 0x00, 0x01, 0xFF, 0xC0, 0x00, 0x03, 0xFF, 0x80,
  0x00, 0x0F, 0xFF, 0x80, 0x00, 0x1F, 0xFF, 0x00, 0x00, 0x7F, 0xFF,
  0x00, 0x00, 0xFF, 0xFE, 0x00, 0x01, 0xFD, 0xFC, 0x00, 0x07, 0xFB,
  0xFC, 0x00, 0x0F, 0xE3, 0xF8, 0x00, 0x3F, 0xC7, 0xF8, 0x00, 0x7F,
  0x8F, 0xF0, 0x01, 0xFE, 0x0F, 0xF0, 0x03, 0xFC, 0x1F, 0xE0, 0x07,
  0xF0, 0x1F, 0xC0, 0x1F, 0xE0, 0x3F, 0xC0, 0x3F, 0x80, 0x3F, 0x80,
  0xFF, 0x00, 0x7F, 0x81, 0xFE, 0x00, 0xFF, 0x07, 0xF8, 0x00, 0xFF,
  0x0F, 0xF0, 0x01, 0xFE, 0x1F, 0xC0, 0x01, 0xFC, 0x7F, 0x80, 0x03,
  0xFC, 0xFF, 0x00, 0x07, 0xFB, 0xFC, 0x00, 0x07, 0xFF, 0xF8, 0x00,
  0x0F, 0xF0, 0xFF, 0xFF, 0xFF, 0xFF, 0xFF, 0xFF, 0xFF, 0xFF, 0xFF,
  0xFF, 0xFF, 0xFF, 0xFF, 0xFF, 0xFF, 0xFF, 0xFF, 0xFF, 0xFF, 0xFF,
  0xFF, 0xFF, 0xFF, 0xFF, 0xFC, 0xFF, 0xE0, 0x0F, 0xFE, 0x00, 0xFF,
  0xC0, 0x0F, 0xFC, 0x00, 0x7F, 0xC0, 0x07, 0xFC, 0x00, 0x7F, 0xC0,
  0x07, 0xFC, 0x00, 0x3F, 0xC0, 0x03, 0xFC, 0x00, 0x00, 0x80, 0x00,
  0x00, 0x1F, 0xFF, 0xC0, 0x00, 0x3F, 0xFF, 0xFC, 0x00, 0x3F, 0xFF,
  0xFF, 0xC0, 0x3F, 0xFF, 0xFF, 0xF8, 0x0F, 0xFF, 0xFF, 0xFF, 0x01,
  0xFF, 0xFF, 0xFF, 0xE0, 0x7F, 0xFF, 0xFF, 0xFC, 0x0F, 0xFF, 0xFF,
  0xFF, 0x03, 0xF8, 0x07, 0xFF, 0xE0, 0x70, 0x00, 0x7F, 0xF8, 0x10,
  0x00, 0x0F, 0xFE, 0x00, 0x00, 0x01, 0xFF, 0x80, 0x00, 0x00, 0x7F,
  0xE0, 0x00, 0x00, 0x1F, 0xFC, 0x00, 0xFF, 0xFF, 0xFF, 0x03, 0xFF,
  0xFF, 0xFF, 0xC1, 0xFF, 0xFF, 0xFF, 0xF1, 0xFF, 0xFF, 0xFF, 0xFC,
  0xFF, 0xFF, 0xFF, 0xFF, 0x3F, 0xFF, 0xFF, 0xFF, 0xDF, 0xFE, 0x00,
  0x7F, 0xF7, 0xFE, 0x00, 0x1F, 0xFD, 0xFF, 0x80, 0x07, 0xFF, 0xFF,
  0xC0, 0x01, 0xFF, 0xFF, 0xF0, 0x00, 0x7F, 0xFF, 0xFC, 0x00, 0x3F,
  0xFD, 0xFF, 0x80, 0x0F, 0xFF, 0x7F, 0xF0, 0x0F, 0xFF, 0xDF, 0xFF,
  0xFF, 0xFF, 0xF3, 0xFF, 0xFF, 0xFF, 0xFC, 0xFF, 0xFF, 0xFF, 0xFF,
  0x1F, 0xFF, 0xFE, 0xFF, 0xC3, 0xFF, 0xFF, 0xBF, 0xF0, 0x7F, 0xFF,
  0x8F, 0xFC, 0x07, 0xFF, 0xC3, 0xFF, 0x00, 0x0C, 0x00, 0x00, 0x00,
  0xFF, 0xC0, 0x00, 0x00, 0x03, 0xFF, 0x00, 0x00, 0x00, 0x0F, 0xFC,
  0x00, 0x00, 0x00, 0x3F, 0xF0, 0x00, 0x00, 0x00, 0xFF, 0xC0, 0x00,
  0x00, 0x03, 0xFF, 0x00, 0x00, 0x00, 0x0F, 0xFC, 0x00, 0x00, 0x00,
  0x3F, 0xF0, 0x00, 0x00, 0x00, 0xFF, 0xC0, 0x00, 0x00, 0x03, 0xFF,
  0x00, 0x00, 0x00, 0x0F, 0xFC, 0x00, 0x00, 0x00, 0x3F, 0xF0, 0x00,
  0x00, 0x00, 0xFF, 0xC0, 0x00, 0x00, 0x03, 0xFF, 0x00, 0x20, 0x00,
  0x0F, 0xFC, 0x1F, 0xFC, 0x00, 0x3F, 0xF1, 0xFF, 0xFE, 0x00, 0xFF,
  0xDF, 0xFF, 0xFC, 0x03, 0xFF, 0xFF, 0xFF, 0xFC, 0x0F, 0xFF, 0xFF,
  0xFF, 0xF8, 0x3F, 0xFF, 0xFF, 0xFF, 0xF0, 0xFF, 0xFF, 0xFF, 0xFF,
  0xE3, 0xFF, 0xFF, 0xFF, 0xFF, 0x8F, 0xFF, 0xE0, 0x3F, 0xFF, 0x3F,
  0xFE, 0x00, 0x3F, 0xFC, 0xFF, 0xF0, 0x00, 0x7F, 0xFB, 0xFF, 0x80,
  0x00, 0xFF, 0xEF, 0xFE, 0x00, 0x03, 0xFF, 0xBF, 0xF0, 0x00, 0x07,
  0xFE, 0xFF, 0xC0, 0x00, 0x1F, 0xFF, 0xFF, 0x00, 0x00, 0x7F, 0xFF,
  0xFC, 0x00, 0x01, 0xFF, 0xFF, 0xF0, 0x00, 0x07, 0xFF, 0xFF, 0xC0,
  0x00, 0x1F, 0xFF, 0xFF, 0x00, 0x00, 0x7F, 0xFF, 0xFC, 0x00, 0x01,
  0xFF, 0xFF, 0xF0, 0x00, 0x07, 0xFE, 0xFF, 0xE0, 0x00, 0x3F, 0xFB,
  0xFF, 0x80, 0x00, 0xFF, 0xEF, 0xFF, 0x00, 0x07, 0xFF, 0xBF, 0xFE,
  0x00, 0x3F, 0xFC, 0xFF, 0xFE, 0x03, 0xFF, 0xF3, 0xFF, 0xFF, 0xFF,
  0xFF, 0x8F, 0xFF, 0xFF, 0xFF, 0xFC, 0x3F, 0xFF, 0xFF, 0xFF, 0xF0,
  0xFF, 0xFF, 0xFF, 0xFF, 0x83, 0xFE, 0xFF, 0xFF, 0xFC, 0x0F, 0xF9,
  0xFF, 0xFF, 0xE0, 0x3F, 0xE3, 0xFF, 0xFE, 0x00, 0xFF, 0x83, 0xFF,
  0xC0, 0x00, 0x00, 0x00, 0x60, 0x00, 0x00, 0x00, 0x00, 0x10, 0x00,
  0x00, 0x00, 0xFF, 0xF8, 0x00, 0x00, 0xFF, 0xFF, 0xE0, 0x00, 0x7F,
  0xFF, 0xFE, 0x00, 0x1F, 0xFF, 0xFF, 0xE0, 0x07, 0xFF, 0xFF, 0xFF,
  0x01, 0xFF, 0xFF, 0xFF, 0xE0, 0x7F, 0xFF, 0xFF, 0xFE, 0x1F, 0xFF,
  0xFF, 0xFF, 0xE7, 0xFF, 0xE0, 0x3F, 0xFC, 0xFF, 0xF0, 0x01, 0xFF,
  0x3F, 0xFC, 0x00, 0x1F, 0x87, 0xFF, 0x00, 0x01, 0xC0, 0xFF, 0xC0,
  0x00, 0x20, 0x3F, 0xF8, 0x00, 0x00, 0x07, 0xFF, 0x00, 0x00, 0x00,
  0xFF, 0xC0, 0x00, 0x00, 0x1F, 0xF8, 0x00, 0x00, 0x03, 0xFF, 0x00,
  0x00, 0x00, 0x7F, 0xE0, 0x00, 0x00, 0x0F, 0xFC, 0x00, 0x00, 0x01,
  0xFF, 0xC0, 0x00, 0x00, 0x3F, 0xF8, 0x00, 0x00, 0x03, 0xFF, 0x00,
  0x00, 0x80, 0x7F, 0xF0, 0x00, 0x1C, 0x0F, 0xFF, 0x00, 0x07, 0xC0,
  0xFF, 0xF0, 0x01, 0xFE, 0x1F, 0xFF, 0x80, 0xFF, 0xF1, 0xFF, 0xFF,
  0xFF, 0xFE, 0x1F, 0xFF, 0xFF, 0xFF, 0x81, 0xFF, 0xFF, 0xFF, 0xE0,
  0x1F, 0xFF, 0xFF, 0xFC, 0x01, 0xFF, 0xFF, 0xFE, 0x00, 0x1F, 0xFF,
  0xFF, 0x80, 0x00, 0xFF, 0xFF, 0xC0, 0x00, 0x03, 0xFF, 0xE0, 0x00,
  0x00, 0x01, 0x00, 0x00, 0x00, 0x00, 0x00, 0x0F, 0xFC, 0x00, 0x00,
  0x00, 0x3F, 0xF0, 0x00, 0x00, 0x00, 0xFF, 0xC0, 0x00, 0x00, 0x03,
  0xFF, 0x00, 0x00, 0x00, 0x0F, 0xFC, 0x00, 0x00, 0x00, 0x3F, 0xF0,
  0x00, 0x00, 0x00, 0xFF, 0xC0, 0x00, 0x00, 0x03, 0xFF, 0x00, 0x00,
  0x00, 0x0F, 0xFC, 0x00, 0x00, 0x00, 0x3F, 0xF0, 0x00, 0x00, 0x00,
  0xFF, 0xC0, 0x00, 0x00, 0x03, 0xFF, 0x00, 0x00, 0x00, 0x0F, 0xFC,
  0x00, 0x01, 0x00, 0x3F, 0xF0, 0x00, 0xFF, 0xE0, 0xFF, 0xC0, 0x1F,
  0xFF, 0xE3, 0xFF, 0x00, 0xFF, 0xFF, 0xEF, 0xFC, 0x0F, 0xFF, 0xFF,
  0xFF, 0xF0, 0x7F, 0xFF, 0xFF, 0xFF, 0xC3, 0xFF, 0xFF, 0xFF, 0xFF,
  0x1F, 0xFF, 0xFF, 0xFF, 0xFC, 0x7F, 0xFF, 0xFF, 0xFF, 0xF3, 0xFF,
  0xF0, 0x1F, 0xFF, 0xCF, 0xFF, 0x00, 0x1F, 0xFF, 0x7F, 0xF8, 0x00,
  0x3F, 0xFD, 0xFF, 0xC0, 0x00, 0x7F, 0xF7, 0xFF, 0x00, 0x01, 0xFF,
  0xDF, 0xF8, 0x00, 0x03, 0xFF, 0xFF, 0xE0, 0x00, 0x0F, 0xFF, 0xFF,
  0x80, 0x00, 0x3F, 0xFF, 0xFE, 0x00, 0x00, 0xFF, 0xFF, 0xF0, 0x00,
  0x03, 0xFF, 0xFF, 0xE0, 0x00, 0x0F, 0xFF, 0xFF, 0x80, 0x00, 0x3F,
  0xFF, 0xFE, 0x00, 0x00, 0xFF, 0xDF, 0xF8, 0x00, 0x03, 0xFF, 0x7F,
  0xF0, 0x00, 0x1F, 0xFD, 0xFF, 0xC0, 0x00, 0x7F, 0xF7, 0xFF, 0x80,
  0x03, 0xFF, 0xCF, 0xFF, 0x00, 0x1F, 0xFF, 0x3F, 0xFF, 0x01, 0xFF,
  0xFC, 0x7F, 0xFF, 0xFF, 0xFF, 0xF1, 0xFF, 0xFF, 0xFF, 0xFF, 0xC3,
  0xFF, 0xFF, 0xFF, 0xFF, 0x07, 0xFF, 0xFF, 0xFF, 0xFC, 0x0F, 0xFF,
  0xFF, 0xDF, 0xF0, 0x1F, 0xFF, 0xFE, 0x7F, 0xC0, 0x1F, 0xFF, 0xF1,
  0xFF, 0x00, 0x1F, 0xFF, 0x07, 0xFC, 0x00, 0x01, 0x00, 0x00, 0x00,
  0x00, 0x00, 0x20, 0x00, 0x00, 0x00, 0x7F, 0xFC, 0x00, 0x00, 0x0F,
  0xFF, 0xFC, 0x00, 0x01, 0xFF, 0xFF, 0xF0, 0x00, 0x1F, 0xFF, 0xFF,
  0xE0, 0x03, 0xFF, 0xFF, 0xFF, 0x80, 0x3F, 0xFF, 0xFF, 0xFE, 0x01,
  0xFF, 0xFF, 0xFF, 0xF8, 0x1F, 0xFF, 0xFF, 0xFF, 0xC1, 0xFF, 0xE0,
  0x0F, 0xFF, 0x0F, 0xFE, 0x00, 0x1F, 0xF8, 0xFF, 0xE0, 0x00, 0x7F,
  0xE7, 0xFE, 0x00, 0x03, 0xFF, 0x3F, 0xF0, 0x00, 0x0F, 0xFB, 0xFF,
  0x00, 0x00, 0x7F, 0xFF, 0xFF, 0xFF, 0xFF, 0xFF, 0xFF, 0xFF, 0xFF,
  0xFF, 0xFF, 0xFF, 0xFF, 0xFF, 0xFF, 0xFF, 0xFF, 0xFF, 0xFF, 0xFF,
  0xFF, 0xFF, 0xFF, 0xFF, 0xFF, 0xFF, 0xFF, 0xFF, 0xFF, 0xFF, 0xE0,
  0x00, 0x00, 0x03, 0xFF, 0x80, 0x00, 0x00, 0x0F, 0xFC, 0x00, 0x00,
  0x00, 0x7F, 0xF0, 0x00, 0x00, 0x03, 0xFF, 0xC0, 0x00, 0x60, 0x0F,
  0xFF, 0x00, 0x07, 0x80, 0x7F, 0xFE, 0x01, 0xFE, 0x01, 0xFF, 0xFF,
  0xFF, 0xF0, 0x07, 0xFF, 0xFF, 0xFF, 0xC0, 0x1F, 0xFF, 0xFF, 0xFF,
  0x00, 0x7F, 0xFF, 0xFF, 0xF8, 0x01, 0xFF, 0xFF, 0xFF, 0x80, 0x07,
  0xFF, 0xFF, 0xF0, 0x00, 0x0F, 0xFF, 0xFF, 0x00, 0x00, 0x0F, 0xFF,
  0xC0, 0x00, 0x00, 0x01, 0x80, 0x00, 0x00, 0x00, 0x07, 0xFF, 0x00,
  0x0F, 0xFF, 0xF0, 0x07, 0xFF, 0xFC, 0x03, 0xFF, 0xFF, 0x01, 0xFF,
  0xFF, 0x80, 0x7F, 0xFF, 0xE0, 0x3F, 0xFF, 0xF0, 0x0F, 0xFF, 0xFC,
  0x07, 0xFF, 0x83, 0x01, 0xFF, 0xC0, 0x00, 0x7F, 0xE0, 0x00, 0x1F,
  0xF8, 0x00, 0x07, 0xFE, 0x00, 0x01, 0xFF, 0x80, 0x0F, 0xFF, 0xFF,
  0xF3, 0xFF, 0xFF, 0xFC, 0xFF, 0xFF, 0xFF, 0x3F, 0xFF, 0xFF, 0xCF,
  0xFF, 0xFF, 0xF3, 0xFF, 0xFF, 0xFC, 0xFF, 0xFF, 0xFF, 0x3F, 0xFF,
  0xFF, 0xC0, 0x7F, 0xE0, 0x00, 0x1F, 0xF8, 0x00, 0x07, 0xFE, 0x00,
  0x01, 0xFF, 0x80, 0x00, 0x7F, 0xE0, 0x00, 0x1F, 0xF8, 0x00, 0x07,
  0xFE, 0x00, 0x01, 0xFF, 0x80, 0x00, 0x7F, 0xE0, 0x00, 0x1F, 0xF8,
  0x00, 0x07, 0xFE, 0x00, 0x01, 0xFF, 0x80, 0x00, 0x7F, 0xE0, 0x00,
  0x1F, 0xF8, 0x00, 0x07, 0xFE, 0x00, 0x01, 0xFF, 0x80, 0x00, 0x7F,
  0xE0, 0x00, 0x1F, 0xF8, 0x00, 0x07, 0xFE, 0x00, 0x01, 0xFF, 0x80,
  0x00, 0x7F, 0xE0, 0x00, 0x1F, 0xF8, 0x00, 0x07, 0xFE, 0x00, 0x01,
  0xFF, 0x80, 0x00, 0x7F, 0xE0, 0x00, 0x1F, 0xF8, 0x00, 0x07, 0xFE,
  0x00, 0x00, 0x00, 0x00, 0x40, 0x00, 0x00, 0x00, 0x3F, 0xFE, 0x0F,
  0xFC, 0x01, 0xFF, 0xFF, 0x1F, 0xF8, 0x0F, 0xFF, 0xFF, 0x3F, 0xF0,
  0x3F, 0xFF, 0xFF, 0x7F, 0xE0, 0xFF, 0xFF, 0xFF, 0xFF, 0xC3, 0xFF,
  0xFF, 0xFF, 0xFF, 0x8F, 0xFF, 0xFF, 0xFF, 0xFF, 0x3F, 0xFF, 0xFF,
  0xFF, 0xFE, 0x7F, 0xFE, 0x03, 0xFF, 0xFD, 0xFF, 0xF0, 0x01, 0xFF,
  0xFB, 0xFF, 0xC0, 0x01, 0xFF, 0xF7, 0xFF, 0x00, 0x01, 0xFF, 0xFF,
  0xFC, 0x00, 0x01, 0xFF, 0xFF, 0xF8, 0x00, 0x03, 0xFF, 0xFF, 0xF0,
  0x00, 0x03, 0xFF, 0xFF, 0xC0, 0x00, 0x07, 0xFF, 0xFF, 0x80, 0x00,
  0x0F, 0xFF, 0xFF, 0x00, 0x00, 0x1F, 0xFF, 0xFF, 0x00, 0x00, 0x3F,
  0xFF, 0xFE, 0x00, 0x00, 0xFF, 0xFF, 0xFC, 0x00, 0x01, 0xFF, 0xDF,
  0xFC, 0x00, 0x07, 0xFF, 0xBF, 0xFC, 0x00, 0x1F, 0xFF, 0x7F, 0xFC,
  0x00, 0x7F, 0xFE, 0x7F, 0xFE, 0x03, 0xFF, 0xFC, 0x7F, 0xFF, 0xFF,
  0xFF, 0xF8, 0xFF, 0xFF, 0xFF, 0xFF, 0xF0, 0xFF, 0xFF, 0xFF, 0xFF,
  0xE0, 0xFF, 0xFF, 0xFF, 0xFF, 0xC0, 0xFF, 0xFF, 0xFD, 0xFF, 0x80,
  0xFF, 0xFF, 0xF3, 0xFF, 0x00, 0x7F, 0xFF, 0xC7, 0xFE, 0x00, 0x3F,
  0xFE, 0x1F, 0xFC, 0x00, 0x00, 0x00, 0x3F, 0xF0, 0x00, 0x00, 0x00,
  0x7F, 0xE0, 0x00, 0x00, 0x00, 0xFF, 0xC0, 0x40, 0x00, 0x03, 0xFF,
  0x81, 0xC0, 0x00, 0x0F, 0xFF, 0x03, 0xE0, 0x00, 0x3F, 0xFC, 0x0F,
  0xF8, 0x01, 0xFF, 0xF8, 0x1F, 0xFF, 0xFF, 0xFF, 0xE0, 0x7F, 0xFF,
  0xFF, 0xFF, 0xC0, 0xFF, 0xFF, 0xFF, 0xFF, 0x03, 0xFF, 0xFF, 0xFF,
  0xFC, 0x03, 0xFF, 0xFF, 0xFF, 0xF0, 0x01, 0xFF, 0xFF, 0xFF, 0x80,
  0x00, 0xFF, 0xFF, 0xFE, 0x00, 0x00, 0x3F, 0xFF, 0xE0, 0x00, 0x00,
  0x00, 0x60, 0x00, 0x00, 0xFF, 0xC0, 0x00, 0x00, 0x1F, 0xF8, 0x00,
  0x00, 0x03, 0xFF, 0x00, 0x00, 0x00, 0x7F, 0xE0, 0x00, 0x00, 0x0F,
  0xFC, 0x00, 0x00, 0x01, 0xFF, 0x80, 0x00, 0x00, 0x3F, 0xF0, 0x00,
  0x00, 0x07, 0xFE, 0x00, 0x00, 0x00, 0xFF, 0xC0, 0x00, 0x00, 0x1F,
  0xF8, 0x00, 0x00, 0x03, 0xFF, 0x00, 0x00, 0x00, 0x7F, 0xE0, 0x00,
  0x00, 0x0F, 0xFC, 0x00, 0x00, 0x01, 0xFF, 0x80, 0x10, 0x00, 0x3F,
  0xF0, 0x7F, 0xF8, 0x07, 0xFE, 0x3F, 0xFF, 0xC0, 0xFF, 0xDF, 0xFF,
  0xFC, 0x1F, 0xFF, 0xFF, 0xFF, 0xE3, 0xFF, 0xFF, 0xFF, 0xFC, 0x7F,
  0xFF, 0xFF, 0xFF, 0xCF, 0xFF, 0xFF, 0xFF, 0xFD, 0xFF, 0xFF, 0xFF,
  0xFF, 0xBF, 0xFF, 0x81, 0xFF, 0xFF, 0xFF, 0xC0, 0x0F, 0xFF, 0xFF,
  0xF0, 0x00, 0xFF, 0xFF, 0xFC, 0x00, 0x1F, 0xFF, 0xFF, 0x80, 0x01,
  0xFF, 0xFF, 0xE0, 0x00, 0x3F, 0xFF, 0xFC, 0x00, 0x07, 0xFF, 0xFF,
  0x80, 0x00, 0xFF, 0xFF, 0xF0, 0x00, 0x1F, 0xFF, 0xFE, 0x00, 0x03,
  0xFF, 0xFF, 0xC0, 0x00, 0x7F, 0xFF, 0xF8, 0x00, 0x0F, 0xFF, 0xFF,
  0x00, 0x01, 0xFF, 0xFF, 0xE0, 0x00, 0x3F, 0xFF, 0xFC, 0x00, 0x07,
  0xFF, 0xFF, 0x80, 0x00, 0xFF, 0xFF, 0xF0, 0x00, 0x1F, 0xFF, 0xFE,
  0x00, 0x03, 0xFF, 0xFF, 0xC0, 0x00, 0x7F, 0xFF, 0xF8, 0x00, 0x0F,
  0xFF, 0xFF, 0x00, 0x01, 0xFF, 0xFF, 0xE0, 0x00, 0x3F, 0xFF, 0xFC,
  0x00, 0x07, 0xFF, 0xFF, 0x80, 0x00, 0xFF, 0xFF, 0xF0, 0x00, 0x1F,
  0xFF, 0xFE, 0x00, 0x03, 0xFF, 0xFF, 0xC0, 0x00, 0x7F, 0xE0, 0x0F,
  0xC1, 0xFF, 0x1F, 0xFC, 0xFF, 0xF7, 0xFF, 0xFF, 0xFD, 0xFF, 0xEF,
  0xFF, 0x7F, 0xF1, 0xFF, 0x03, 0xF0, 0x00, 0x00, 0x00, 0x00, 0x00,
  0x00, 0x00, 0x00, 0x3F, 0xF1, 0xFF, 0x8F, 0xFC, 0x7F, 0xE3, 0xFF,
  0x1F, 0xF8, 0xFF, 0xC7, 0xFE, 0x3F, 0xF1, 0xFF, 0x8F, 0xFC, 0x7F,
  0xE3, 0xFF, 0x1F, 0xF8, 0xFF, 0xC7, 0xFE, 0x3F, 0xF1, 0xFF, 0x8F,
  0xFC, 0x7F, 0xE3, 0xFF, 0x1F, 0xF8, 0xFF, 0xC7, 0xFE, 0x3F, 0xF1,
  0xFF, 0x8F, 0xFC, 0x7F, 0xE3, 0xFF, 0x1F, 0xF8, 0xFF, 0xC7, 0xFE,
  0x3F, 0xF1, 0xFF, 0x8F, 0xFC, 0x00, 0x07, 0xE0, 0x00, 0x1F, 0xF0,
  0x00, 0x7F, 0xF0, 0x01, 0xFF, 0xE0, 0x03, 0xFF, 0xC0, 0x07, 0xFF,
  0xC0, 0x0F, 0xFF, 0x00, 0x1F, 0xFE, 0x00, 0x1F, 0xFC, 0x00, 0x1F,
  0xF0, 0x00, 0x1F, 0x80, 0x00, 0x00, 0x00, 0x00, 0x00, 0x00, 0x00,
  0x00, 0x00, 0x00, 0x00, 0x00, 0x00, 0x00, 0x00, 0x1F, 0xF8, 0x00,
  0x3F, 0xF0, 0x00, 0x7F, 0xE0, 0x00, 0xFF, 0xC0, 0x01, 0xFF, 0x80,
  0x03, 0xFF, 0x00, 0x07, 0xFE, 0x00, 0x0F, 0xFC, 0x00, 0x1F, 0xF8,
  0x00, 0x3F, 0xF0, 0x00, 0x7F, 0xE0, 0x00, 0xFF, 0xC0, 0x01, 0xFF,
  0x80, 0x03, 0xFF, 0x00, 0x07, 0xFE, 0x00, 0x0F, 0xFC, 0x00, 0x1F,
  0xF8, 0x00, 0x3F, 0xF0, 0x00, 0x7F, 0xE0, 0x00, 0xFF, 0xC0, 0x01,
  0xFF, 0x80, 0x03, 0xFF, 0x00, 0x07, 0xFE, 0x00, 0x0F, 0xFC, 0x00,
  0x1F, 0xF8, 0x00, 0x3F, 0xF0, 0x00, 0x7F, 0xE0, 0x00, 0xFF, 0xC0,
  0x01, 0xFF, 0x80, 0x03, 0xFF, 0x00, 0x07, 0xFE, 0x00, 0x0F, 0xFC,
  0x00, 0x1F, 0xF8, 0x00, 0x3F, 0xF0, 0x00, 0x7F, 0xE0, 0x00, 0xFF,
  0xC0, 0x01, 0xFF, 0x80, 0x03, 0xFF, 0x00, 0x0F, 0xFE, 0x18, 0x3F,
  0xFC, 0x3F, 0xFF, 0xF0, 0x7F, 0xFF, 0xE1, 0xFF, 0xFF, 0xC3, 0xFF,
  0xFF, 0x07, 0xFF, 0xFC, 0x1F, 0xFF, 0xF0, 0x3F, 0xFF, 0xC0, 0x1F,
  0xFE, 0x00, 0x01, 0x80, 0x00, 0xFF, 0xC0, 0x00, 0x00, 0x03, 0xFF,
  0x00, 0x00, 0x00, 0x0F, 0xFC, 0x00, 0x00, 0x00, 0x3F, 0xF0, 0x00,
  0x00, 0x00, 0xFF, 0xC0, 0x00, 0x00, 0x03, 0xFF, 0x00, 0x00, 0x00,
  0x0F, 0xFC, 0x00, 0x00, 0x00, 0x3F, 0xF0, 0x00, 0x00, 0x00, 0xFF,
  0xC0, 0x00, 0x00, 0x03, 0xFF, 0x00, 0x00, 0x00, 0x0F, 0xFC, 0x00,
  0x00, 0x00, 0x3F, 0xF0, 0x00, 0x00, 0x00, 0xFF, 0xC0, 0x00, 0x00,
  0x03, 0xFF, 0x00, 0x00, 0x00, 0x0F, 0xFC, 0x00, 0x0F, 0xFF, 0xBF,
  0xF0, 0x00, 0x7F, 0xF8, 0xFF, 0xC0, 0x03, 0xFF, 0xC3, 0xFF, 0x00,
  0x1F, 0xFE, 0x0F, 0xFC, 0x00, 0xFF, 0xF0, 0x3F, 0xF0, 0x07, 0xFF,
  0x80, 0xFF, 0xC0, 0x3F, 0xFC, 0x03, 0xFF, 0x01, 0xFF, 0xE0, 0x0F,
  0xFC, 0x0F, 0xFF, 0x00, 0x3F, 0xF0, 0x7F, 0xF8, 0x00, 0xFF, 0xC3,
  0xFF, 0xC0, 0x03, 0xFF, 0x3F, 0xFE, 0x00, 0x0F, 0xFD, 0xFF, 0xF8,
  0x00, 0x3F, 0xFF, 0xFF, 0xC0, 0x00, 0xFF, 0xFF, 0xFE, 0x00, 0x03,
  0xFF, 0xFF, 0xF8, 0x00, 0x0F, 0xFF, 0xFF, 0xE0, 0x00, 0x3F, 0xFF,
  0xFF, 0xC0, 0x00, 0xFF, 0xFF, 0xFF, 0x80, 0x03, 0xFF, 0xFF, 0xFF,
  0x00, 0x0F, 0xFF, 0xFF, 0xFE, 0x00, 0x3F, 0xFF, 0xFF, 0xF8, 0x00,
  0xFF, 0xFC, 0xFF, 0xF0, 0x03, 0xFF, 0xE3, 0xFF, 0xE0, 0x0F, 0xFF,
  0x07, 0xFF, 0xC0, 0x3F, 0xF0, 0x0F, 0xFF, 0x80, 0xFF, 0xC0, 0x1F,
  0xFE, 0x03, 0xFF, 0x00, 0x3F, 0xFC, 0x0F, 0xFC, 0x00, 0xFF, 0xF8,
  0x3F, 0xF0, 0x01, 0xFF, 0xF0, 0xFF, 0xC0, 0x03, 0xFF, 0xC3, 0xFF,
  0x00, 0x07, 0xFF, 0x8F, 0xFC, 0x00, 0x0F, 0xFF, 0x3F, 0xF0, 0x00,
  0x1F, 0xFE, 0xFF, 0xC0, 0x00, 0x7F, 0xFC, 0xFF, 0xFF, 0xFF, 0xFF,
  0xFF, 0xFF, 0xFF, 0xFF, 0xFF, 0xFF, 0xFF, 0xFF, 0xFF, 0xFF, 0xFF,
  0xFF, 0xFF, 0xFF, 0xFF, 0xFF, 0xFF, 0xFF, 0xFF, 0xFF, 0xFF, 0xFF,
  0xFF, 0xFF, 0xFF, 0xFF, 0xFF, 0xFF, 0xFF, 0xFF, 0xFF, 0xFF, 0xFF,
  0xFF, 0xFF, 0xFF, 0xFF, 0xFF, 0xFF, 0xFF, 0xFF, 0xFF, 0xFF, 0xFF,
  0xFF, 0xFF, 0xFF, 0xFF, 0xFF, 0xFF, 0xFF, 0xFF, 0xFF, 0xFF, 0xFF,
  0xFF, 0xFF, 0xC0, 0x00, 0x00, 0x08, 0x00, 0x00, 0x08, 0x00, 0x1F,
  0xF0, 0x3F, 0xF8, 0x00, 0x7F, 0xF8, 0x03, 0xFE, 0x3F, 0xFF, 0xC0,
  0x3F, 0xFF, 0xC0, 0x7F, 0xCF, 0xFF, 0xFE, 0x0F, 0xFF, 0xFE, 0x0F,
  0xFB, 0xFF, 0xFF, 0xE7, 0xFF, 0xFF, 0xE1, 0xFF, 0xFF, 0xFF, 0xFD,
  0xFF, 0xFF, 0xFE, 0x3F, 0xFF, 0xFF, 0xFF, 0xFF, 0xFF, 0xFF, 0xC7,
  0xFF, 0xFF, 0xFF, 0xFF, 0xFF, 0xFF, 0xFC, 0xFF, 0xFF, 0xFF, 0xFF,
  0xFF, 0xFF, 0xFF, 0x9F, 0xFF, 0x81, 0xFF, 0xFF, 0xC0, 0xFF, 0xFB,
  0xFF, 0xE0, 0x0F, 0xFF, 0xE0, 0x0F, 0xFF, 0x7F, 0xF8, 0x00, 0xFF,
  0xF8, 0x00, 0xFF, 0xEF, 0xFE, 0x00, 0x1F, 0xFE, 0x00, 0x0F, 0xFF,
  0xFF, 0xC0, 0x01, 0xFF, 0xC0, 0x01, 0xFF, 0xFF, 0xF0, 0x00, 0x3F,
  0xF8, 0x00, 0x3F, 0xFF, 0xFE, 0x00, 0x07, 0xFE, 0x00, 0x03, 0xFF,
  0xFF, 0xC0, 0x00, 0xFF, 0xC0, 0x00, 0x7F, 0xFF, 0xF8, 0x00, 0x1F,
  0xF8, 0x00, 0x0F, 0xFF, 0xFF, 0x00, 0x03, 0xFF, 0x00, 0x01, 0xFF,
  0xFF, 0xE0, 0x00, 0x7F, 0xE0, 0x00, 0x3F, 0xFF, 0xFC, 0x00, 0x0F,
  0xFC, 0x00, 0x07, 0xFF, 0xFF, 0x80, 0x01, 0xFF, 0x80, 0x00, 0xFF,
  0xFF, 0xF0, 0x00, 0x3F, 0xF0, 0x00, 0x1F, 0xFF, 0xFE, 0x00, 0x07,
  0xFE, 0x00, 0x03, 0xFF, 0xFF, 0xC0, 0x00, 0xFF, 0xC0, 0x00, 0x7F,
  0xFF, 0xF8, 0x00, 0x1F, 0xF8, 0x00, 0x0F, 0xFF, 0xFF, 0x00, 0x03,
  0xFF, 0x00, 0x01, 0xFF, 0xFF, 0xE0, 0x00, 0x7F, 0xE0, 0x00, 0x3F,
  0xFF, 0xFC, 0x00, 0x0F, 0xFC, 0x00, 0x07, 0xFF, 0xFF, 0x80, 0x01,
  0xFF, 0x80, 0x00, 0xFF, 0xFF, 0xF0, 0x00, 0x3F, 0xF0, 0x00, 0x1F,
  0xFF, 0xFE, 0x00, 0x07, 0xFE, 0x00, 0x03, 0xFF, 0xFF, 0xC0, 0x00,
  0xFF, 0xC0, 0x00, 0x7F, 0xFF, 0xF8, 0x00, 0x1F, 0xF8, 0x00, 0x0F,
  0xFF, 0xFF, 0x00, 0x03, 0xFF, 0x00, 0x01, 0xFF, 0xFF, 0xE0, 0x00,
  0x7F, 0xE0, 0x00, 0x3F, 0xF0, 0x00, 0x00, 0x08, 0x00, 0x1F, 0xF0,
  0x3F, 0xFC, 0x03, 0xFE, 0x1F, 0xFF, 0xE0, 0x7F, 0xCF, 0xFF, 0xFE,
  0x0F, 0xFB, 0xFF, 0xFF, 0xF1, 0xFF, 0xFF, 0xFF, 0xFE, 0x3F, 0xFF,
  0xFF, 0xFF, 0xE7, 0xFF, 0xFF, 0xFF, 0xFE, 0xFF, 0xFF, 0xFF, 0xFF,
  0xDF, 0xFF, 0xC0, 0xFF, 0xFF, 0xFF, 0xE0, 0x07, 0xFF, 0xFF, 0xF8,
  0x00, 0x7F, 0xFF, 0xFE, 0x00, 0x0F, 0xFF, 0xFF, 0xC0, 0x00, 0xFF,
  0xFF, 0xF0, 0x00, 0x1F, 0xFF, 0xFE, 0x00, 0x03, 0xFF, 0xFF, 0xC0,
  0x00, 0x7F, 0xFF, 0xF8, 0x00, 0x0F, 0xFF, 0xFF, 0x00, 0x01, 0xFF,
  0xFF, 0xE0, 0x00, 0x3F, 0xFF, 0xFC, 0x00, 0x07, 0xFF, 0xFF, 0x80,
  0x00, 0xFF, 0xFF, 0xF0, 0x00, 0x1F, 0xFF, 0xFE, 0x00, 0x03, 0xFF,
  0xFF, 0xC0, 0x00, 0x7F, 0xFF, 0xF8, 0x00, 0x0F, 0xFF, 0xFF, 0x00,
  0x01, 0xFF, 0xFF, 0xE0, 0x00, 0x3F, 0xFF, 0xFC, 0x00, 0x07, 0xFF,
  0xFF, 0x80, 0x00, 0xFF, 0xFF, 0xF0, 0x00, 0x1F, 0xFF, 0xFE, 0x00,
  0x03, 0xFF, 0xFF, 0xC0, 0x00, 0x7F, 0xFF, 0xF8, 0x00, 0x0F, 0xFF,
  0xFF, 0x00, 0x01, 0xFF, 0xFF, 0xE0, 0x00, 0x3F, 0xF0, 0x00, 0x00,
  0x10, 0x00, 0x00, 0x00, 0x0F, 0xFF, 0x80, 0x00, 0x00, 0xFF, 0xFF,
  0xE0, 0x00, 0x07, 0xFF, 0xFF, 0xE0, 0x00, 0x1F, 0xFF, 0xFF, 0xF0,
  0x00, 0x7F, 0xFF, 0xFF, 0xF0, 0x01, 0xFF, 0xFF, 0xFF, 0xF0, 0x07,
  0xFF, 0xFF, 0xFF, 0xF0, 0x1F, 0xFF, 0xFF, 0xFF, 0xF0, 0x7F, 0xFE,
  0x03, 0xFF, 0xE0, 0xFF, 0xF0, 0x03, 0xFF, 0xE3, 0xFF, 0xC0, 0x01,
  0xFF, 0xC7, 0xFF, 0x00, 0x01, 0xFF, 0xCF, 0xFC, 0x00, 0x03, 0xFF,
  0xBF, 0xF8, 0x00, 0x03, 0xFF, 0x7F, 0xF0, 0x00, 0x07, 0xFE, 0xFF,
  0xC0, 0x00, 0x0F, 0xFD, 0xFF, 0x80, 0x00, 0x1F, 0xFB, 0xFF, 0x00,
  0x00, 0x3F, 0xFF, 0xFE, 0x00, 0x00, 0x7F, 0xEF, 0xFC, 0x00, 0x00,
  0xFF, 0xDF, 0xFC, 0x00, 0x01, 0xFF, 0xBF, 0xF8, 0x00, 0x03, 0xFF,
  0x3F, 0xF0, 0x00, 0x0F, 0xFE, 0x7F, 0xF0, 0x00, 0x1F, 0xFC, 0xFF,
  0xF0, 0x00, 0x7F, 0xF0, 0xFF, 0xF0, 0x03, 0xFF, 0xE1, 0xFF, 0xF8,
  0x0F, 0xFF, 0x81, 0xFF, 0xFF, 0xFF, 0xFF, 0x01, 0xFF, 0xFF, 0xFF,
  0xFC, 0x01, 0xFF, 0xFF, 0xFF, 0xF0, 0x01, 0xFF, 0xFF, 0xFF, 0xC0,
  0x01, 0xFF, 0xFF, 0xFF, 0x00, 0x01, 0xFF, 0xFF, 0xF8, 0x00, 0x00,
  0xFF, 0xFF, 0xE0, 0x00, 0x00, 0x7F, 0xFE, 0x00, 0x00, 0x00, 0x03,
  0x00, 0x00, 0x00, 0x00, 0x00, 0x08, 0x00, 0x03, 0xFE, 0x0F, 0xFF,
  0x00, 0x0F, 0xF8, 0xFF, 0xFF, 0x80, 0x3F, 0xE7, 0xFF, 0xFF, 0x00,
  0xFF, 0xBF, 0xFF, 0xFF, 0x03, 0xFF, 0xFF, 0xFF, 0xFE, 0x0F, 0xFF,
  0xFF, 0xFF, 0xFC, 0x3F, 0xFF, 0xFF, 0xFF, 0xF0, 0xFF, 0xFF, 0xFF,
  0xFF, 0xE3, 0xFF, 0xF8, 0x0F, 0xFF, 0xCF, 0xFF, 0x80, 0x0F, 0xFF,
  0x3F, 0xFC, 0x00, 0x1F, 0xFE, 0xFF, 0xE0, 0x00, 0x3F, 0xFB, 0xFF,
  0x80, 0x00, 0xFF, 0xEF, 0xFC, 0x00, 0x01, 0xFF, 0xBF, 0xF0, 0x00,
  0x07, 0xFF, 0xFF, 0xC0, 0x00, 0x1F, 0xFF, 0xFF, 0x00, 0x00, 0x7F,
  0xFF, 0xFC, 0x00, 0x01, 0xFF, 0xFF, 0xF0, 0x00, 0x07, 0xFF, 0xFF,
  0xC0, 0x00, 0x1F, 0xFF, 0xFF, 0x00, 0x00, 0x7F, 0xFF, 0xFC, 0x00,
  0x01, 0xFF, 0xBF, 0xF8, 0x00, 0x0F, 0xFE, 0xFF, 0xE0, 0x00, 0x3F,
  0xFB, 0xFF, 0xC0, 0x01, 0xFF, 0xEF, 0xFF, 0x80, 0x0F, 0xFF, 0x3F,
  0xFF, 0x80, 0xFF, 0xFC, 0xFF, 0xFF, 0xFF, 0xFF, 0xE3, 0xFF, 0xFF,
  0xFF, 0xFF, 0x8F, 0xFF, 0xFF, 0xFF, 0xFC, 0x3F, 0xFF, 0xFF, 0xFF,
  0xE0, 0xFF, 0xFF, 0xFF, 0xFF, 0x03, 0xFF, 0x7F, 0xFF, 0xF8, 0x0F,
  0xFC, 0xFF, 0xFF, 0x80, 0x3F, 0xF0, 0xFF, 0xF0, 0x00, 0xFF, 0xC0,
  0x08, 0x00, 0x03, 0xFF, 0x00, 0x00, 0x00, 0x0F, 0xFC, 0x00, 0x00,
  0x00, 0x3F, 0xF0, 0x00, 0x00, 0x00, 0xFF, 0xC0, 0x00, 0x00, 0x03,
  0xFF, 0x00, 0x00, 0x00, 0x0F, 0xFC, 0x00, 0x00, 0x00, 0x3F, 0xF0,
  0x00, 0x00, 0x00, 0xFF, 0xC0, 0x00, 0x00, 0x03, 0xFF, 0x00, 0x00,
  0x00, 0x0F, 0xFC, 0x00, 0x00, 0x00, 0x3F, 0xF0, 0x00, 0x00, 0x00,
  0xFF, 0xC0, 0x00, 0x00, 0x00, 0x00, 0x00, 0x40, 0x00, 0x00, 0x00,
  0x7F, 0xFC, 0x3F, 0xF0, 0x07, 0xFF, 0xFC, 0xFF, 0xC0, 0x7F, 0xFF,
  0xFB, 0xFF, 0x03, 0xFF, 0xFF, 0xFF, 0xFC, 0x1F, 0xFF, 0xFF, 0xFF,
  0xF0, 0xFF, 0xFF, 0xFF, 0xFF, 0xC7, 0xFF, 0xFF, 0xFF, 0xFF, 0x1F,
  0xFF, 0xFF, 0xFF, 0xFC, 0xFF, 0xFC, 0x07, 0xFF, 0xF3, 0xFF, 0xC0,
  0x0F, 0xFF, 0xDF, 0xFE, 0x00, 0x0F, 0xFF, 0x7F, 0xF0, 0x00, 0x3F,
  0xFD, 0xFF, 0x80, 0x00, 0x7F, 0xFF, 0xFE, 0x00, 0x00, 0xFF, 0xFF,
  0xF8, 0x00, 0x03, 0xFF, 0xFF, 0xC0, 0x00, 0x0F, 0xFF, 0xFF, 0x00,
  0x00, 0x3F, 0xFF, 0xFC, 0x00, 0x00, 0xFF, 0xFF, 0xF0, 0x00, 0x03,
  0xFF, 0xFF, 0xC0, 0x00, 0x0F, 0xFF, 0xFF, 0x80, 0x00, 0x3F, 0xFF,
  0xFE, 0x00, 0x00, 0xFF, 0xDF, 0xF8, 0x00, 0x07, 0xFF, 0x7F, 0xF0,
  0x00, 0x1F, 0xFD, 0xFF, 0xE0, 0x00, 0xFF, 0xF3, 0xFF, 0xC0, 0x07,
  0xFF, 0xCF, 0xFF, 0xC0, 0x7F, 0xFF, 0x1F, 0xFF, 0xFF, 0xFF, 0xFC,
  0x7F, 0xFF, 0xFF, 0xFF, 0xF0, 0xFF, 0xFF, 0xFF, 0xFF, 0xC1, 0xFF,
  0xFF, 0xFF, 0xFF, 0x03, 0xFF, 0xFF, 0xFF, 0xFC, 0x07, 0xFF, 0xFF,
  0xBF, 0xF0, 0x07, 0xFF, 0xF8, 0xFF, 0xC0, 0x07, 0xFF, 0x83, 0xFF,
  0x00, 0x00, 0x40, 0x0F, 0xFC, 0x00, 0x00, 0x00, 0x3F, 0xF0, 0x00,
  0x00, 0x00, 0xFF, 0xC0, 0x00, 0x00, 0x03, 0xFF, 0x00, 0x00, 0x00,
  0x0F, 0xFC, 0x00, 0x00, 0x00, 0x3F, 0xF0, 0x00, 0x00, 0x00, 0xFF,
  0xC0, 0x00, 0x00, 0x03, 0xFF, 0x00, 0x00, 0x00, 0x0F, 0xFC, 0x00,
  0x00, 0x00, 0x3F, 0xF0, 0x00, 0x00, 0x00, 0xFF, 0xC0, 0x00, 0x00,
  0x03, 0xFF, 0x00, 0x00, 0x00, 0x0F, 0xFC, 0x00, 0x00, 0x0F, 0xFC,
  0x0F, 0xFF, 0xE1, 0xFF, 0xFF, 0x3F, 0xFF, 0xFB, 0xFF, 0xFF, 0xFF,
  0xFF, 0xFF, 0xFF, 0xFF, 0xFF, 0xFF, 0xFF, 0xFF, 0xFF, 0xFF, 0xFF,
  0xFF, 0xFF, 0x01, 0xFF, 0xF0, 0x0F, 0xFF, 0x00, 0x7F, 0xF0, 0x03,
  0xFF, 0x80, 0x1F, 0xF8, 0x00, 0xFF, 0xC0, 0x07, 0xFE, 0x00, 0x3F,
  0xF0, 0x01, 0xFF, 0x80, 0x0F, 0xFC, 0x00, 0x7F, 0xE0, 0x03, 0xFF,
  0x00, 0x1F, 0xF8, 0x00, 0xFF, 0xC0, 0x07, 0xFE, 0x00, 0x3F, 0xF0,
  0x01, 0xFF, 0x80, 0x0F, 0xFC, 0x00, 0x7F, 0xE0, 0x03, 0xFF, 0x00,
  0x1F, 0xF8, 0x00, 0xFF, 0xC0, 0x07, 0xFE, 0x00, 0x3F, 0xF0, 0x01,
  0xFF, 0x80, 0x00, 0x00, 0x00, 0x40, 0x00, 0x00, 0x3F, 0xFF, 0x80,
  0x01, 0xFF, 0xFF, 0xF0, 0x03, 0xFF, 0xFF, 0xFE, 0x0F, 0xFF, 0xFF,
  0xFC, 0x1F, 0xFF, 0xFF, 0xFC, 0x1F, 0xFF, 0xFF, 0xFC, 0x3F, 0xFF,
  0xFF, 0xF8, 0x3F, 0xFF, 0xFF, 0xF8, 0x7F, 0xF0, 0x00, 0xF0, 0x7F,
  0xE0, 0x00, 0x30, 0x7F, 0xE0, 0x00, 0x00, 0x7F, 0xE0, 0x00, 0x00,
  0x7F, 0xF0, 0x00, 0x00, 0x7F, 0xFC, 0x00, 0x00, 0x3F, 0xFF, 0xF0,
  0x00, 0x3F, 0xFF, 0xFF, 0x80, 0x1F, 0xFF, 0xFF, 0xE0, 0x0F, 0xFF,
  0xFF, 0xF8, 0x07, 0xFF, 0xFF, 0xFC, 0x00, 0xFF, 0xFF, 0xFE, 0x00,
  0x0F, 0xFF, 0xFE, 0x00, 0x00, 0x7F, 0xFF, 0x00, 0x00, 0x07, 0xFF,
  0x00, 0x00, 0x03, 0xFF, 0x10, 0x00, 0x03, 0xFF, 0x1C, 0x00, 0x03,
  0xFF, 0x1F, 0x80, 0x07, 0xFF, 0x3F, 0xFF, 0xFF, 0xFE, 0x3F, 0xFF,
  0xFF, 0xFE, 0x7F, 0xFF, 0xFF, 0xFC, 0x7F, 0xFF, 0xFF, 0xFC, 0xFF,
  0xFF, 0xFF, 0xF8, 0x3F, 0xFF, 0xFF, 0xF0, 0x0F, 0xFF, 0xFF, 0xC0,
  0x01, 0xFF, 0xFE, 0x00, 0x00, 0x03, 0x00, 0x00, 0x07, 0xFE, 0x00,
  0x01, 0xFF, 0x80, 0x00, 0x7F, 0xE0, 0x00, 0x1F, 0xF8, 0x00, 0x07,
  0xFE, 0x00, 0x01, 0xFF, 0x80, 0x00, 0x7F, 0xE0, 0x00, 0x1F, 0xF8,
  0x00, 0x07, 0xFE, 0x00, 0x3F, 0xFF, 0xFF, 0xCF, 0xFF, 0xFF, 0xF3,
  0xFF, 0xFF, 0xFC, 0xFF, 0xFF, 0xFF, 0x3F, 0xFF, 0xFF, 0xCF, 0xFF,
  0xFF, 0xF3, 0xFF, 0xFF, 0xFC, 0xFF, 0xFF, 0xFF, 0x01, 0xFF, 0x80,
  0x00, 0x7F, 0xE0, 0x00, 0x1F, 0xF8, 0x00, 0x07, 0xFE, 0x00, 0x01,
  0xFF, 0x80, 0x00, 0x7F, 0xE0, 0x00, 0x1F, 0xF8, 0x00, 0x07, 0xFE,
  0x00, 0x01, 0xFF, 0x80, 0x00, 0x7F, 0xE0, 0x00, 0x1F, 0xF8, 0x00,
  0x07, 0xFE, 0x00, 0x01, 0xFF, 0x80, 0x00, 0x7F, 0xE0, 0x00, 0x1F,
  0xF8, 0x00, 0x07, 0xFE, 0x00, 0x01, 0xFF, 0x80, 0x00, 0x7F, 0xF0,
  0x00, 0x1F, 0xFE, 0x0C, 0x07, 0xFF, 0xFF, 0x00, 0xFF, 0xFF, 0xC0,
  0x3F, 0xFF, 0xF8, 0x07, 0xFF, 0xFE, 0x01, 0xFF, 0xFF, 0xC0, 0x3F,
  0xFF, 0xF0, 0x03, 0xFF, 0xFC, 0x00, 0x3F, 0xFC, 0x00, 0x00, 0x60,
  0x00, 0xFF, 0xE0, 0x00, 0x3F, 0xFF, 0xFE, 0x00, 0x03, 0xFF, 0xFF,
  0xE0, 0x00, 0x3F, 0xFF, 0xFE, 0x00, 0x03, 0xFF, 0xFF, 0xE0, 0x00,
  0x3F, 0xFF, 0xFE, 0x00, 0x03, 0xFF, 0xFF, 0xE0, 0x00, 0x3F, 0xFF,
  0xFE, 0x00, 0x03, 0xFF, 0xFF, 0xE0, 0x00, 0x3F, 0xFF, 0xFE, 0x00,
  0x03, 0xFF, 0xFF, 0xE0, 0x00, 0x3F, 0xFF, 0xFE, 0x00, 0x03, 0xFF,
  0xFF, 0xE0, 0x00, 0x3F, 0xFF, 0xFE, 0x00, 0x03, 0xFF, 0xFF, 0xE0,
  0x00, 0x3F, 0xFF, 0xFE, 0x00, 0x03, 0xFF, 0xFF, 0xE0, 0x00, 0x3F,
  0xFF, 0xFE, 0x00, 0x03, 0xFF, 0xFF, 0xE0, 0x00, 0x3F, 0xFF, 0xFE,
  0x00, 0x03, 0xFF, 0xFF, 0xE0, 0x00, 0x7F, 0xF7, 0xFE, 0x00, 0x07,
  0xFF, 0x7F, 0xE0, 0x00, 0x7F, 0xF7, 0xFE, 0x00, 0x0F, 0xFF, 0x7F,
  0xF0, 0x00, 0xFF, 0xF7, 0xFF, 0x80, 0x1F, 0xFF, 0x7F, 0xFE, 0x07,
  0xFF, 0xF3, 0xFF, 0xFF, 0xFF, 0xFF, 0x3F, 0xFF, 0xFF, 0xFF, 0xF1,
  0xFF, 0xFF, 0xFF, 0xFF, 0x0F, 0xFF, 0xFF, 0xFF, 0xF0, 0xFF, 0xFF,
  0xFF, 0xFF, 0x03, 0xFF, 0xFF, 0xBF, 0xF0, 0x1F, 0xFF, 0xE3, 0xFF,
  0x00, 0x7F, 0xF8, 0x3F, 0xF0, 0x00, 0x30, 0x00, 0x00, 0xFF, 0xE0,
  0x00, 0x03, 0xFF, 0x7F, 0xF0, 0x00, 0x03, 0xFF, 0x3F, 0xF0, 0x00,
  0x03, 0xFE, 0x3F, 0xF0, 0x00, 0x07, 0xFE, 0x3F, 0xF8, 0x00, 0x07,
  0xFE, 0x1F, 0xF8, 0x00, 0x0F, 0xFC, 0x1F, 0xFC, 0x00, 0x0F, 0xFC,
  0x0F, 0xFC, 0x00, 0x1F, 0xF8, 0x0F, 0xFC, 0x00, 0x1F, 0xF8, 0x0F,
  0xFE, 0x00, 0x1F, 0xF0, 0x07, 0xFE, 0x00, 0x3F, 0xF0, 0x07, 0xFF,
  0x00, 0x3F, 0xF0, 0x03, 0xFF, 0x00, 0x7F, 0xE0, 0x03, 0xFF, 0x00,
  0x7F, 0xE0, 0x01, 0xFF, 0x80, 0x7F, 0xC0, 0x01, 0xFF, 0x80, 0xFF,
  0xC0, 0x01, 0xFF, 0xC0, 0xFF, 0x80, 0x00, 0xFF, 0xC1, 0xFF, 0x80,
  0x00, 0xFF, 0xC1, 0xFF, 0x80, 0x00, 0x7F, 0xE3, 0xFF, 0x00, 0x00,
  0x7F, 0xE3, 0xFF, 0x00, 0x00, 0x7F, 0xF3, 0xFE, 0x00, 0x00, 0x3F,
  0xF7, 0xFE, 0x00, 0x00, 0x3F, 0xF7, 0xFE, 0x00, 0x00, 0x1F, 0xFF,
  0xFC, 0x00, 0x00, 0x1F, 0xFF, 0xFC, 0x00, 0x00, 0x0F, 0xFF, 0xF8,
  0x00, 0x00, 0x0F, 0xFF, 0xF8, 0x00, 0x00, 0x0F, 0xFF, 0xF0, 0x00,
  0x00, 0x07, 0xFF, 0xF0, 0x00, 0x00, 0x07, 0xFF, 0xF0, 0x00, 0x00,
  0x03, 0xFF, 0xE0, 0x00, 0x00, 0x03, 0xFF, 0xE0, 0x00, 0x00, 0x01,
  0xFF, 0xC0, 0x00, 0x00, 0x01, 0xFF, 0xC0, 0x00, 0xFF, 0xC0, 0x00,
  0x3F, 0xE0, 0x00, 0x0F, 0xFB, 0xFE, 0x00, 0x01, 0xFF, 0x80, 0x00,
  0xFF, 0x9F, 0xF0, 0x00, 0x0F, 0xFC, 0x00, 0x07, 0xFC, 0xFF, 0xC0,
  0x00, 0xFF, 0xE0, 0x00, 0x3F, 0xE3, 0xFE, 0x00, 0x07, 0xFF, 0x80,
  0x03, 0xFE, 0x1F, 0xF8, 0x00, 0x7F, 0xFC, 0x00, 0x1F, 0xF0, 0xFF,
  0xC0, 0x03, 0xFF, 0xE0, 0x00, 0xFF, 0x03, 0xFE, 0x00, 0x1F, 0xFF,
  0x80, 0x0F, 0xF8, 0x1F, 0xF8, 0x01, 0xFF, 0xFC, 0x00, 0x7F, 0xC0,
  0xFF, 0xC0, 0x0F, 0xFF, 0xE0, 0x07, 0xFC, 0x03, 0xFE, 0x00, 0x7F,
  0xFF, 0x80, 0x3F, 0xE0, 0x1F, 0xF8, 0x07, 0xFF, 0xFC, 0x01, 0xFF,
  0x00, 0x7F, 0xC0, 0x3F, 0xFF, 0xE0, 0x1F, 0xF0, 0x03, 0xFE, 0x01,
  0xFE, 0xFF, 0x80, 0xFF, 0x80, 0x1F, 0xF8, 0x1F, 0xF7, 0xFC, 0x07,
  0xFC, 0x00, 0x7F, 0xC0, 0xFF, 0xBF, 0xE0, 0x7F, 0xC0, 0x03, 0xFE,
  0x0F, 0xF8, 0xFF, 0x83, 0xFE, 0x00, 0x1F, 0xF8, 0x7F, 0xC7, 0xFC,
  0x1F, 0xF0, 0x00, 0x7F, 0xC3, 0xFE, 0x3F, 0xF1, 0xFF, 0x00, 0x03,
  0xFE, 0x3F, 0xE0, 0xFF, 0x8F, 0xF8, 0x00, 0x1F, 0xF9, 0xFF, 0x07,
  0xFC, 0x7F, 0x80, 0x00, 0x7F, 0xCF, 0xF0, 0x1F, 0xF7, 0xFC, 0x00,
  0x03, 0xFE, 0xFF, 0x80, 0xFF, 0xBF, 0xE0, 0x00, 0x0F, 0xFF, 0xFC,
  0x07, 0xFF, 0xFE, 0x00, 0x00, 0x7F, 0xFF, 0xC0, 0x1F, 0xFF, 0xF0,
  0x00, 0x03, 0xFF, 0xFE, 0x00, 0xFF, 0xFF, 0x80, 0x00, 0x0F, 0xFF,
  0xF0, 0x07, 0xFF, 0xF8, 0x00, 0x00, 0x7F, 0xFF, 0x00, 0x1F, 0xFF,
  0xC0, 0x00, 0x03, 0xFF, 0xF8, 0x00, 0xFF, 0xFE, 0x00, 0x00, 0x0F,
  0xFF, 0x80, 0x07, 0xFF, 0xE0, 0x00, 0x00, 0x7F, 0xFC, 0x00, 0x1F,
  0xFF, 0x00, 0x00, 0x03, 0xFF, 0xE0, 0x00, 0xFF, 0xF0, 0x00, 0x00,
  0x0F, 0xFE, 0x00, 0x03, 0xFF, 0x80, 0x00, 0x00, 0x7F, 0xF0, 0x00,
  0x1F, 0xFC, 0x00, 0x00, 0x03, 0xFF, 0x80, 0x00, 0xFF, 0xC0, 0x00,
  0x7F, 0xF0, 0x00, 0x1F, 0xFC, 0xFF, 0xE0, 0x00, 0xFF, 0xE1, 0xFF,
  0xC0, 0x07, 0xFF, 0x07, 0xFF, 0x80, 0x3F, 0xF8, 0x0F, 0xFE, 0x00,
  0xFF, 0xE0, 0x1F, 0xFC, 0x07, 0xFF, 0x00, 0x3F, 0xF8, 0x3F, 0xF8,
  0x00, 0xFF, 0xF0, 0xFF, 0xC0, 0x01, 0xFF, 0xC7, 0xFE, 0x00, 0x03,
  0xFF, 0xBF, 0xF8, 0x00, 0x07, 0xFF, 0xFF, 0xC0, 0x00, 0x1F, 0xFF,
  0xFE, 0x00, 0x00, 0x3F, 0xFF, 0xF0, 0x00, 0x00, 0x7F, 0xFF, 0xC0,
  0x00, 0x00, 0xFF, 0xFE, 0x00, 0x00, 0x03, 0xFF, 0xF0, 0x00, 0x00,
  0x07, 0xFF, 0x80, 0x00, 0x00, 0x0F, 0xFE, 0x00, 0x00, 0x00, 0x7F,
  0xFC, 0x00, 0x00, 0x03, 0xFF, 0xF8, 0x00, 0x00, 0x1F, 0xFF, 0xE0,
  0x00, 0x00, 0x7F, 0xFF, 0xC0, 0x00, 0x03, 0xFF, 0xFF, 0x80, 0x00,
  0x1F, 0xFF, 0xFF, 0x00, 0x00, 0xFF, 0xFF, 0xFC, 0x00, 0x03, 0xFF,
  0x3F, 0xF8, 0x00, 0x1F, 0xFC, 0x7F, 0xF0, 0x00, 0xFF, 0xE1, 0xFF,
  0xE0, 0x07, 0xFF, 0x03, 0xFF, 0xC0, 0x3F, 0xF8, 0x07, 0xFF, 0x00,
  0xFF, 0xE0, 0x0F, 0xFE, 0x07, 0xFF, 0x00, 0x3F, 0xFC, 0x3F, 0xF8,
  0x00, 0x7F, 0xF9, 0xFF, 0xC0, 0x00, 0xFF, 0xEF, 0xFF, 0x00, 0x01,
  0xFF, 0xC0, 0xFF, 0xE0, 0x00, 0x03, 0xFF, 0x7F, 0xF0, 0x00, 0x03,
  0xFF, 0x3F, 0xF0, 0x00, 0x03, 0xFE, 0x3F, 0xF0, 0x00, 0x07, 0xFE,
  0x3F, 0xF8, 0x00, 0x07, 0xFC, 0x1F, 0xF8, 0x00, 0x0F, 0xFC, 0x1F,
  0xFC, 0x00, 0x0F, 0xFC, 0x0F, 0xFC, 0x00, 0x0F, 0xF8, 0x0F, 0xFC,
  0x00, 0x1F, 0xF8, 0x07, 0xFE, 0x00, 0x1F, 0xF0, 0x07, 0xFE, 0x00,
  0x3F, 0xF0, 0x07, 0xFF, 0x00, 0x3F, 0xF0, 0x03, 0xFF, 0x00, 0x7F,
  0xE0, 0x03, 0xFF, 0x00, 0x7F, 0xE0, 0x01, 0xFF, 0x80, 0x7F, 0xC0,
  0x01, 0xFF, 0x80, 0xFF, 0xC0, 0x00, 0xFF, 0xC0, 0xFF, 0x80, 0x00,
  0xFF, 0xC1, 0xFF, 0x80, 0x00, 0xFF, 0xE1, 0xFF, 0x80, 0x00, 0x7F,
  0xE1, 0xFF, 0x00, 0x00, 0x7F, 0xE3, 0xFF, 0x00, 0x00, 0x3F, 0xF3,
  0xFE, 0x00, 0x00, 0x3F, 0xF7, 0xFE, 0x00, 0x00, 0x1F, 0xFF, 0xFC,
  0x00, 0x00, 0x1F, 0xFF, 0xFC, 0x00, 0x00, 0x1F, 0xFF, 0xFC, 0x00,
  0x00, 0x0F, 0xFF, 0xF8, 0x00, 0x00, 0x0F, 0xFF, 0xF8, 0x00, 0x00,
  0x07, 0xFF, 0xF0, 0x00, 0x00, 0x07, 0xFF, 0xF0, 0x00, 0x00, 0x03,
  0xFF, 0xF0, 0x00, 0x00, 0x03, 0xFF, 0xE0, 0x00, 0x00, 0x03, 0xFF,
  0xE0, 0x00, 0x00, 0x01, 0xFF, 0xC0, 0x00, 0x00, 0x01, 0xFF, 0xC0,
  0x00, 0x00, 0x00, 0xFF, 0x80, 0x00, 0x00, 0x01, 0xFF, 0x80, 0x00,
  0x00, 0x01, 0xFF, 0x80, 0x00, 0x08, 0x03, 0xFF, 0x00, 0x00, 0x1E,
  0x0F, 0xFF, 0x00, 0x00, 0x1F, 0xFF, 0xFE, 0x00, 0x00, 0x3F, 0xFF,
  0xFE, 0x00, 0x00, 0x3F, 0xFF, 0xFC, 0x00, 0x00, 0x7F, 0xFF, 0xF8,
  0x00, 0x00, 0x7F, 0xFF, 0xF0, 0x00, 0x00, 0xFF, 0xFF, 0xE0, 0x00,
  0x00, 0x3F, 0xFF, 0xC0, 0x00, 0x00, 0x0F, 0xFF, 0x00, 0x00, 0x00,
  0x00, 0x60, 0x00, 0x00, 0x00, 0x7F, 0xFF, 0xFF, 0xFE, 0xFF, 0xFF,
  0xFF, 0xFD, 0xFF, 0xFF, 0xFF, 0xFB, 0xFF, 0xFF, 0xFF, 0xF7, 0xFF,
  0xFF, 0xFF, 0xEF, 0xFF, 0xFF, 0xFF, 0xDF, 0xFF, 0xFF, 0xFF, 0xBF,
  0xFF, 0xFF, 0xFE, 0x00, 0x00, 0x3F, 0xF8, 0x00, 0x00, 0xFF, 0xE0,
  0x00, 0x03, 0xFF, 0x80, 0x00, 0x0F, 0xFF, 0x00, 0x00, 0x3F, 0xFC,
  0x00, 0x00, 0x7F, 0xF0, 0x00, 0x01, 0xFF, 0xC0, 0x00, 0x07, 0xFF,
  0x00, 0x00, 0x1F, 0xFC, 0x00, 0x00, 0x7F, 0xF0, 0x00, 0x01, 0xFF,
  0xC0, 0x00, 0x07, 0xFF, 0x00, 0x00, 0x1F, 0xFE, 0x00, 0x00, 0x7F,
  0xF8, 0x00, 0x00, 0xFF, 0xE0, 0x00, 0x03, 0xFF, 0x80, 0x00, 0x0F,
  0xFE, 0x00, 0x00, 0x3F, 0xF8, 0x00, 0x00, 0xFF, 0xE0, 0x00, 0x03,
  0xFF, 0xFF, 0xFF, 0xFF, 0xFF, 0xFF, 0xFF, 0xFF, 0xFF, 0xFF, 0xFF,
  0xFF, 0xFF, 0xFF, 0xFF, 0xFF, 0xFF, 0xFF, 0xFF, 0xFF, 0xFF, 0xFF,
  0xFF, 0xFF, 0xFF, 0xFF, 0xFF, 0xFF, 0xFF, 0xFF, 0xF8, 0x00, 0x07,
  0xF8, 0x00, 0xFF, 0xC0, 0x1F, 0xFE, 0x01, 0xFF, 0xF0, 0x1F, 0xFF,
  0x80, 0xFF, 0xFC, 0x0F, 0xFF, 0xE0, 0x7F, 0xFF, 0x03, 0xFF, 0xF0,
  0x1F, 0xFC, 0x01, 0xFF, 0xC0, 0x0F, 0xFE, 0x00, 0x7F, 0xF0, 0x03,
  0xFF, 0x80, 0x1F, 0xFC, 0x00, 0xFF, 0xE0, 0x07, 0xFF, 0x00, 0x3F,
  0xF8, 0x01, 0xFF, 0xC0, 0x0F, 0xFE, 0x00, 0x7F, 0xF0, 0x03, 0xFF,
  0x80, 0x1F, 0xFC, 0x00, 0xFF, 0xE0, 0x07, 0xFF, 0x00, 0x3F, 0xF0,
  0x03, 0xFF, 0x81, 0xFF, 0xFC, 0x0F, 0xFF, 0xE0, 0x7F, 0xFE, 0x03,
  0xFF, 0xE0, 0x1F, 0xFE, 0x00, 0xFF, 0xFC, 0x07, 0xFF, 0xE0, 0x3F,
  0xFF, 0x80, 0x3F, 0xFC, 0x00, 0x7F, 0xE0, 0x03, 0xFF, 0x00, 0x1F,
  0xFC, 0x00, 0xFF, 0xE0, 0x07, 0xFF, 0x00, 0x3F, 0xF8, 0x01, 0xFF,
  0xC0, 0x0F, 0xFE, 0x00, 0x7F, 0xF0, 0x03, 0xFF, 0x80, 0x1F, 0xFC,
  0x00, 0xFF, 0xE0, 0x07, 0xFF, 0x00, 0x3F, 0xF8, 0x01, 0xFF, 0xC0,
  0x0F, 0xFE, 0x00, 0x3F, 0xF8, 0x01, 0xFF, 0xF8, 0x0F, 0xFF, 0xE0,
  0x7F, 0xFF, 0x01, 0xFF, 0xF8, 0x0F, 0xFF, 0xC0, 0x3F, 0xFE, 0x00,
  0xFF, 0xF0, 0x01, 0xFF, 0x80, 0x03, 0xFC, 0xFF, 0xFF, 0xFF, 0xFF,
  0xFF, 0xFF, 0xFF, 0xFF, 0xFF, 0xFF, 0xFF, 0xFF, 0xFF, 0xFF, 0xFF,
  0xFF, 0xFF, 0xFF, 0xFF, 0xFF, 0xFF, 0xFF, 0xFF, 0xFF, 0xFF, 0xFF,
  0xFF, 0xFF, 0xFF, 0xFF, 0xFF, 0xFF, 0xFF, 0xFF, 0xFF, 0xFF, 0xFF,
  0xFF, 0xFF, 0xFF, 0xFF, 0xFF, 0xFF, 0xFF, 0xFF, 0xFF, 0xFF, 0xFF,
  0xFF, 0xFF, 0xFF, 0xFF, 0xFF, 0xFF, 0xFF, 0xFF, 0xFF, 0xFF, 0xFF,
  0xFF, 0xFF, 0xFF, 0xFF, 0xFF, 0xFF, 0xFF, 0xFF, 0xFF, 0xFF, 0xFF,
  0xFF, 0xFF, 0xFF, 0xFF, 0xFF, 0xFF, 0xFF, 0xF0, 0xFF, 0x00, 0x07,
  0xFF, 0x00, 0x3F, 0xFC, 0x01, 0xFF, 0xF0, 0x0F, 0xFF, 0xC0, 0x7F,
  0xFF, 0x03, 0xFF, 0xF8, 0x1F, 0xFF, 0xC0, 0x3F, 0xFF, 0x00, 0x3F,
  0xF8, 0x01, 0xFF, 0xC0, 0x07, 0xFE, 0x00, 0x3F, 0xF0, 0x01, 0xFF,
  0x80, 0x0F, 0xFC, 0x00, 0x7F, 0xE0, 0x03, 0xFF, 0x00, 0x1F, 0xF8,
  0x00, 0xFF, 0xC0, 0x07, 0xFE, 0x00, 0x3F, 0xF0, 0x01, 0xFF, 0x80,
  0x0F, 0xFC, 0x00, 0x7F, 0xE0, 0x03, 0xFF, 0x00, 0x1F, 0xF8, 0x00,
  0xFF, 0xE0, 0x07, 0xFF, 0xF0, 0x1F, 0xFF, 0x80, 0xFF, 0xFC, 0x01,
  0xFF, 0xE0, 0x07, 0xFF, 0x00, 0xFF, 0xF8, 0x0F, 0xFF, 0xC0, 0xFF,
  0xFE, 0x07, 0xFF, 0x80, 0x3F, 0xF8, 0x01, 0xFF, 0x80, 0x0F, 0xFC,
  0x00, 0x7F, 0xE0, 0x03, 0xFF, 0x00, 0x1F, 0xF8, 0x00, 0xFF, 0xC0,
  0x07, 0xFE, 0x00, 0x3F, 0xF0, 0x01, 0xFF, 0x80, 0x0F, 0xFC, 0x00,
  0x7F, 0xE0, 0x03, 0xFF, 0x00, 0x1F, 0xF8, 0x00, 0xFF, 0xC0, 0x0F,
  0xFE, 0x00, 0x7F, 0xF0, 0x1F, 0xFF, 0x83, 0xFF, 0xFC, 0x1F, 0xFF,
  0xC0, 0xFF, 0xFE, 0x07, 0xFF, 0xE0, 0x3F, 0xFE, 0x01, 0xFF, 0xE0,
  0x0F, 0xFE, 0x00, 0x7F, 0x80, 0x00, 0x01, 0xF8, 0x00, 0x00, 0x03,
  0xFF, 0x00, 0x1F, 0xC3, 0xFF, 0xE0, 0x0F, 0xE3, 0xFF, 0xF8, 0x07,
  0xF3, 0xFF, 0xFE, 0x07, 0xF1, 0xFF, 0xFF, 0xC7, 0xF9, 0xFF, 0xFF,
  0xFF, 0xFC, 0xFF, 0x1F, 0xFF, 0xFC, 0x7F, 0x03, 0xFF, 0xFE, 0x7F,
  0x00, 0xFF, 0xFE, 0x3F, 0x80, 0x3F, 0xFE, 0x1F, 0xC0, 0x07, 0xFE,
  0x00, 0x00, 0x00, 0xFC, 0x00 };

const GFXglyph MontserratBold33pt7bGlyphs[] PROGMEM = {
  {     0,   1,   1,  18,    0,    0 },   // 0x20 ' '
  {     1,  13,  47,  19,    3,  -45 },   // 0x21 '!'
  {    78,  22,  19,  28,    3,  -45 },   // 0x22 '"'
  {   131,  45,  46,  47,    1,  -45 },   // 0x23 '#'
  {   390,  38,  62,  41,    2,  -53 },   // 0x24 '$'
  {   685,  53,  48,  57,    2,  -46 },   // 0x25 '%'
  {  1003,  44,  48,  47,    2,  -46 },   // 0x26 '&'
  {  1267,   9,  19,  15,    3,  -45 },   // 0x27 '''
  {  1289,  18,  62,  23,    5,  -48 },   // 0x28 '('
  {  1429,  18,  62,  23,    1,  -48 },   // 0x29 ')'
  {  1569,  26,  26,  28,    1,  -48 },   // 0x2A '*'
  {  1654,  31,  30,  39,    4,  -37 },   // 0x2B '+'
  {  1771,  13,  22,  17,    2,  -11 },   // 0x2C ','
  {  1807,  19,   8,  25,    3,  -21 },   // 0x2D '-'
  {  1826,  13,  14,  17,    2,  -12 },   // 0x2E '.'
  {  1849,  30,  62,  25,   -2,  -54 },   // 0x2F '/'
  {  2082,  39,  48,  44,    3,  -46 },   // 0x30 '0'
  {  2316,  20,  46,  25,    0,  -45 },   // 0x31 '1'
  {  2431,  37,  47,  38,    0,  -46 },   // 0x32 '2'
  {  2649,  36,  47,  38,    0,  -45 },   // 0x33 '3'
  {  2861,  42,  46,  45,    2,  -45 },   // 0x34 '4'
  {  3103,  36,  47,  39,    1,  -45 },   // 0x35 '5'
  {  3315,  37,  48,  41,    3,  -46 },   // 0x36 '6'
  {  3537,  36,  46,  40,    2,  -45 },   // 0x37 '7'
  {  3744,  39,  48,  43,    2,  -46 },   // 0x38 '8'
  {  3978,  38,  48,  41,    1,  -46 },   // 0x39 '9'
  {  4206,  13,  37,  17,    2,  -35 },   // 0x3A ':'
  {  4267,  13,  46,  17,    2,  -35 },   // 0x3B ';'
  {  4342,  31,  32,  39,    4,  -38 },   // 0x3C '<'
  {  4466,  31,  25,  39,    4,  -34 },   // 0x3D '='
  {  4563,  31,  32,  39,    4,  -38 },   // 0x3E '>'
  {  4687,  35,  48,  38,    0,  -46 },   // 0x3F '?'
  {  4897,  62,  61,  67,    3,  -46 },   // 0x40 '@'
  {  5370,  51,  46,  50,   -1,  -45 },   // 0x41 'A'
  {  5664,  42,  46,  50,    5,  -45 },   // 0x42 'B'
  {  5906,  43,  48,  47,    3,  -46 },   // 0x43 'C'
  {  6164,  46,  46,  54,    5,  -45 },   // 0x44 'D'
  {  6429,  36,  46,  44,    5,  -45 },   // 0x45 'E'
  {  6636,  35,  46,  42,    5,  -45 },   // 0x46 'F'
  {  6838,  44,  48,  50,    3,  -46 },   // 0x47 'G'
  {  7102,  42,  46,  53,    5,  -45 },   // 0x48 'H'
  {  7344,  11,  46,  21,    5,  -45 },   // 0x49 'I'
  {  7408,  31,  47,  35,   -1,  -45 },   // 0x4A 'J'
  {  7591,  44,  46,  48,    5,  -45 },   // 0x4B 'K'
  {  7844,  34,  46,  39,    5,  -45 },   // 0x4C 'L'
  {  8040,  52,  46,  62,    5,  -45 },   // 0x4D 'M'
  {  8339,  42,  46,  53,    5,  -45 },   // 0x4E 'N'
  {  8581,  49,  48,  55,    3,  -46 },   // 0x4F 'O'
  {  8875,  40,  46,  48,    5,  -45 },   // 0x50 'P'
  {  9105,  52,  57,  55,    3,  -46 },   // 0x51 'Q'
  {  9476,  41,  46,  48,    5,  -45 },   // 0x52 'R'
  {  9712,  38,  48,  41,    2,  -46 },   // 0x53 'S'
  {  9940,  40,  46,  40,    0,  -45 },   // 0x54 'T'
  { 10170,  41,  47,  51,    5,  -45 },   // 0x55 'U'
  { 10411,  50,  46,  48,   -1,  -45 },   // 0x56 'V'
  { 10699,  73,  46,  76,    1,  -45 },   // 0x57 'W'
  { 11119,  46,  46,  46,    0,  -45 },   // 0x58 'X'
  { 11384,  46,  46,  44,   -1,  -45 },   // 0x59 'Y'
  { 11649,  40,  46,  44,    2,  -45 },   // 0x5A 'Z'
  { 11879,  18,  62,  24,    5,  -48 },   // 0x5B '['
  { 12019,  31,  62,  25,   -3,  -54 },   // 0x5C '\'
  { 12260,  18,  62,  24,    1,  -48 },   // 0x5D ']'
  { 12400,  31,  28,  39,    4,  -36 },   // 0x5E '^'
  { 12509,  33,   6,  33,    0,    1 },   // 0x5F '_'
  { 12534,  19,  10,  39,    6,  -49 },   // 0x60 '`'
  { 12558,  34,  37,  40,    2,  -35 },   // 0x61 'a'
  { 12716,  38,  50,  45,    5,  -48 },   // 0x62 'b'
  { 12954,  35,  37,  38,    2,  -35 },   // 0x63 'c'
  { 13116,  38,  50,  45,    2,  -48 },   // 0x64 'd'
  { 13354,  37,  37,  41,    2,  -35 },   // 0x65 'e'
  { 13526,  26,  49,  25,    1,  -48 },   // 0x66 'f'
  { 13686,  39,  50,  46,    2,  -35 },   // 0x67 'g'
  { 13930,  35,  49,  45,    5,  -48 },   // 0x68 'h'
  { 14145,  13,  51,  20,    3,  -50 },   // 0x69 'i'
  { 14228,  23,  65,  20,   -6,  -50 },   // 0x6A 'j'
  { 14415,  38,  49,  43,    5,  -48 },   // 0x6B 'k'
  { 14648,  10,  49,  20,    5,  -48 },   // 0x6C 'l'
  { 14710,  59,  36,  68,    5,  -35 },   // 0x6D 'm'
  { 14976,  35,  36,  45,    5,  -35 },   // 0x6E 'n'
  { 15134,  39,  37,  43,    2,  -35 },   // 0x6F 'o'
  { 15315,  38,  49,  45,    5,  -35 },   // 0x70 'p'
  { 15548,  38,  49,  45,    2,  -35 },   // 0x71 'q'
  { 15781,  21,  36,  28,    5,  -35 },   // 0x72 'r'
  { 15876,  32,  37,  35,    1,  -35 },   // 0x73 's'
  { 16024,  26,  45,  28,    1,  -43 },   // 0x74 't'
  { 16171,  36,  36,  45,    4,  -34 },   // 0x75 'u'
  { 16333,  40,  35,  39,   -1,  -34 },   // 0x76 'v'
  { 16508,  61,  35,  61,    0,  -34 },   // 0x77 'w'
  { 16775,  38,  35,  39,    0,  -34 },   // 0x78 'x'
  { 16942,  40,  49,  39,   -1,  -34 },   // 0x79 'y'
  { 17187,  31,  35,  35,    2,  -34 },   // 0x7A 'z'
  { 17323,  21,  62,  25,    3,  -48 },   // 0x7B '{'
  { 17486,  10,  62,  20,    5,  -48 },   // 0x7C '|'
  { 17564,  21,  62,  25,    1,  -48 },   // 0x7D '}'
  { 17727,  33,  13,  39,    3,  -29 }
 }; // 0x7E '~'

const GFXfont MontserratBold33pt7b PROGMEM = {
  (uint8_t  *)MontserratBold33pt7bBitmaps,
  (GFXglyph *)MontserratBold33pt7bGlyphs,
  0x20, 0x7E, 79 };

// Approx. 18453 bytes
