#pragma once

const uint8_t MontserratBold44pt7bBitmaps[] PROGMEM = {
  0x00, 0xFF, 0xFF, 0x3F, 0xFF, 0x9F, 0xFF, 0xCF, 0xFF, 0xE7, 0xFF,
  0xF3, 0xFF, 0xF9, 0xFF, 0xFC, 0xFF, 0xFE, 0x7F, 0xFF, 0x3F, 0xFF,
  0x9F, 0xFF, 0xCF, 0xFF, 0xE7, 0xFF, 0xF3, 0xFF, 0xF9, 0xFF, 0xF8,
  0x7F, 0xFC, 0x3F, 0xFE, 0x1F, 0xFF, 0x0F, 0xFF, 0x87, 0xFF, 0xC3,
  0xFF, 0xE1, 0xFF, 0xF0, 0xFF, 0xF8, 0x7F, 0xFC, 0x3F, 0xFE, 0x1F,
  0xFF, 0x0F, 0xFF, 0x87, 0xFF, 0xC3, 0xFF, 0xE1, 0xFF, 0xE0, 0x7F,
  0xF0, 0x3F, 0xF8, 0x1F, 0xFC, 0x0F, 0xFE, 0x07, 0xFF, 0x03, 0xFF,
  0x81, 0xFF, 0xC0, 0xFF, 0xE0, 0x7F, 0xF0, 0x00, 0x00, 0x00, 0x00,
  0x00, 0x00, 0x00, 0x00, 0x00, 0x00, 0x00, 0x00, 0x00, 0x04, 0x00,
  0x3F, 0xE0, 0x3F, 0xF8, 0x3F, 0xFE, 0x3F, 0xFF, 0x9F, 0xFF, 0xDF,
  0xFF, 0xFF, 0xFF, 0xFF, 0xFF, 0xFF, 0xFF, 0xFE, 0xFF, 0xFE, 0x7F,
  0xFF, 0x1F, 0xFF, 0x07, 0xFF, 0x01, 0xFF, 0x00, 0x08, 0x00, 0xFF,
  0xF0, 0x3F, 0xFF, 0xFF, 0x81, 0xFF, 0xFF, 0xFC, 0x0F, 0xFF, 0xFF,
  0xE0, 0x7F, 0xFF, 0xFE, 0x03, 0xFF, 0xFF, 0xF0, 0x1F, 0xFF, 0xFF,
  0x80, 0xFF, 0xFF, 0xFC, 0x07, 0xFF, 0x7F, 0xE0, 0x3F, 0xFB, 0xFF,
  0x01, 0xFF, 0xDF, 0xF8, 0x0F, 0xFE, 0xFF, 0xC0, 0x7F, 0xF7, 0xFE,
  0x03, 0xFF, 0xBF, 0xF0, 0x1F, 0xFD, 0xFF, 0x80, 0xFF, 0xEF, 0xFC,
  0x07, 0xFF, 0x7F, 0xE0, 0x1F, 0xFB, 0xFF, 0x00, 0xFF, 0xDF, 0xF8,
  0x07, 0xFE, 0xFF, 0xC0, 0x3F, 0xF7, 0xFE, 0x01, 0xFF, 0xBF, 0xF0,
  0x0F, 0xFD, 0xFF, 0x80, 0x7F, 0xEF, 0xFC, 0x03, 0xFE, 0x00, 0x00,
  0x7F, 0xC0, 0x01, 0xFF, 0x80, 0x00, 0x00, 0x1F, 0xF0, 0x00, 0x7F,
  0xC0, 0x00, 0x00, 0x0F, 0xFC, 0x00, 0x1F, 0xF0, 0x00, 0x00, 0x03,
  0xFF, 0x00, 0x07, 0xFC, 0x00, 0x00, 0x00, 0xFF, 0xC0, 0x03, 0xFF,
  0x00, 0x00, 0x00, 0x3F, 0xF0, 0x00, 0xFF, 0xC0, 0x00, 0x00, 0x0F,
  0xFC, 0x00, 0x3F, 0xF0, 0x00, 0x00, 0x03, 0xFE, 0x00, 0x0F, 0xFC,
  0x00, 0x00, 0x00, 0xFF, 0x80, 0x03, 0xFF, 0x00, 0x00, 0x00, 0x3F,
  0xE0, 0x00, 0xFF, 0xC0, 0x00, 0x00, 0x1F, 0xF8, 0x00, 0x3F, 0xE0,
  0x00, 0x00, 0x07, 0xFE, 0x00, 0x0F, 0xF8, 0x00, 0x00, 0x01, 0xFF,
  0x80, 0x07, 0xFE, 0x00, 0x00, 0x00, 0x7F, 0xE0, 0x01, 0xFF, 0x80,
  0x01, 0xFF, 0xFF, 0xFF, 0xFF, 0xFF, 0xFF, 0xFC, 0x7F, 0xFF, 0xFF,
  0xFF, 0xFF, 0xFF, 0xFF, 0x1F, 0xFF, 0xFF, 0xFF, 0xFF, 0xFF, 0xFF,
  0xC7, 0xFF, 0xFF, 0xFF, 0xFF, 0xFF, 0xFF, 0xF1, 0xFF, 0xFF, 0xFF,
  0xFF, 0xFF, 0xFF, 0xFC, 0x7F, 0xFF, 0xFF, 0xFF, 0xFF, 0xFF, 0xFF,
  0x1F, 0xFF, 0xFF, 0xFF, 0xFF, 0xFF, 0xFF, 0xC7, 0xFF, 0xFF, 0xFF,
  0xFF, 0xFF, 0xFF, 0xF1, 0xFF, 0xFF, 0xFF, 0xFF, 0xFF, 0xFF, 0xFC,
  0x00, 0x0F, 0xF8, 0x00, 0x3F, 0xF0, 0x00, 0x00, 0x03, 0xFE, 0x00,
  0x0F, 0xFC, 0x00, 0x00, 0x00, 0xFF, 0x80, 0x03, 0xFF, 0x00, 0x00,
  0x00, 0x7F, 0xE0, 0x00, 0xFF, 0x80, 0x00, 0x00, 0x1F, 0xF8, 0x00,
  0x3F, 0xE0, 0x00, 0x00, 0x07, 0xFE, 0x00, 0x1F, 0xF8, 0x00, 0x00,
  0x01, 0xFF, 0x80, 0x07, 0xFE, 0x00, 0x00, 0x00, 0x7F, 0xE0, 0x01,
  0xFF, 0x80, 0x00, 0x00, 0x1F, 0xF8, 0x00, 0x7F, 0xE0, 0x00, 0x00,
  0x07, 0xFC, 0x00, 0x1F, 0xF8, 0x00, 0x00, 0x01, 0xFF, 0x00, 0x07,
  0xFE, 0x00, 0x00, 0x00, 0xFF, 0xC0, 0x01, 0xFF, 0x00, 0x00, 0x00,
  0x3F, 0xF0, 0x00, 0x7F, 0xC0, 0x00, 0x00, 0x0F, 0xFC, 0x00, 0x1F,
  0xF0, 0x00, 0x3F, 0xFF, 0xFF, 0xFF, 0xFF, 0xFF, 0xFF, 0x8F, 0xFF,
  0xFF, 0xFF, 0xFF, 0xFF, 0xFF, 0xE3, 0xFF, 0xFF, 0xFF, 0xFF, 0xFF,
  0xFF, 0xF8, 0xFF, 0xFF, 0xFF, 0xFF, 0xFF, 0xFF, 0xFE, 0x3F, 0xFF,
  0xFF, 0xFF, 0xFF, 0xFF, 0xFF, 0x8F, 0xFF, 0xFF, 0xFF, 0xFF, 0xFF,
  0xFF, 0xE3, 0xFF, 0xFF, 0xFF, 0xFF, 0xFF, 0xFF, 0xF8, 0xFF, 0xFF,
  0xFF, 0xFF, 0xFF, 0xFF, 0xFE, 0x3F, 0xFF, 0xFF, 0xFF, 0xFF, 0xFF,
  0xFF, 0x80, 0x01, 0xFF, 0x80, 0x07, 0xFE, 0x00, 0x00, 0x00, 0x7F,
  0xC0, 0x01, 0xFF, 0x80, 0x00, 0x00, 0x1F, 0xF0, 0x00, 0x7F, 0xE0,
  0x00, 0x00, 0x07, 0xFC, 0x00, 0x1F, 0xF8, 0x00, 0x00, 0x03, 0xFF,
  0x00, 0x07, 0xFC, 0x00, 0x00, 0x00, 0xFF, 0xC0, 0x01, 0xFF, 0x00,
  0x00, 0x00, 0x3F, 0xF0, 0x00, 0xFF, 0xC0, 0x00, 0x00, 0x0F, 0xFC,
  0x00, 0x3F, 0xF0, 0x00, 0x00, 0x03, 0xFF, 0x00, 0x0F, 0xFC, 0x00,
  0x00, 0x00, 0xFF, 0x80, 0x03, 0xFF, 0x00, 0x00, 0x00, 0x3F, 0xE0,
  0x00, 0xFF, 0xC0, 0x00, 0x00, 0x0F, 0xF8, 0x00, 0x3F, 0xF0, 0x00,
  0x00, 0x07, 0xFE, 0x00, 0x0F, 0xF8, 0x00, 0x00, 0x01, 0xFF, 0x80,
  0x03, 0xFE, 0x00, 0x00, 0x00, 0x00, 0x03, 0xFC, 0x00, 0x00, 0x00,
  0x00, 0x00, 0xFF, 0x00, 0x00, 0x00, 0x00, 0x00, 0x3F, 0xC0, 0x00,
  0x00, 0x00, 0x00, 0x0F, 0xF0, 0x00, 0x00, 0x00, 0x00, 0x03, 0xFC,
  0x00, 0x00, 0x00, 0x00, 0x00, 0xFF, 0x00, 0x00, 0x00, 0x00, 0x00,
  0x3F, 0xC0, 0x00, 0x00, 0x00, 0x00, 0x0F, 0xF0, 0x00, 0x00, 0x00,
  0x00, 0x03, 0xFC, 0x00, 0x00, 0x00, 0x00, 0x00, 0xFF, 0x00, 0x00,
  0x00, 0x00, 0x03, 0xFF, 0xFF, 0x00, 0x00, 0x00, 0x07, 0xFF, 0xFF,
  0xF8, 0x00, 0x00, 0x0F, 0xFF, 0xFF, 0xFF, 0xC0, 0x00, 0x0F, 0xFF,
  0xFF, 0xFF, 0xFC, 0x00, 0x07, 0xFF, 0xFF, 0xFF, 0xFF, 0xC0, 0x03,
  0xFF, 0xFF, 0xFF, 0xFF, 0xFC, 0x03, 0xFF, 0xFF, 0xFF, 0xFF, 0xFF,
  0x00, 0xFF, 0xFF, 0xFF, 0xFF, 0xFF, 0x80, 0x7F, 0xFF, 0xFF, 0xFF,
  0xFF, 0xE0, 0x3F, 0xFF, 0xFF, 0xFF, 0xFF, 0xF0, 0x0F, 0xFF, 0xFF,
  0xFF, 0xFF, 0xFC, 0x07, 0xFF, 0xFF, 0xFF, 0xFF, 0xFF, 0x01, 0xFF,
  0xFF, 0x3F, 0xC3, 0xFF, 0x80, 0xFF, 0xFF, 0x0F, 0xF0, 0x0F, 0xE0,
  0x3F, 0xFF, 0x83, 0xFC, 0x00, 0xF0, 0x0F, 0xFF, 0xC0, 0xFF, 0x00,
  0x0C, 0x03, 0xFF, 0xF0, 0x3F, 0xC0, 0x00, 0x00, 0xFF, 0xF8, 0x0F,
  0xF0, 0x00, 0x00, 0x3F, 0xFE, 0x03, 0xFC, 0x00, 0x00, 0x0F, 0xFF,
  0xC0, 0xFF, 0x00, 0x00, 0x03, 0xFF, 0xF0, 0x3F, 0xC0, 0x00, 0x00,
  0xFF, 0xFE, 0x0F, 0xF0, 0x00, 0x00, 0x3F, 0xFF, 0xC3, 0xFC, 0x00,
  0x00, 0x0F, 0xFF, 0xFC, 0xFF, 0x00, 0x00, 0x01, 0xFF, 0xFF, 0xFF,
  0xC0, 0x00, 0x00, 0x7F, 0xFF, 0xFF, 0xF0, 0x00, 0x00, 0x0F, 0xFF,
  0xFF, 0xFF, 0x00, 0x00, 0x03, 0xFF, 0xFF, 0xFF, 0xFC, 0x00, 0x00,
  0x7F, 0xFF, 0xFF, 0xFF, 0xE0, 0x00, 0x0F, 0xFF, 0xFF, 0xFF, 0xFE,
  0x00, 0x01, 0xFF, 0xFF, 0xFF, 0xFF, 0xE0, 0x00, 0x3F, 0xFF, 0xFF,
  0xFF, 0xFE, 0x00, 0x03, 0xFF, 0xFF, 0xFF, 0xFF, 0xC0, 0x00, 0x3F,
  0xFF, 0xFF, 0xFF, 0xF8, 0x00, 0x01, 0xFF, 0xFF, 0xFF, 0xFF, 0x00,
  0x00, 0x0F, 0xFF, 0xFF, 0xFF, 0xC0, 0x00, 0x00, 0x3F, 0xFF, 0xFF,
  0xF8, 0x00, 0x00, 0x0F, 0xFF, 0xFF, 0xFE, 0x00, 0x00, 0x03, 0xFF,
  0xFF, 0xFF, 0xC0, 0x00, 0x00, 0xFF, 0x1F, 0xFF, 0xF0, 0x00, 0x00,
  0x3F, 0xC3, 0xFF, 0xFC, 0x00, 0x00, 0x0F, 0xF0, 0x3F, 0xFF, 0x00,
  0x00, 0x03, 0xFC, 0x0F, 0xFF, 0xC0, 0x00, 0x00, 0xFF, 0x01, 0xFF,
  0xF0, 0x00, 0x00, 0x3F, 0xC0, 0x7F, 0xFC, 0x10, 0x00, 0x0F, 0xF0,
  0x3F, 0xFF, 0x0F, 0x00, 0x03, 0xFC, 0x0F, 0xFF, 0xC3, 0xF0, 0x00,
  0xFF, 0x03, 0xFF, 0xF1, 0xFF, 0x80, 0x3F, 0xC1, 0xFF, 0xFC, 0x7F,
  0xFC, 0x0F, 0xF1, 0xFF, 0xFE, 0x3F, 0xFF, 0xFB, 0xFF, 0xFF, 0xFF,
  0x8F, 0xFF, 0xFF, 0xFF, 0xFF, 0xFF, 0xC3, 0xFF, 0xFF, 0xFF, 0xFF,
  0xFF, 0xF1, 0xFF, 0xFF, 0xFF, 0xFF, 0xFF, 0xF8, 0xFF, 0xFF, 0xFF,
  0xFF, 0xFF, 0xFC, 0x1F, 0xFF, 0xFF, 0xFF, 0xFF, 0xFE, 0x01, 0xFF,
  0xFF, 0xFF, 0xFF, 0xFF, 0x00, 0x3F, 0xFF, 0xFF, 0xFF, 0xFF, 0x00,
  0x01, 0xFF, 0xFF, 0xFF, 0xFF, 0x80, 0x00, 0x1F, 0xFF, 0xFF, 0xFF,
  0x80, 0x00, 0x00, 0x7F, 0xFF, 0xFE, 0x00, 0x00, 0x00, 0x00, 0x3F,
  0xF0, 0x00, 0x00, 0x00, 0x00, 0x03, 0xFC, 0x00, 0x00, 0x00, 0x00,
  0x00, 0xFF, 0x00, 0x00, 0x00, 0x00, 0x00, 0x3F, 0xC0, 0x00, 0x00,
  0x00, 0x00, 0x0F, 0xF0, 0x00, 0x00, 0x00, 0x00, 0x03, 0xFC, 0x00,
  0x00, 0x00, 0x00, 0x00, 0xFF, 0x00, 0x00, 0x00, 0x00, 0x00, 0x3F,
  0xC0, 0x00, 0x00, 0x00, 0x00, 0x0F, 0xF0, 0x00, 0x00, 0x00, 0x00,
  0x03, 0xFC, 0x00, 0x00, 0x00, 0x00, 0x1F, 0xE0, 0x00, 0x00, 0x00,
  0x00, 0x00, 0x00, 0x01, 0xFF, 0xF8, 0x00, 0x00, 0x00, 0x3F, 0xF0,
  0x00, 0x07, 0xFF, 0xFC, 0x00, 0x00, 0x00, 0xFF, 0xC0, 0x00, 0x3F,
  0xFF, 0xFC, 0x00, 0x00, 0x03, 0xFF, 0x80, 0x00, 0xFF, 0xFF, 0xFC,
  0x00, 0x00, 0x07, 0xFE, 0x00, 0x01, 0xFF, 0xFF, 0xFC, 0x00, 0x00,
  0x1F, 0xF8, 0x00, 0x07, 0xFF, 0xFF, 0xFC, 0x00, 0x00, 0x7F, 0xF0,
  0x00, 0x1F, 0xFC, 0x1F, 0xF8, 0x00, 0x00, 0xFF, 0xC0, 0x00, 0x3F,
  0xE0, 0x1F, 0xF8, 0x00, 0x03, 0xFF, 0x00, 0x00, 0xFF, 0xC0, 0x1F,
  0xF0, 0x00, 0x0F, 0xFE, 0x00, 0x01, 0xFF, 0x00, 0x3F, 0xE0, 0x00,
  0x1F, 0xF8, 0x00, 0x03, 0xFE, 0x00, 0x3F, 0xE0, 0x00, 0x7F, 0xE0,
  0x00, 0x07, 0xF8, 0x00, 0x7F, 0xC0, 0x01, 0xFF, 0xC0, 0x00, 0x1F,
  0xF0, 0x00, 0xFF, 0x80, 0x03, 0xFF, 0x00, 0x00, 0x3F, 0xE0, 0x01,
  0xFF, 0x00, 0x0F, 0xFC, 0x00, 0x00, 0x7F, 0xC0, 0x01, 0xFE, 0x00,
  0x3F, 0xF0, 0x00, 0x00, 0xFF, 0x80, 0x03, 0xFC, 0x00, 0x7F, 0xE0,
  0x00, 0x01, 0xFF, 0x00, 0x07, 0xF8, 0x01, 0xFF, 0x80, 0x00, 0x03,
  0xFE, 0x00, 0x1F, 0xF0, 0x07, 0xFE, 0x00, 0x00, 0x07, 0xFC, 0x00,
  0x3F, 0xE0, 0x1F, 0xFC, 0x00, 0x00, 0x07, 0xF8, 0x00, 0x7F, 0xC0,
  0x3F, 0xF0, 0x00, 0x00, 0x0F, 0xF8, 0x00, 0xFF, 0x80, 0xFF, 0xC0,
  0x00, 0x00, 0x1F, 0xF0, 0x03, 0xFE, 0x03, 0xFF, 0x80, 0x00, 0x00,
  0x3F, 0xF0, 0x07, 0xFC, 0x07, 0xFE, 0x00, 0x00, 0x00, 0x3F, 0xE0,
  0x1F, 0xF8, 0x1F, 0xF8, 0x00, 0x00, 0x00, 0x7F, 0xF0, 0x7F, 0xE0,
  0x7F, 0xF0, 0x00, 0x00, 0x00, 0x7F, 0xFF, 0xFF, 0xC0, 0xFF, 0xC0,
  0x00, 0x00, 0x00, 0x7F, 0xFF, 0xFF, 0x03, 0xFF, 0x00, 0x00, 0x00,
  0x00, 0xFF, 0xFF, 0xFC, 0x0F, 0xFE, 0x00, 0xFF, 0x00, 0x00, 0xFF,
  0xFF, 0xF0, 0x1F, 0xF8, 0x0F, 0xFF, 0xC0, 0x00, 0x7F, 0xFF, 0xC0,
  0x7F, 0xE0, 0x3F, 0xFF, 0xE0, 0x00, 0x7F, 0xFE, 0x01, 0xFF, 0x81,
  0xFF, 0xFF, 0xE0, 0x00, 0x1F, 0xF0, 0x03, 0xFF, 0x07, 0xFF, 0xFF,
  0xE0, 0x00, 0x00, 0x00, 0x0F, 0xFC, 0x0F, 0xFF, 0xFF, 0xE0, 0x00,
  0x00, 0x00, 0x3F, 0xF0, 0x3F, 0xFF, 0xFF, 0xC0, 0x00, 0x00, 0x00,
  0xFF, 0xE0, 0xFF, 0xE1, 0xFF, 0xC0, 0x00, 0x00, 0x01, 0xFF, 0x81,
  0xFF, 0x00, 0xFF, 0xC0, 0x00, 0x00, 0x07, 0xFE, 0x07, 0xFE, 0x00,
  0xFF, 0x80, 0x00, 0x00, 0x1F, 0xFC, 0x0F, 0xF8, 0x01, 0xFF, 0x00,
  0x00, 0x00, 0x3F, 0xF0, 0x1F, 0xF0, 0x01, 0xFF, 0x00, 0x00, 0x00,
  0xFF, 0xC0, 0x3F, 0xC0, 0x03, 0xFE, 0x00, 0x00, 0x03, 0xFF, 0x80,
  0xFF, 0x80, 0x07, 0xFC, 0x00, 0x00, 0x07, 0xFE, 0x01, 0xFF, 0x00,
  0x0F, 0xF8, 0x00, 0x00, 0x1F, 0xF8, 0x03, 0xFE, 0x00, 0x1F, 0xF0,
  0x00, 0x00, 0x7F, 0xF0, 0x07, 0xFC, 0x00, 0x3F, 0xE0, 0x00, 0x00,
  0xFF, 0xC0, 0x0F, 0xF8, 0x00, 0x7F, 0xC0, 0x00, 0x03, 0xFF, 0x00,
  0x1F, 0xF0, 0x00, 0xFF, 0x80, 0x00, 0x0F, 0xFE, 0x00, 0x3F, 0xE0,
  0x01, 0xFF, 0x00, 0x00, 0x1F, 0xF8, 0x00, 0x3F, 0xC0, 0x03, 0xFE,
  0x00, 0x00, 0x7F, 0xE0, 0x00, 0x7F, 0x80, 0x07, 0xFC, 0x00, 0x01,
  0xFF, 0x80, 0x00, 0xFF, 0x80, 0x0F, 0xF0, 0x00, 0x03, 0xFF, 0x00,
  0x01, 0xFF, 0x00, 0x3F, 0xE0, 0x00, 0x0F, 0xFC, 0x00, 0x01, 0xFF,
  0x00, 0xFF, 0xC0, 0x00, 0x3F, 0xF0, 0x00, 0x03, 0xFF, 0x03, 0xFF,
  0x00, 0x00, 0xFF, 0xE0, 0x00, 0x03, 0xFF, 0xFF, 0xFE, 0x00, 0x01,
  0xFF, 0x80, 0x00, 0x07, 0xFF, 0xFF, 0xF8, 0x00, 0x07, 0xFE, 0x00,
  0x00, 0x07, 0xFF, 0xFF, 0xE0, 0x00, 0x1F, 0xFC, 0x00, 0x00, 0x07,
  0xFF, 0xFF, 0x80, 0x00, 0x3F, 0xF0, 0x00, 0x00, 0x07, 0xFF, 0xFE,
  0x00, 0x00, 0xFF, 0xC0, 0x00, 0x00, 0x07, 0xFF, 0xF8, 0x00, 0x03,
  0xFF, 0x80, 0x00, 0x00, 0x03, 0xFF, 0xC0, 0x00, 0x00, 0x00, 0x00,
  0x00, 0x00, 0x00, 0x30, 0x00, 0x00, 0x00, 0x00, 0x0F, 0xFE, 0x00,
  0x00, 0x00, 0x00, 0x00, 0x1F, 0xFF, 0xF8, 0x00, 0x00, 0x00, 0x00,
  0x1F, 0xFF, 0xFF, 0x80, 0x00, 0x00, 0x00, 0x1F, 0xFF, 0xFF, 0xF0,
  0x00, 0x00, 0x00, 0x0F, 0xFF, 0xFF, 0xFE, 0x00, 0x00, 0x00, 0x07,
  0xFF, 0xFF, 0xFF, 0xC0, 0x00, 0x00, 0x03, 0xFF, 0xFF, 0xFF, 0xF8,
  0x00, 0x00, 0x01, 0xFF, 0xFF, 0xFF, 0xFF, 0x00, 0x00, 0x00, 0x7F,
  0xFF, 0xFF, 0xFF, 0xC0, 0x00, 0x00, 0x3F, 0xFF, 0x81, 0xFF, 0xF8,
  0x00, 0x00, 0x0F, 0xFF, 0x80, 0x3F, 0xFE, 0x00, 0x00, 0x07, 0xFF,
  0xC0, 0x07, 0xFF, 0x80, 0x00, 0x01, 0xFF, 0xF0, 0x00, 0xFF, 0xE0,
  0x00, 0x00, 0x7F, 0xF8, 0x00, 0x3F, 0xF8, 0x00, 0x00, 0x1F, 0xFE,
  0x00, 0x0F, 0xFE, 0x00, 0x00, 0x07, 0xFF, 0xC0, 0x03, 0xFF, 0x80,
  0x00, 0x01, 0xFF, 0xF0, 0x01, 0xFF, 0xE0, 0x00, 0x00, 0x7F, 0xFC,
  0x00, 0xFF, 0xF8, 0x00, 0x00, 0x0F, 0xFF, 0x80, 0x3F, 0xFC, 0x00,
  0x00, 0x03, 0xFF, 0xF0, 0x3F, 0xFF, 0x00, 0x00, 0x00, 0xFF, 0xFC,
  0x1F, 0xFF, 0x80, 0x00, 0x00, 0x1F, 0xFF, 0x9F, 0xFF, 0xE0, 0x00,
  0x00, 0x07, 0xFF, 0xFF, 0xFF, 0xF0, 0x00, 0x00, 0x00, 0xFF, 0xFF,
  0xFF, 0xF8, 0x00, 0x00, 0x00, 0x1F, 0xFF, 0xFF, 0xFC, 0x00, 0x00,
  0x00, 0x03, 0xFF, 0xFF, 0xFE, 0x00, 0x00, 0x00, 0x00, 0x7F, 0xFF,
  0xFE, 0x00, 0x00, 0x00, 0x00, 0x1F, 0xFF, 0xFF, 0x00, 0x00, 0x00,
  0x00, 0x0F, 0xFF, 0xFF, 0x00, 0x00, 0x00, 0x00, 0x0F, 0xFF, 0xFF,
  0xC0, 0x00, 0x00, 0x00, 0x0F, 0xFF, 0xFF, 0xF8, 0x00, 0x70, 0x00,
  0x07, 0xFF, 0xFF, 0xFF, 0x00, 0x1F, 0x80, 0x03, 0xFF, 0xFF, 0xFF,
  0xE0, 0x07, 0xFE, 0x01, 0xFF, 0xFF, 0xFF, 0xFC, 0x03, 0xFF, 0xC0,
  0xFF, 0xFF, 0x7F, 0xFF, 0x80, 0xFF, 0xF0, 0x7F, 0xFF, 0x0F, 0xFF,
  0xF8, 0x3F, 0xFC, 0x1F, 0xFF, 0x81, 0xFF, 0xFF, 0x1F, 0xFE, 0x0F,
  0xFF, 0xC0, 0x3F, 0xFF, 0xE7, 0xFF, 0x87, 0xFF, 0xE0, 0x07, 0xFF,
  0xFD, 0xFF, 0xE1, 0xFF, 0xF0, 0x00, 0x7F, 0xFF, 0xFF, 0xF0, 0x7F,
  0xFC, 0x00, 0x0F, 0xFF, 0xFF, 0xFC, 0x3F, 0xFF, 0x00, 0x01, 0xFF,
  0xFF, 0xFE, 0x0F, 0xFF, 0x80, 0x00, 0x3F, 0xFF, 0xFF, 0x83, 0xFF,
  0xE0, 0x00, 0x07, 0xFF, 0xFF, 0xE0, 0xFF, 0xF8, 0x00, 0x00, 0xFF,
  0xFF, 0xF0, 0x3F, 0xFF, 0x00, 0x00, 0x1F, 0xFF, 0xF8, 0x0F, 0xFF,
  0xC0, 0x00, 0x03, 0xFF, 0xFE, 0x03, 0xFF, 0xF8, 0x00, 0x00, 0x7F,
  0xFF, 0xC0, 0xFF, 0xFF, 0x00, 0x00, 0x3F, 0xFF, 0xF8, 0x1F, 0xFF,
  0xE0, 0x00, 0x3F, 0xFF, 0xFF, 0x07, 0xFF, 0xFF, 0x00, 0x7F, 0xFF,
  0xFF, 0xE1, 0xFF, 0xFF, 0xFF, 0xFF, 0xFF, 0xFF, 0xFC, 0x3F, 0xFF,
  0xFF, 0xFF, 0xFF, 0xFF, 0xFF, 0x87, 0xFF, 0xFF, 0xFF, 0xFF, 0xFF,
  0xFF, 0xF1, 0xFF, 0xFF, 0xFF, 0xFF, 0xFF, 0xFF, 0xF8, 0x3F, 0xFF,
  0xFF, 0xFF, 0xFF, 0xBF, 0xFC, 0x03, 0xFF, 0xFF, 0xFF, 0xFF, 0x87,
  0xFE, 0x00, 0x7F, 0xFF, 0xFF, 0xFF, 0xC0, 0xFF, 0x00, 0x0F, 0xFF,
  0xFF, 0xFF, 0xC0, 0x1F, 0x80, 0x00, 0xFF, 0xFF, 0xFF, 0xC0, 0x03,
  0xC0, 0x00, 0x07, 0xFF, 0xFF, 0x80, 0x00, 0x60, 0x00, 0x00, 0x1F,
  0xFE, 0x00, 0x00, 0x08, 0x00, 0xFF, 0xFF, 0xFF, 0xFF, 0xFF, 0xFF,
  0xFF, 0xEF, 0xFE, 0xFF, 0xEF, 0xFE, 0x7F, 0xE7, 0xFE, 0x7F, 0xE7,
  0xFE, 0x7F, 0xE7, 0xFE, 0x7F, 0xE7, 0xFE, 0x7F, 0xE7, 0xFE, 0x7F,
  0xE7, 0xFE, 0x7F, 0xE7, 0xFE, 0x7F, 0xE7, 0xFE, 0x00, 0x1F, 0xFF,
  0x00, 0x3F, 0xFE, 0x00, 0x7F, 0xFC, 0x00, 0x7F, 0xFC, 0x00, 0xFF,
  0xFC, 0x00, 0xFF, 0xF8, 0x01, 0xFF, 0xF8, 0x01, 0xFF, 0xF0, 0x03,
  0xFF, 0xF0, 0x03, 0xFF, 0xE0, 0x03, 0xFF, 0xE0, 0x07, 0xFF, 0xC0,
  0x07, 0xFF, 0xC0, 0x0F, 0xFF, 0xC0, 0x0F, 0xFF, 0x80, 0x0F, 0xFF,
  0x80, 0x0F, 0xFF, 0x80, 0x1F, 0xFF, 0x00, 0x1F, 0xFF, 0x00, 0x1F,
  0xFF, 0x00, 0x3F, 0xFF, 0x00, 0x3F, 0xFE, 0x00, 0x3F, 0xFE, 0x00,
  0x3F, 0xFE, 0x00, 0x3F, 0xFE, 0x00, 0x7F, 0xFE, 0x00, 0x7F, 0xFC,
  0x00, 0x7F, 0xFC, 0x00, 0x7F, 0xFC, 0x00, 0x7F, 0xFC, 0x00, 0x7F,
  0xFC, 0x00, 0x7F, 0xFC, 0x00, 0x7F, 0xFC, 0x00, 0xFF, 0xFC, 0x00,
  0xFF, 0xFC, 0x00, 0xFF, 0xFC, 0x00, 0xFF, 0xFC, 0x00, 0xFF, 0xF8,
  0x00, 0xFF, 0xF8, 0x00, 0xFF, 0xF8, 0x00, 0xFF, 0xF8, 0x00, 0xFF,
  0xF8, 0x00, 0xFF, 0xF8, 0x00, 0xFF, 0xF8, 0x00, 0xFF, 0xF8, 0x00,
  0xFF, 0xFC, 0x00, 0xFF, 0xFC, 0x00, 0x7F, 0xFC, 0x00, 0x7F, 0xFC,
  0x00, 0x7F, 0xFC, 0x00, 0x7F, 0xFC, 0x00, 0x7F, 0xFC, 0x00, 0x7F,
  0xFC, 0x00, 0x7F, 0xFC, 0x00, 0x7F, 0xFC, 0x00, 0x7F, 0xFE, 0x00,
  0x3F, 0xFE, 0x00, 0x3F, 0xFE, 0x00, 0x3F, 0xFE, 0x00, 0x3F, 0xFE,
  0x00, 0x3F, 0xFF, 0x00, 0x1F, 0xFF, 0x00, 0x1F, 0xFF, 0x00, 0x1F,
  0xFF, 0x00, 0x0F, 0xFF, 0x80, 0x0F, 0xFF, 0x80, 0x0F, 0xFF, 0x80,
  0x0F, 0xFF, 0xC0, 0x07, 0xFF, 0xC0, 0x07, 0xFF, 0xC0, 0x03, 0xFF,
  0xE0, 0x03, 0xFF, 0xE0, 0x03, 0xFF, 0xF0, 0x01, 0xFF, 0xF0, 0x01,
  0xFF, 0xF8, 0x00, 0xFF, 0xF8, 0x00, 0xFF, 0xF8, 0x00, 0x7F, 0xFC,
  0x00, 0x7F, 0xFC, 0x00, 0x3F, 0xFE, 0x00, 0x1F, 0xFF, 0xFF, 0xF8,
  0x00, 0x7F, 0xFC, 0x00, 0x7F, 0xFC, 0x00, 0x3F, 0xFE, 0x00, 0x3F,
  0xFE, 0x00, 0x1F, 0xFF, 0x00, 0x1F, 0xFF, 0x00, 0x0F, 0xFF, 0x80,
  0x0F, 0xFF, 0x80, 0x0F, 0xFF, 0xC0, 0x07, 0xFF, 0xC0, 0x07, 0xFF,
  0xE0, 0x03, 0xFF, 0xE0, 0x03, 0xFF, 0xE0, 0x03, 0xFF, 0xF0, 0x01,
  0xFF, 0xF0, 0x01, 0xFF, 0xF0, 0x01, 0xFF, 0xF8, 0x00, 0xFF, 0xF8,
  0x00, 0xFF, 0xF8, 0x00, 0xFF, 0xF8, 0x00, 0xFF, 0xFC, 0x00, 0xFF,
  0xFC, 0x00, 0x7F, 0xFC, 0x00, 0x7F, 0xFC, 0x00, 0x7F, 0xFC, 0x00,
  0x7F, 0xFC, 0x00, 0x7F, 0xFE, 0x00, 0x3F, 0xFE, 0x00, 0x3F, 0xFE,
  0x00, 0x3F, 0xFE, 0x00, 0x3F, 0xFE, 0x00, 0x3F, 0xFE, 0x00, 0x3F,
  0xFE, 0x00, 0x3F, 0xFE, 0x00, 0x3F, 0xFE, 0x00, 0x3F, 0xFE, 0x00,
  0x3F, 0xFE, 0x00, 0x3F, 0xFE, 0x00, 0x3F, 0xFF, 0x00, 0x3F, 0xFF,
  0x00, 0x3F, 0xFF, 0x00, 0x3F, 0xFE, 0x00, 0x3F, 0xFE, 0x00, 0x3F,
  0xFE, 0x00, 0x3F, 0xFE, 0x00, 0x3F, 0xFE, 0x00, 0x3F, 0xFE, 0x00,
  0x3F, 0xFE, 0x00, 0x3F, 0xFE, 0x00, 0x3F, 0xFE, 0x00, 0x3F, 0xFE,
  0x00, 0x3F, 0xFE, 0x00, 0x7F, 0xFE, 0x00, 0x7F, 0xFC, 0x00, 0x7F,
  0xFC, 0x00, 0x7F, 0xFC, 0x00, 0x7F, 0xFC, 0x00, 0xFF, 0xFC, 0x00,
  0xFF, 0xFC, 0x00, 0xFF, 0xF8, 0x00, 0xFF, 0xF8, 0x00, 0xFF, 0xF8,
  0x01, 0xFF, 0xF8, 0x01, 0xFF, 0xF0, 0x01, 0xFF, 0xF0, 0x03, 0xFF,
  0xF0, 0x03, 0xFF, 0xE0, 0x03, 0xFF, 0xE0, 0x07, 0xFF, 0xE0, 0x07,
  0xFF, 0xC0, 0x0F, 0xFF, 0xC0, 0x0F, 0xFF, 0x80, 0x0F, 0xFF, 0x80,
  0x1F, 0xFF, 0x00, 0x1F, 0xFF, 0x00, 0x3F, 0xFE, 0x00, 0x3F, 0xFE,
  0x00, 0x7F, 0xFC, 0x00, 0x7F, 0xFC, 0x00, 0xFF, 0xF8, 0x00, 0x00,
  0x03, 0xFC, 0x00, 0x00, 0x00, 0x7F, 0x80, 0x00, 0x00, 0x0F, 0xF0,
  0x00, 0x00, 0x01, 0xFE, 0x00, 0x00, 0x00, 0x3F, 0xC0, 0x00, 0x10,
  0x07, 0xF8, 0x04, 0x07, 0x00, 0xFF, 0x01, 0xC0, 0xF8, 0x1F, 0xE0,
  0xF8, 0x3F, 0xC3, 0xFC, 0x3F, 0x87, 0xFC, 0x7F, 0x9F, 0xF9, 0xFF,
  0xEF, 0xFF, 0xFF, 0x3F, 0xFF, 0xFF, 0xFF, 0xFF, 0xFF, 0xFF, 0xFF,
  0xFE, 0x7F, 0xFF, 0xFF, 0xFF, 0x03, 0xFF, 0xFF, 0xFF, 0x80, 0x1F,
  0xFF, 0xFF, 0xC0, 0x00, 0xFF, 0xFF, 0xE0, 0x00, 0x0F, 0xFF, 0xF8,
  0x00, 0x07, 0xFF, 0xFF, 0xC0, 0x03, 0xFF, 0xFF, 0xFE, 0x01, 0xFF,
  0xFF, 0xFF, 0xF0, 0x7F, 0xFF, 0xFF, 0xFF, 0xBF, 0xFF, 0xFF, 0xFF,
  0xFB, 0xFF, 0xFF, 0xFF, 0xFF, 0x7F, 0xF3, 0xFD, 0xFF, 0xC7, 0xFC,
  0x7F, 0x8F, 0xF0, 0x7E, 0x0F, 0xF0, 0xFE, 0x0F, 0x01, 0xFE, 0x07,
  0x80, 0xC0, 0x3F, 0xC0, 0x20, 0x00, 0x07, 0xF8, 0x00, 0x00, 0x00,
  0xFF, 0x00, 0x00, 0x00, 0x1F, 0xE0, 0x00, 0x00, 0x03, 0xFC, 0x00,
  0x00, 0x00, 0x7F, 0x80, 0x00, 0x00, 0x01, 0xFF, 0xC0, 0x00, 0x00,
  0x00, 0xFF, 0xE0, 0x00, 0x00, 0x00, 0x7F, 0xF0, 0x00, 0x00, 0x00,
  0x3F, 0xF8, 0x00, 0x00, 0x00, 0x1F, 0xFC, 0x00, 0x00, 0x00, 0x0F,
  0xFE, 0x00, 0x00, 0x00, 0x07, 0xFF, 0x00, 0x00, 0x00, 0x03, 0xFF,
  0x80, 0x00, 0x00, 0x01, 0xFF, 0xC0, 0x00, 0x00, 0x00, 0xFF, 0xE0,
  0x00, 0x00, 0x00, 0x7F, 0xF0, 0x00, 0x00, 0x00, 0x3F, 0xF8, 0x00,
  0x00, 0x00, 0x1F, 0xFC, 0x00, 0x00, 0x00, 0x0F, 0xFE, 0x00, 0x00,
  0x00, 0x07, 0xFF, 0x00, 0x01, 0xFF, 0xFF, 0xFF, 0xFF, 0xFF, 0xFF,
  0xFF, 0xFF, 0xFF, 0xFF, 0xFF, 0xFF, 0xFF, 0xFF, 0xFF, 0xFF, 0xFF,
  0xFF, 0xFF, 0xFF, 0xFF, 0xFF, 0xFF, 0xFF, 0xFF, 0xFF, 0xFF, 0xFF,
  0xFF, 0xFF, 0xFF, 0xFF, 0xFF, 0xFF, 0xFF, 0xFF, 0xFF, 0xFF, 0xFF,
  0xFF, 0xFF, 0xFF, 0xFF, 0xFF, 0xFF, 0xFF, 0xFF, 0xFF, 0xFF, 0xFF,
  0xFF, 0xFF, 0xFF, 0xFF, 0xFF, 0xFF, 0xC0, 0x00, 0x7F, 0xF0, 0x00,
  0x00, 0x00, 0x3F, 0xF8, 0x00, 0x00, 0x00, 0x1F, 0xFC, 0x00, 0x00,
  0x00, 0x0F, 0xFE, 0x00, 0x00, 0x00, 0x07, 0xFF, 0x00, 0x00, 0x00,
  0x03, 0xFF, 0x80, 0x00, 0x00, 0x01, 0xFF, 0xC0, 0x00, 0x00, 0x00,
  0xFF, 0xE0, 0x00, 0x00, 0x00, 0x7F, 0xF0, 0x00, 0x00, 0x00, 0x3F,
  0xF8, 0x00, 0x00, 0x00, 0x1F, 0xFC, 0x00, 0x00, 0x00, 0x0F, 0xFE,
  0x00, 0x00, 0x00, 0x07, 0xFF, 0x00, 0x00, 0x00, 0x03, 0xFF, 0x80,
  0x00, 0x07, 0xE0, 0x0F, 0xFC, 0x0F, 0xFF, 0x8F, 0xFF, 0xC7, 0xFF,
  0xF7, 0xFF, 0xFB, 0xFF, 0xFD, 0xFF, 0xFF, 0xFF, 0xFF, 0xFF, 0xFF,
  0xFF, 0xFF, 0xCF, 0xFF, 0xE7, 0xFF, 0xF1, 0xFF, 0xF8, 0x7F, 0xF8,
  0x1F, 0xFC, 0x0F, 0xFC, 0x07, 0xFE, 0x03, 0xFF, 0x03, 0xFF, 0x01,
  0xFF, 0x80, 0xFF, 0x80, 0x7F, 0xC0, 0x7F, 0xE0, 0x3F, 0xE0, 0x1F,
  0xF0, 0x0F, 0xF0, 0x0F, 0xF8, 0x07, 0xFC, 0x00, 0xFF, 0xFF, 0xFF,
  0xFF, 0xFF, 0xFF, 0xFF, 0xFF, 0xFF, 0xFF, 0xFF, 0xFF, 0xFF, 0xFF,
  0xFF, 0xFF, 0xFF, 0xFF, 0xFF, 0xFF, 0xFF, 0xFF, 0xFF, 0xFF, 0xFF,
  0xFF, 0xFF, 0xFF, 0xFF, 0xFF, 0xFF, 0xFF, 0xFF, 0xFF, 0xE0, 0x00,
  0x80, 0x07, 0xF8, 0x07, 0xFF, 0x07, 0xFF, 0xC7, 0xFF, 0xF3, 0xFF,
  0xFB, 0xFF, 0xFD, 0xFF, 0xFF, 0xFF, 0xFF, 0xFF, 0xFF, 0xFF, 0xFF,
  0xDF, 0xFF, 0xE7, 0xFF, 0xF3, 0xFF, 0xF0, 0xFF, 0xF8, 0x3F, 0xF8,
  0x0F, 0xF0, 0x00, 0x40, 0x00, 0x00, 0x00, 0x00, 0x0F, 0xFF, 0x80,
  0x00, 0x00, 0x07, 0xFF, 0x80, 0x00, 0x00, 0x03, 0xFF, 0xC0, 0x00,
  0x00, 0x03, 0xFF, 0xC0, 0x00, 0x00, 0x01, 0xFF, 0xE0, 0x00, 0x00,
  0x00, 0xFF, 0xF0, 0x00, 0x00, 0x00, 0xFF, 0xF0, 0x00, 0x00, 0x00,
  0x7F, 0xF8, 0x00, 0x00, 0x00, 0x3F, 0xFC, 0x00, 0x00, 0x00, 0x3F,
  0xFC, 0x00, 0x00, 0x00, 0x1F, 0xFE, 0x00, 0x00, 0x00, 0x1F, 0xFE,
  0x00, 0x00, 0x00, 0x0F, 0xFF, 0x00, 0x00, 0x00, 0x07, 0xFF, 0x80,
  0x00, 0x00, 0x07, 0xFF, 0x80, 0x00, 0x00, 0x03, 0xFF, 0xC0, 0x00,
  0x00, 0x01, 0xFF, 0xE0, 0x00, 0x00, 0x01, 0xFF, 0xE0, 0x00, 0x00,
  0x00, 0xFF, 0xF0, 0x00, 0x00, 0x00, 0x7F, 0xF8, 0x00, 0x00, 0x00,
  0x7F, 0xF8, 0x00, 0x00, 0x00, 0x3F, 0xFC, 0x00, 0x00, 0x00, 0x1F,
  0xFE, 0x00, 0x00, 0x00, 0x1F, 0xFE, 0x00, 0x00, 0x00, 0x0F, 0xFF,
  0x00, 0x00, 0x00, 0x07, 0xFF, 0x80, 0x00, 0x00, 0x07, 0xFF, 0x80,
  0x00, 0x00, 0x03, 0xFF, 0xC0, 0x00, 0x00, 0x01, 0xFF, 0xE0, 0x00,
  0x00, 0x01, 0xFF, 0xE0, 0x00, 0x00, 0x00, 0xFF, 0xF0, 0x00, 0x00,
  0x00, 0xFF, 0xF0, 0x00, 0x00, 0x00, 0x7F, 0xF8, 0x00, 0x00, 0x00,
  0x3F, 0xFC, 0x00, 0x00, 0x00, 0x3F, 0xFC, 0x00, 0x00, 0x00, 0x1F,
  0xFE, 0x00, 0x00, 0x00, 0x0F, 0xFF, 0x00, 0x00, 0x00, 0x0F, 0xFF,
  0x00, 0x00, 0x00, 0x07, 0xFF, 0x80, 0x00, 0x00, 0x03, 0xFF, 0xC0,
  0x00, 0x00, 0x03, 0xFF, 0xC0, 0x00, 0x00, 0x01, 0xFF, 0xE0, 0x00,
  0x00, 0x00, 0xFF, 0xF0, 0x00, 0x00, 0x00, 0xFF, 0xF0, 0x00, 0x00,
  0x00, 0x7F, 0xF8, 0x00, 0x00, 0x00, 0x3F, 0xFC, 0x00, 0x00, 0x00,
  0x3F, 0xFC, 0x00, 0x00, 0x00, 0x1F, 0xFE, 0x00, 0x00, 0x00, 0x0F,
  0xFF, 0x00, 0x00, 0x00, 0x0F, 0xFF, 0x00, 0x00, 0x00, 0x07, 0xFF,
  0x80, 0x00, 0x00, 0x07, 0xFF, 0x80, 0x00, 0x00, 0x03, 0xFF, 0xC0,
  0x00, 0x00, 0x01, 0xFF, 0xE0, 0x00, 0x00, 0x01, 0xFF, 0xE0, 0x00,
  0x00, 0x00, 0xFF, 0xF0, 0x00, 0x00, 0x00, 0x7F, 0xF8, 0x00, 0x00,
  0x00, 0x7F, 0xF8, 0x00, 0x00, 0x00, 0x3F, 0xFC, 0x00, 0x00, 0x00,
  0x1F, 0xFE, 0x00, 0x00, 0x00, 0x1F, 0xFE, 0x00, 0x00, 0x00, 0x0F,
  0xFF, 0x00, 0x00, 0x00, 0x07, 0xFF, 0x80, 0x00, 0x00, 0x07, 0xFF,
  0x80, 0x00, 0x00, 0x03, 0xFF, 0xC0, 0x00, 0x00, 0x01, 0xFF, 0xE0,
  0x00, 0x00, 0x01, 0xFF, 0xE0, 0x00, 0x00, 0x00, 0xFF, 0xF0, 0x00,
  0x00, 0x00, 0x7F, 0xF8, 0x00, 0x00, 0x00, 0x7F, 0xF8, 0x00, 0x00,
  0x00, 0x3F, 0xFC, 0x00, 0x00, 0x00, 0x3F, 0xFC, 0x00, 0x00, 0x00,
  0x1F, 0xFE, 0x00, 0x00, 0x00, 0x0F, 0xFF, 0x00, 0x00, 0x00, 0x0F,
  0xFF, 0x00, 0x00, 0x00, 0x07, 0xFF, 0x80, 0x00, 0x00, 0x03, 0xFF,
  0xC0, 0x00, 0x00, 0x03, 0xFF, 0xC0, 0x00, 0x00, 0x01, 0xFF, 0xE0,
  0x00, 0x00, 0x00, 0xFF, 0xF0, 0x00, 0x00, 0x00, 0xFF, 0xF0, 0x00,
  0x00, 0x00, 0x00, 0x00, 0x00, 0x07, 0xFF, 0x00, 0x00, 0x00, 0x00,
  0x07, 0xFF, 0xFE, 0x00, 0x00, 0x00, 0x01, 0xFF, 0xFF, 0xF8, 0x00,
  0x00, 0x00, 0x7F, 0xFF, 0xFF, 0xE0, 0x00, 0x00, 0x0F, 0xFF, 0xFF,
  0xFF, 0x80, 0x00, 0x03, 0xFF, 0xFF, 0xFF, 0xFC, 0x00, 0x00, 0x7F,
  0xFF, 0xFF, 0xFF, 0xE0, 0x00, 0x0F, 0xFF, 0xFF, 0xFF, 0xFF, 0x00,
  0x01, 0xFF, 0xFF, 0xFF, 0xFF, 0xF8, 0x00, 0x1F, 0xFF, 0xFF, 0xFF,
  0xFF, 0xC0, 0x03, 0xFF, 0xFF, 0xFF, 0xFF, 0xFC, 0x00, 0x7F, 0xFF,
  0xFF, 0xFF, 0xFF, 0xE0, 0x07, 0xFF, 0xFE, 0x07, 0xFF, 0xFF, 0x00,
  0xFF, 0xFF, 0x80, 0x0F, 0xFF, 0xF0, 0x0F, 0xFF, 0xF0, 0x00, 0x7F,
  0xFF, 0x81, 0xFF, 0xFE, 0x00, 0x03, 0xFF, 0xF8, 0x1F, 0xFF, 0xC0,
  0x00, 0x1F, 0xFF, 0xC3, 0xFF, 0xF8, 0x00, 0x01, 0xFF, 0xFC, 0x3F,
  0xFF, 0x80, 0x00, 0x0F, 0xFF, 0xC3, 0xFF, 0xF0, 0x00, 0x00, 0xFF,
  0xFE, 0x7F, 0xFF, 0x00, 0x00, 0x07, 0xFF, 0xE7, 0xFF, 0xE0, 0x00,
  0x00, 0x7F, 0xFE, 0x7F, 0xFE, 0x00, 0x00, 0x07, 0xFF, 0xE7, 0xFF,
  0xE0, 0x00, 0x00, 0x7F, 0xFE, 0x7F, 0xFE, 0x00, 0x00, 0x07, 0xFF,
  0xF7, 0xFF, 0xE0, 0x00, 0x00, 0x3F, 0xFF, 0x7F, 0xFE, 0x00, 0x00,
  0x03, 0xFF, 0xFF, 0xFF, 0xE0, 0x00, 0x00, 0x3F, 0xFF, 0xFF, 0xFE,
  0x00, 0x00, 0x03, 0xFF, 0xFF, 0xFF, 0xC0, 0x00, 0x00, 0x3F, 0xFF,
  0xFF, 0xFC, 0x00, 0x00, 0x03, 0xFF, 0xFF, 0xFF, 0xC0, 0x00, 0x00,
  0x3F, 0xFF, 0xFF, 0xFC, 0x00, 0x00, 0x03, 0xFF, 0xFF, 0xFF, 0xE0,
  0x00, 0x00, 0x3F, 0xFF, 0xFF, 0xFE, 0x00, 0x00, 0x03, 0xFF, 0xF7,
  0xFF, 0xE0, 0x00, 0x00, 0x3F, 0xFF, 0x7F, 0xFE, 0x00, 0x00, 0x03,
  0xFF, 0xF7, 0xFF, 0xE0, 0x00, 0x00, 0x7F, 0xFF, 0x7F, 0xFE, 0x00,
  0x00, 0x07, 0xFF, 0xE7, 0xFF, 0xE0, 0x00, 0x00, 0x7F, 0xFE, 0x7F,
  0xFE, 0x00, 0x00, 0x07, 0xFF, 0xE7, 0xFF, 0xF0, 0x00, 0x00, 0x7F,
  0xFE, 0x3F, 0xFF, 0x00, 0x00, 0x0F, 0xFF, 0xE3, 0xFF, 0xF8, 0x00,
  0x00, 0xFF, 0xFC, 0x3F, 0xFF, 0x80, 0x00, 0x1F, 0xFF, 0xC1, 0xFF,
  0xFC, 0x00, 0x01, 0xFF, 0xFC, 0x1F, 0xFF, 0xE0, 0x00, 0x3F, 0xFF,
  0x80, 0xFF, 0xFE, 0x00, 0x07, 0xFF, 0xF8, 0x0F, 0xFF, 0xF8, 0x00,
  0xFF, 0xFF, 0x00, 0x7F, 0xFF, 0xE0, 0x7F, 0xFF, 0xF0, 0x07, 0xFF,
  0xFF, 0xFF, 0xFF, 0xFE, 0x00, 0x3F, 0xFF, 0xFF, 0xFF, 0xFF, 0xC0,
  0x01, 0xFF, 0xFF, 0xFF, 0xFF, 0xFC, 0x00, 0x1F, 0xFF, 0xFF, 0xFF,
  0xFF, 0x80, 0x00, 0xFF, 0xFF, 0xFF, 0xFF, 0xF0, 0x00, 0x07, 0xFF,
  0xFF, 0xFF, 0xFE, 0x00, 0x00, 0x3F, 0xFF, 0xFF, 0xFF, 0xC0, 0x00,
  0x00, 0xFF, 0xFF, 0xFF, 0xF8, 0x00, 0x00, 0x07, 0xFF, 0xFF, 0xFE,
  0x00, 0x00, 0x00, 0x1F, 0xFF, 0xFF, 0x80, 0x00, 0x00, 0x00, 0x7F,
  0xFF, 0xE0, 0x00, 0x00, 0x00, 0x00, 0x7F, 0xF0, 0x00, 0x00, 0xFF,
  0xFF, 0xFF, 0xFF, 0xFF, 0xFF, 0xFF, 0xFF, 0xFF, 0xFF, 0xFF, 0xFF,
  0xFF, 0xFF, 0xFF, 0xFF, 0xFF, 0xFF, 0xFF, 0xFF, 0xFF, 0xFF, 0xFF,
  0xFF, 0xFF, 0xFF, 0xFF, 0xFF, 0xFF, 0xFF, 0xFF, 0xFF, 0xFF, 0xFF,
  0xFF, 0xFC, 0x00, 0x3F, 0xFF, 0x00, 0x0F, 0xFF, 0xC0, 0x03, 0xFF,
  0xF0, 0x00, 0xFF, 0xFC, 0x00, 0x3F, 0xFF, 0x00, 0x0F, 0xFF, 0xC0,
  0x03, 0xFF, 0xF0, 0x00, 0xFF, 0xFC, 0x00, 0x3F, 0xFF, 0x00, 0x0F,
  0xFF, 0xC0, 0x03, 0xFF, 0xF0, 0x00, 0xFF, 0xFC, 0x00, 0x3F, 0xFF,
  0x00, 0x0F, 0xFF, 0xC0, 0x03, 0xFF, 0xF0, 0x00, 0xFF, 0xFC, 0x00,
  0x3F, 0xFF, 0x00, 0x0F, 0xFF, 0xC0, 0x03, 0xFF, 0xF0, 0x00, 0xFF,
  0xFC, 0x00, 0x3F, 0xFF, 0x00, 0x0F, 0xFF, 0xC0, 0x03, 0xFF, 0xF0,
  0x00, 0xFF, 0xFC, 0x00, 0x3F, 0xFF, 0x00, 0x0F, 0xFF, 0xC0, 0x03,
  0xFF, 0xF0, 0x00, 0xFF, 0xFC, 0x00, 0x3F, 0xFF, 0x00, 0x0F, 0xFF,
  0xC0, 0x03, 0xFF, 0xF0, 0x00, 0xFF, 0xFC, 0x00, 0x3F, 0xFF, 0x00,
  0x0F, 0xFF, 0xC0, 0x03, 0xFF, 0xF0, 0x00, 0xFF, 0xFC, 0x00, 0x3F,
  0xFF, 0x00, 0x0F, 0xFF, 0xC0, 0x03, 0xFF, 0xF0, 0x00, 0xFF, 0xFC,
  0x00, 0x3F, 0xFF, 0x00, 0x0F, 0xFF, 0xC0, 0x03, 0xFF, 0xF0, 0x00,
  0xFF, 0xFC, 0x00, 0x3F, 0xFF, 0x00, 0x0F, 0xFF, 0xC0, 0x03, 0xFF,
  0xF0, 0x00, 0xFF, 0xFC, 0x00, 0x3F, 0xFF, 0x00, 0x00, 0x3F, 0xFC,
  0x00, 0x00, 0x00, 0x03, 0xFF, 0xFF, 0xC0, 0x00, 0x00, 0x1F, 0xFF,
  0xFF, 0xF0, 0x00, 0x00, 0x7F, 0xFF, 0xFF, 0xFC, 0x00, 0x01, 0xFF,
  0xFF, 0xFF, 0xFF, 0x00, 0x03, 0xFF, 0xFF, 0xFF, 0xFF, 0x80, 0x07,
  0xFF, 0xFF, 0xFF, 0xFF, 0xC0, 0x1F, 0xFF, 0xFF, 0xFF, 0xFF, 0xE0,
  0x3F, 0xFF, 0xFF, 0xFF, 0xFF, 0xF0, 0x3F, 0xFF, 0xFF, 0xFF, 0xFF,
  0xF0, 0x7F, 0xFF, 0xFF, 0xFF, 0xFF, 0xF8, 0xFF, 0xFF, 0xFF, 0xFF,
  0xFF, 0xF8, 0x3F, 0xFF, 0xE0, 0x1F, 0xFF, 0xFC, 0x1F, 0xFF, 0x00,
  0x07, 0xFF, 0xFC, 0x07, 0xFC, 0x00, 0x03, 0xFF, 0xFC, 0x03, 0xF8,
  0x00, 0x01, 0xFF, 0xFC, 0x00, 0xF0, 0x00, 0x00, 0xFF, 0xFC, 0x00,
  0x60, 0x00, 0x00, 0xFF, 0xFC, 0x00, 0x00, 0x00, 0x00, 0xFF, 0xFC,
  0x00, 0x00, 0x00, 0x00, 0xFF, 0xFC, 0x00, 0x00, 0x00, 0x00, 0xFF,
  0xFC, 0x00, 0x00, 0x00, 0x00, 0xFF, 0xFC, 0x00, 0x00, 0x00, 0x00,
  0xFF, 0xFC, 0x00, 0x00, 0x00, 0x01, 0xFF, 0xFC, 0x00, 0x00, 0x00,
  0x01, 0xFF, 0xF8, 0x00, 0x00, 0x00, 0x03, 0xFF, 0xF8, 0x00, 0x00,
  0x00, 0x03, 0xFF, 0xF8, 0x00, 0x00, 0x00, 0x07, 0xFF, 0xF0, 0x00,
  0x00, 0x00, 0x0F, 0xFF, 0xE0, 0x00, 0x00, 0x00, 0x1F, 0xFF, 0xE0,
  0x00, 0x00, 0x00, 0x3F, 0xFF, 0xC0, 0x00, 0x00, 0x00, 0x7F, 0xFF,
  0x80, 0x00, 0x00, 0x00, 0xFF, 0xFF, 0x80, 0x00, 0x00, 0x01, 0xFF,
  0xFF, 0x00, 0x00, 0x00, 0x03, 0xFF, 0xFE, 0x00, 0x00, 0x00, 0x07,
  0xFF, 0xFC, 0x00, 0x00, 0x00, 0x0F, 0xFF, 0xF8, 0x00, 0x00, 0x00,
  0x1F, 0xFF, 0xF0, 0x00, 0x00, 0x00, 0x7F, 0xFF, 0xE0, 0x00, 0x00,
  0x00, 0xFF, 0xFF, 0xC0, 0x00, 0x00, 0x01, 0xFF, 0xFF, 0x80, 0x00,
  0x00, 0x03, 0xFF, 0xFE, 0x00, 0x00, 0x00, 0x07, 0xFF, 0xFC, 0x00,
  0x00, 0x00, 0x0F, 0xFF, 0xF8, 0x00, 0x00, 0x00, 0x1F, 0xFF, 0xF0,
  0x00, 0x00, 0x00, 0x3F, 0xFF, 0xE0, 0x00, 0x00, 0x00, 0x7F, 0xFF,
  0xC0, 0x00, 0x00, 0x00, 0xFF, 0xFF, 0x80, 0x00, 0x00, 0x01, 0xFF,
  0xFF, 0x00, 0x00, 0x00, 0x03, 0xFF, 0xFE, 0x00, 0x00, 0x00, 0x07,
  0xFF, 0xFF, 0xFF, 0xFF, 0xFF, 0x0F, 0xFF, 0xFF, 0xFF, 0xFF, 0xFF,
  0x1F, 0xFF, 0xFF, 0xFF, 0xFF, 0xFF, 0x1F, 0xFF, 0xFF, 0xFF, 0xFF,
  0xFF, 0x1F, 0xFF, 0xFF, 0xFF, 0xFF, 0xFF, 0x1F, 0xFF, 0xFF, 0xFF,
  0xFF, 0xFF, 0x1F, 0xFF, 0xFF, 0xFF, 0xFF, 0xFF, 0x1F, 0xFF, 0xFF,
  0xFF, 0xFF, 0xFF, 0x1F, 0xFF, 0xFF, 0xFF, 0xFF, 0xFF, 0x1F, 0xFF,
  0xFF, 0xFF, 0xFF, 0xFF, 0x1F, 0xFF, 0xFF, 0xFF, 0xFF, 0xFF, 0x1F,
  0xFF, 0xFF, 0xFF, 0xFF, 0xF8, 0x1F, 0xFF, 0xFF, 0xFF, 0xFF, 0xF8,
  0x1F, 0xFF, 0xFF, 0xFF, 0xFF, 0xF8, 0x1F, 0xFF, 0xFF, 0xFF, 0xFF,
  0xF8, 0x1F, 0xFF, 0xFF, 0xFF, 0xFF, 0xF8, 0x1F, 0xFF, 0xFF, 0xFF,
  0xFF, 0xF8, 0x1F, 0xFF, 0xFF, 0xFF, 0xFF, 0xF8, 0x1F, 0xFF, 0xFF,
  0xFF, 0xFF, 0xF8, 0x1F, 0xFF, 0xFF, 0xFF, 0xFF, 0xF8, 0x1F, 0xFF,
  0xFF, 0xFF, 0xFF, 0xF8, 0x1F, 0xFF, 0xFF, 0xFF, 0xFF, 0xF0, 0x00,
  0x00, 0x00, 0x0F, 0xFF, 0xE0, 0x00, 0x00, 0x00, 0x1F, 0xFF, 0xC0,
  0x00, 0x00, 0x00, 0x3F, 0xFF, 0x80, 0x00, 0x00, 0x00, 0x7F, 0xFF,
  0x00, 0x00, 0x00, 0x00, 0xFF, 0xFE, 0x00, 0x00, 0x00, 0x00, 0xFF,
  0xFC, 0x00, 0x00, 0x00, 0x01, 0xFF, 0xF8, 0x00, 0x00, 0x00, 0x03,
  0xFF, 0xF8, 0x00, 0x00, 0x00, 0x07, 0xFF, 0xF0, 0x00, 0x00, 0x00,
  0x0F, 0xFF, 0xE0, 0x00, 0x00, 0x00, 0x1F, 0xFF, 0xC0, 0x00, 0x00,
  0x00, 0x3F, 0xFF, 0x80, 0x00, 0x00, 0x00, 0x7F, 0xFF, 0x00, 0x00,
  0x00, 0x00, 0x7F, 0xFF, 0x80, 0x00, 0x00, 0x00, 0xFF, 0xFF, 0xF8,
  0x00, 0x00, 0x00, 0xFF, 0xFF, 0xFE, 0x00, 0x00, 0x00, 0xFF, 0xFF,
  0xFF, 0x80, 0x00, 0x00, 0xFF, 0xFF, 0xFF, 0xC0, 0x00, 0x00, 0xFF,
  0xFF, 0xFF, 0xE0, 0x00, 0x00, 0xFF, 0xFF, 0xFF, 0xF0, 0x00, 0x00,
  0xFF, 0xFF, 0xFF, 0xF8, 0x00, 0x00, 0xFF, 0xFF, 0xFF, 0xF8, 0x00,
  0x00, 0xFF, 0xFF, 0xFF, 0xFC, 0x00, 0x00, 0x00, 0x0F, 0xFF, 0xFC,
  0x00, 0x00, 0x00, 0x03, 0xFF, 0xFE, 0x00, 0x00, 0x00, 0x00, 0xFF,
  0xFE, 0x00, 0x00, 0x00, 0x00, 0x7F, 0xFE, 0x00, 0x00, 0x00, 0x00,
  0x7F, 0xFF, 0x00, 0x00, 0x00, 0x00, 0x3F, 0xFF, 0x00, 0x00, 0x00,
  0x00, 0x3F, 0xFF, 0x00, 0x00, 0x00, 0x00, 0x3F, 0xFF, 0x00, 0x00,
  0x00, 0x00, 0x3F, 0xFF, 0x00, 0x00, 0x00, 0x00, 0x7F, 0xFF, 0x06,
  0x00, 0x00, 0x00, 0x7F, 0xFF, 0x0F, 0x00, 0x00, 0x00, 0xFF, 0xFE,
  0x0F, 0xC0, 0x00, 0x01, 0xFF, 0xFE, 0x1F, 0xF8, 0x00, 0x03, 0xFF,
  0xFE, 0x1F, 0xFF, 0x80, 0x1F, 0xFF, 0xFC, 0x3F, 0xFF, 0xFF, 0xFF,
  0xFF, 0xFC, 0x3F, 0xFF, 0xFF, 0xFF, 0xFF, 0xF8, 0x7F, 0xFF, 0xFF,
  0xFF, 0xFF, 0xF8, 0x7F, 0xFF, 0xFF, 0xFF, 0xFF, 0xF0, 0xFF, 0xFF,
  0xFF, 0xFF, 0xFF, 0xE0, 0xFF, 0xFF, 0xFF, 0xFF, 0xFF, 0xC0, 0x7F,
  0xFF, 0xFF, 0xFF, 0xFF, 0x80, 0x1F, 0xFF, 0xFF, 0xFF, 0xFF, 0x00,
  0x07, 0xFF, 0xFF, 0xFF, 0xFC, 0x00, 0x00, 0xFF, 0xFF, 0xFF, 0xF0,
  0x00, 0x00, 0x1F, 0xFF, 0xFF, 0xC0, 0x00, 0x00, 0x00, 0xFF, 0xFC,
  0x00, 0x00, 0x00, 0x00, 0x00, 0x0F, 0xFF, 0xE0, 0x00, 0x00, 0x00,
  0x00, 0x3F, 0xFF, 0x80, 0x00, 0x00, 0x00, 0x00, 0xFF, 0xFE, 0x00,
  0x00, 0x00, 0x00, 0x03, 0xFF, 0xF8, 0x00, 0x00, 0x00, 0x00, 0x07,
  0xFF, 0xE0, 0x00, 0x00, 0x00, 0x00, 0x1F, 0xFF, 0xC0, 0x00, 0x00,
  0x00, 0x00, 0x7F, 0xFF, 0x00, 0x00, 0x00, 0x00, 0x01, 0xFF, 0xFC,
  0x00, 0x00, 0x00, 0x00, 0x03, 0xFF, 0xF0, 0x00, 0x00, 0x00, 0x00,
  0x0F, 0xFF, 0xE0, 0x00, 0x00, 0x00, 0x00, 0x3F, 0xFF, 0x80, 0x00,
  0x00, 0x00, 0x00, 0xFF, 0xFE, 0x00, 0x00, 0x00, 0x00, 0x01, 0xFF,
  0xFC, 0x00, 0x00, 0x00, 0x00, 0x07, 0xFF, 0xF0, 0x00, 0x00, 0x00,
  0x00, 0x1F, 0xFF, 0xC0, 0x00, 0x00, 0x00, 0x00, 0x7F, 0xFF, 0x00,
  0x00, 0x00, 0x00, 0x00, 0xFF, 0xFE, 0x00, 0x00, 0x00, 0x00, 0x03,
  0xFF, 0xF8, 0x00, 0x00, 0x00, 0x00, 0x0F, 0xFF, 0xE0, 0x00, 0x00,
  0x00, 0x00, 0x3F, 0xFF, 0x80, 0x00, 0x00, 0x00, 0x00, 0x7F, 0xFF,
  0x00, 0x00, 0x00, 0x00, 0x01, 0xFF, 0xFC, 0x00, 0x00, 0x00, 0x00,
  0x07, 0xFF, 0xF0, 0x00, 0x00, 0x00, 0x00, 0x0F, 0xFF, 0xE0, 0x00,
  0x00, 0x00, 0x00, 0x3F, 0xFF, 0x80, 0x00, 0x00, 0x00, 0x00, 0xFF,
  0xFE, 0x00, 0xFF, 0xF8, 0x00, 0x03, 0xFF, 0xF8, 0x01, 0xFF, 0xF0,
  0x00, 0x07, 0xFF, 0xF0, 0x03, 0xFF, 0xE0, 0x00, 0x1F, 0xFF, 0xC0,
  0x07, 0xFF, 0xC0, 0x00, 0x7F, 0xFF, 0x00, 0x0F, 0xFF, 0x80, 0x01,
  0xFF, 0xFC, 0x00, 0x1F, 0xFF, 0x00, 0x03, 0xFF, 0xF8, 0x00, 0x3F,
  0xFE, 0x00, 0x0F, 0xFF, 0xE0, 0x00, 0x7F, 0xFC, 0x00, 0x3F, 0xFF,
  0x80, 0x00, 0xFF, 0xF8, 0x00, 0xFF, 0xFF, 0x00, 0x01, 0xFF, 0xF0,
  0x01, 0xFF, 0xFC, 0x00, 0x03, 0xFF, 0xE0, 0x07, 0xFF, 0xFF, 0xFF,
  0xFF, 0xFF, 0xFF, 0xFF, 0xFF, 0xFF, 0xFF, 0xFF, 0xFF, 0xFF, 0xFF,
  0xFF, 0xFF, 0xFF, 0xFF, 0xFF, 0xFF, 0xFF, 0xFF, 0xFF, 0xFF, 0xFF,
  0xFF, 0xFF, 0xFF, 0xFF, 0xFF, 0xFF, 0xFF, 0xFF, 0xFF, 0xFF, 0xFF,
  0xFF, 0xFF, 0xFF, 0xFF, 0xFF, 0xFF, 0xFF, 0xFF, 0xFF, 0xFF, 0xFF,
  0xFF, 0xFF, 0xFF, 0xFF, 0xFF, 0xFF, 0xFF, 0xFF, 0xFF, 0xFF, 0xFF,
  0xFF, 0xFF, 0xFF, 0xFF, 0xFF, 0xFF, 0xFF, 0xFF, 0xFF, 0xFF, 0xFF,
  0xFF, 0xFF, 0xFF, 0xFF, 0xFF, 0xFF, 0x80, 0x00, 0x00, 0x00, 0x7F,
  0xFE, 0x00, 0x00, 0x00, 0x00, 0x00, 0xFF, 0xFC, 0x00, 0x00, 0x00,
  0x00, 0x01, 0xFF, 0xF8, 0x00, 0x00, 0x00, 0x00, 0x03, 0xFF, 0xF0,
  0x00, 0x00, 0x00, 0x00, 0x07, 0xFF, 0xE0, 0x00, 0x00, 0x00, 0x00,
  0x0F, 0xFF, 0xC0, 0x00, 0x00, 0x00, 0x00, 0x1F, 0xFF, 0x80, 0x00,
  0x00, 0x00, 0x00, 0x3F, 0xFF, 0x00, 0x00, 0x00, 0x00, 0x00, 0x7F,
  0xFE, 0x00, 0x00, 0x00, 0x00, 0x00, 0xFF, 0xFC, 0x00, 0x00, 0x00,
  0x00, 0x01, 0xFF, 0xF8, 0x00, 0x00, 0x00, 0x00, 0x03, 0xFF, 0xF0,
  0x00, 0x00, 0x00, 0x00, 0x07, 0xFF, 0xE0, 0x00, 0x01, 0xFF, 0xFF,
  0xFF, 0xFF, 0xF0, 0x01, 0xFF, 0xFF, 0xFF, 0xFF, 0xF0, 0x01, 0xFF,
  0xFF, 0xFF, 0xFF, 0xF0, 0x01, 0xFF, 0xFF, 0xFF, 0xFF, 0xF0, 0x01,
  0xFF, 0xFF, 0xFF, 0xFF, 0xF0, 0x01, 0xFF, 0xFF, 0xFF, 0xFF, 0xF0,
  0x01, 0xFF, 0xFF, 0xFF, 0xFF, 0xF0, 0x01, 0xFF, 0xFF, 0xFF, 0xFF,
  0xF0, 0x01, 0xFF, 0xFF, 0xFF, 0xFF, 0xF0, 0x01, 0xFF, 0xFF, 0xFF,
  0xFF, 0xF0, 0x03, 0xFF, 0xFF, 0xFF, 0xFF, 0xF0, 0x03, 0xFF, 0xE0,
  0x00, 0x00, 0x00, 0x03, 0xFF, 0xE0, 0x00, 0x00, 0x00, 0x03, 0xFF,
  0xE0, 0x00, 0x00, 0x00, 0x03, 0xFF, 0xE0, 0x00, 0x00, 0x00, 0x03,
  0xFF, 0xE0, 0x00, 0x00, 0x00, 0x03, 0xFF, 0xE0, 0x00, 0x00, 0x00,
  0x03, 0xFF, 0xE0, 0x00, 0x00, 0x00, 0x03, 0xFF, 0xC0, 0x00, 0x00,
  0x00, 0x03, 0xFF, 0xC0, 0x00, 0x00, 0x00, 0x03, 0xFF, 0xC0, 0x00,
  0x00, 0x00, 0x07, 0xFF, 0xC0, 0x00, 0x00, 0x00, 0x07, 0xFF, 0xC0,
  0x00, 0x00, 0x00, 0x07, 0xFF, 0xFF, 0xFC, 0x00, 0x00, 0x07, 0xFF,
  0xFF, 0xFF, 0xE0, 0x00, 0x07, 0xFF, 0xFF, 0xFF, 0xFC, 0x00, 0x07,
  0xFF, 0xFF, 0xFF, 0xFF, 0x00, 0x07, 0xFF, 0xFF, 0xFF, 0xFF, 0x80,
  0x07, 0xFF, 0xFF, 0xFF, 0xFF, 0xC0, 0x07, 0xFF, 0xFF, 0xFF, 0xFF,
  0xE0, 0x07, 0xFF, 0xFF, 0xFF, 0xFF, 0xF0, 0x07, 0xFF, 0xFF, 0xFF,
  0xFF, 0xF8, 0x0F, 0xFF, 0xFF, 0xFF, 0xFF, 0xFC, 0x0F, 0xFF, 0xFF,
  0xFF, 0xFF, 0xFC, 0x00, 0x00, 0x00, 0x3F, 0xFF, 0xFE, 0x00, 0x00,
  0x00, 0x03, 0xFF, 0xFE, 0x00, 0x00, 0x00, 0x01, 0xFF, 0xFE, 0x00,
  0x00, 0x00, 0x00, 0xFF, 0xFE, 0x00, 0x00, 0x00, 0x00, 0x7F, 0xFF,
  0x00, 0x00, 0x00, 0x00, 0x7F, 0xFF, 0x00, 0x00, 0x00, 0x00, 0x3F,
  0xFF, 0x00, 0x00, 0x00, 0x00, 0x3F, 0xFF, 0x00, 0x00, 0x00, 0x00,
  0x3F, 0xFF, 0x00, 0x00, 0x00, 0x00, 0x7F, 0xFF, 0x04, 0x00, 0x00,
  0x00, 0x7F, 0xFF, 0x0F, 0x00, 0x00, 0x00, 0xFF, 0xFE, 0x0F, 0xC0,
  0x00, 0x01, 0xFF, 0xFE, 0x1F, 0xF8, 0x00, 0x03, 0xFF, 0xFE, 0x1F,
  0xFF, 0x80, 0x1F, 0xFF, 0xFC, 0x3F, 0xFF, 0xFF, 0xFF, 0xFF, 0xFC,
  0x3F, 0xFF, 0xFF, 0xFF, 0xFF, 0xFC, 0x7F, 0xFF, 0xFF, 0xFF, 0xFF,
  0xF8, 0x7F, 0xFF, 0xFF, 0xFF, 0xFF, 0xF0, 0xFF, 0xFF, 0xFF, 0xFF,
  0xFF, 0xE0, 0xFF, 0xFF, 0xFF, 0xFF, 0xFF, 0xE0, 0x7F, 0xFF, 0xFF,
  0xFF, 0xFF, 0x80, 0x1F, 0xFF, 0xFF, 0xFF, 0xFF, 0x00, 0x07, 0xFF,
  0xFF, 0xFF, 0xFE, 0x00, 0x00, 0xFF, 0xFF, 0xFF, 0xF8, 0x00, 0x00,
  0x1F, 0xFF, 0xFF, 0xC0, 0x00, 0x00, 0x00, 0xFF, 0xFC, 0x00, 0x00,
  0x00, 0x00, 0x00, 0x7F, 0xFC, 0x00, 0x00, 0x00, 0x01, 0xFF, 0xFF,
  0xF0, 0x00, 0x00, 0x03, 0xFF, 0xFF, 0xFF, 0x80, 0x00, 0x03, 0xFF,
  0xFF, 0xFF, 0xF8, 0x00, 0x03, 0xFF, 0xFF, 0xFF, 0xFF, 0x00, 0x03,
  0xFF, 0xFF, 0xFF, 0xFF, 0x80, 0x01, 0xFF, 0xFF, 0xFF, 0xFF, 0xE0,
  0x00, 0xFF, 0xFF, 0xFF, 0xFF, 0xF0, 0x00, 0x7F, 0xFF, 0xFF, 0xFF,
  0xFC, 0x00, 0x3F, 0xFF, 0xFF, 0xFF, 0xFE, 0x00, 0x1F, 0xFF, 0xFF,
  0xFF, 0xFF, 0x80, 0x0F, 0xFF, 0xFF, 0x80, 0x3F, 0xC0, 0x03, 0xFF,
  0xFF, 0x00, 0x00, 0xE0, 0x01, 0xFF, 0xFF, 0x00, 0x00, 0x08, 0x00,
  0xFF, 0xFF, 0x00, 0x00, 0x00, 0x00, 0x3F, 0xFF, 0x80, 0x00, 0x00,
  0x00, 0x1F, 0xFF, 0xC0, 0x00, 0x00, 0x00, 0x07, 0xFF, 0xE0, 0x00,
  0x00, 0x00, 0x01, 0xFF, 0xF8, 0x00, 0x00, 0x00, 0x00, 0xFF, 0xFC,
  0x00, 0x00, 0x00, 0x00, 0x3F, 0xFF, 0x00, 0x00, 0x00, 0x00, 0x0F,
  0xFF, 0xC0, 0x00, 0x00, 0x00, 0x07, 0xFF, 0xE0, 0x00, 0x00, 0x00,
  0x01, 0xFF, 0xF8, 0x03, 0xFF, 0x00, 0x00, 0x7F, 0xFE, 0x0F, 0xFF,
  0xFC, 0x00, 0x1F, 0xFF, 0x8F, 0xFF, 0xFF, 0xC0, 0x07, 0xFF, 0xE7,
  0xFF, 0xFF, 0xFC, 0x01, 0xFF, 0xF7, 0xFF, 0xFF, 0xFF, 0x80, 0xFF,
  0xFF, 0xFF, 0xFF, 0xFF, 0xF0, 0x3F, 0xFF, 0xFF, 0xFF, 0xFF, 0xFE,
  0x0F, 0xFF, 0xFF, 0xFF, 0xFF, 0xFF, 0xC3, 0xFF, 0xFF, 0xFF, 0xFF,
  0xFF, 0xF8, 0xFF, 0xFF, 0xFF, 0xFF, 0xFF, 0xFF, 0x3F, 0xFF, 0xFF,
  0x80, 0xFF, 0xFF, 0xCF, 0xFF, 0xFF, 0x00, 0x0F, 0xFF, 0xFB, 0xFF,
  0xFF, 0x80, 0x00, 0xFF, 0xFE, 0x7F, 0xFF, 0xC0, 0x00, 0x1F, 0xFF,
  0x9F, 0xFF, 0xE0, 0x00, 0x07, 0xFF, 0xF7, 0xFF, 0xF8, 0x00, 0x00,
  0xFF, 0xFD, 0xFF, 0xFC, 0x00, 0x00, 0x3F, 0xFF, 0x7F, 0xFF, 0x00,
  0x00, 0x0F, 0xFF, 0xDF, 0xFF, 0xC0, 0x00, 0x01, 0xFF, 0xF7, 0xFF,
  0xF0, 0x00, 0x00, 0x7F, 0xFC, 0xFF, 0xFC, 0x00, 0x00, 0x1F, 0xFF,
  0x3F, 0xFF, 0x00, 0x00, 0x0F, 0xFF, 0xCF, 0xFF, 0xC0, 0x00, 0x03,
  0xFF, 0xF1, 0xFF, 0xF8, 0x00, 0x00, 0xFF, 0xFC, 0x7F, 0xFE, 0x00,
  0x00, 0x7F, 0xFE, 0x1F, 0xFF, 0xC0, 0x00, 0x1F, 0xFF, 0x83, 0xFF,
  0xF8, 0x00, 0x0F, 0xFF, 0xE0, 0x7F, 0xFF, 0x00, 0x0F, 0xFF, 0xF0,
  0x1F, 0xFF, 0xF8, 0x0F, 0xFF, 0xFC, 0x03, 0xFF, 0xFF, 0xFF, 0xFF,
  0xFE, 0x00, 0x7F, 0xFF, 0xFF, 0xFF, 0xFF, 0x00, 0x0F, 0xFF, 0xFF,
  0xFF, 0xFF, 0x80, 0x01, 0xFF, 0xFF, 0xFF, 0xFF, 0xE0, 0x00, 0x3F,
  0xFF, 0xFF, 0xFF, 0xF0, 0x00, 0x07, 0xFF, 0xFF, 0xFF, 0xF0, 0x00,
  0x00, 0x7F, 0xFF, 0xFF, 0xF8, 0x00, 0x00, 0x07, 0xFF, 0xFF, 0xF8,
  0x00, 0x00, 0x00, 0x7F, 0xFF, 0xF0, 0x00, 0x00, 0x00, 0x01, 0xFF,
  0xE0, 0x00, 0x00, 0xFF, 0xFF, 0xFF, 0xFF, 0xFF, 0xFF, 0xFF, 0xFF,
  0xFF, 0xFF, 0xFF, 0xFF, 0xFF, 0xFF, 0xFF, 0xFF, 0xFF, 0xFF, 0xFF,
  0xFF, 0xFF, 0xFF, 0xFF, 0xFF, 0xFF, 0xFF, 0xFF, 0xFF, 0xFF, 0xFF,
  0xFF, 0xFF, 0xFF, 0xFF, 0xFF, 0xFF, 0xFF, 0xFF, 0xFF, 0xFF, 0xFF,
  0xFF, 0xFF, 0xFF, 0xFF, 0xFF, 0xFF, 0xFF, 0xFF, 0xFF, 0xFF, 0xFF,
  0xFF, 0xFF, 0xFF, 0xFF, 0xFF, 0xFF, 0xFF, 0xFF, 0xFF, 0xFF, 0xFF,
  0xFF, 0xFF, 0xFF, 0xFF, 0xF8, 0x00, 0x00, 0xFF, 0xFE, 0xFF, 0xF8,
  0x00, 0x00, 0xFF, 0xFE, 0xFF, 0xF8, 0x00, 0x01, 0xFF, 0xFC, 0xFF,
  0xF8, 0x00, 0x01, 0xFF, 0xFC, 0xFF, 0xF8, 0x00, 0x01, 0xFF, 0xFC,
  0xFF, 0xF8, 0x00, 0x03, 0xFF, 0xF8, 0xFF, 0xF8, 0x00, 0x03, 0xFF,
  0xF8, 0xFF, 0xF8, 0x00, 0x07, 0xFF, 0xF0, 0xFF, 0xF8, 0x00, 0x07,
  0xFF, 0xF0, 0xFF, 0xF8, 0x00, 0x0F, 0xFF, 0xE0, 0x00, 0x00, 0x00,
  0x0F, 0xFF, 0xE0, 0x00, 0x00, 0x00, 0x1F, 0xFF, 0xC0, 0x00, 0x00,
  0x00, 0x1F, 0xFF, 0xC0, 0x00, 0x00, 0x00, 0x1F, 0xFF, 0xC0, 0x00,
  0x00, 0x00, 0x3F, 0xFF, 0x80, 0x00, 0x00, 0x00, 0x3F, 0xFF, 0x80,
  0x00, 0x00, 0x00, 0x7F, 0xFF, 0x00, 0x00, 0x00, 0x00, 0x7F, 0xFF,
  0x00, 0x00, 0x00, 0x00, 0xFF, 0xFE, 0x00, 0x00, 0x00, 0x00, 0xFF,
  0xFE, 0x00, 0x00, 0x00, 0x00, 0xFF, 0xFE, 0x00, 0x00, 0x00, 0x01,
  0xFF, 0xFC, 0x00, 0x00, 0x00, 0x01, 0xFF, 0xFC, 0x00, 0x00, 0x00,
  0x03, 0xFF, 0xF8, 0x00, 0x00, 0x00, 0x03, 0xFF, 0xF8, 0x00, 0x00,
  0x00, 0x07, 0xFF, 0xF0, 0x00, 0x00, 0x00, 0x07, 0xFF, 0xF0, 0x00,
  0x00, 0x00, 0x0F, 0xFF, 0xF0, 0x00, 0x00, 0x00, 0x0F, 0xFF, 0xE0,
  0x00, 0x00, 0x00, 0x0F, 0xFF, 0xE0, 0x00, 0x00, 0x00, 0x1F, 0xFF,
  0xC0, 0x00, 0x00, 0x00, 0x1F, 0xFF, 0xC0, 0x00, 0x00, 0x00, 0x3F,
  0xFF, 0x80, 0x00, 0x00, 0x00, 0x3F, 0xFF, 0x80, 0x00, 0x00, 0x00,
  0x7F, 0xFF, 0x00, 0x00, 0x00, 0x00, 0x7F, 0xFF, 0x00, 0x00, 0x00,
  0x00, 0xFF, 0xFF, 0x00, 0x00, 0x00, 0x00, 0xFF, 0xFE, 0x00, 0x00,
  0x00, 0x00, 0xFF, 0xFE, 0x00, 0x00, 0x00, 0x01, 0xFF, 0xFC, 0x00,
  0x00, 0x00, 0x01, 0xFF, 0xFC, 0x00, 0x00, 0x00, 0x03, 0xFF, 0xF8,
  0x00, 0x00, 0x00, 0x03, 0xFF, 0xF8, 0x00, 0x00, 0x00, 0x07, 0xFF,
  0xF8, 0x00, 0x00, 0x00, 0x07, 0xFF, 0xF0, 0x00, 0x00, 0x00, 0x07,
  0xFF, 0xF0, 0x00, 0x00, 0x00, 0x0F, 0xFF, 0xE0, 0x00, 0x00, 0x00,
  0x0F, 0xFF, 0xE0, 0x00, 0x00, 0x00, 0x1F, 0xFF, 0xC0, 0x00, 0x00,
  0x00, 0x00, 0x1F, 0xFF, 0x00, 0x00, 0x00, 0x00, 0x3F, 0xFF, 0xFE,
  0x00, 0x00, 0x00, 0x3F, 0xFF, 0xFF, 0xF0, 0x00, 0x00, 0x1F, 0xFF,
  0xFF, 0xFF, 0x80, 0x00, 0x07, 0xFF, 0xFF, 0xFF, 0xFC, 0x00, 0x01,
  0xFF, 0xFF, 0xFF, 0xFF, 0xC0, 0x00, 0xFF, 0xFF, 0xFF, 0xFF, 0xFC,
  0x00, 0x1F, 0xFF, 0xFF, 0xFF, 0xFF, 0xC0, 0x07, 0xFF, 0xFF, 0xFF,
  0xFF, 0xFC, 0x01, 0xFF, 0xFF, 0xFF, 0xFF, 0xFF, 0xC0, 0x3F, 0xFF,
  0xF0, 0x1F, 0xFF, 0xF8, 0x0F, 0xFF, 0xF0, 0x00, 0xFF, 0xFF, 0x81,
  0xFF, 0xFC, 0x00, 0x07, 0xFF, 0xF0, 0x3F, 0xFF, 0x00, 0x00, 0x7F,
  0xFE, 0x0F, 0xFF, 0xE0, 0x00, 0x0F, 0xFF, 0xC1, 0xFF, 0xF8, 0x00,
  0x01, 0xFF, 0xFC, 0x3F, 0xFF, 0x00, 0x00, 0x1F, 0xFF, 0x87, 0xFF,
  0xE0, 0x00, 0x03, 0xFF, 0xF0, 0xFF, 0xFC, 0x00, 0x00, 0x7F, 0xFE,
  0x1F, 0xFF, 0x80, 0x00, 0x1F, 0xFF, 0x83, 0xFF, 0xF8, 0x00, 0x03,
  0xFF, 0xF0, 0x3F, 0xFF, 0x00, 0x00, 0x7F, 0xFE, 0x07, 0xFF, 0xF0,
  0x00, 0x1F, 0xFF, 0xC0, 0xFF, 0xFF, 0x00, 0x07, 0xFF, 0xF0, 0x0F,
  0xFF, 0xF8, 0x07, 0xFF, 0xFE, 0x00, 0xFF, 0xFF, 0xFF, 0xFF, 0xFF,
  0x80, 0x1F, 0xFF, 0xFF, 0xFF, 0xFF, 0xE0, 0x01, 0xFF, 0xFF, 0xFF,
  0xFF, 0xF8, 0x00, 0x1F, 0xFF, 0xFF, 0xFF, 0xFE, 0x00, 0x00, 0xFF,
  0xFF, 0xFF, 0xFF, 0x80, 0x00, 0x3F, 0xFF, 0xFF, 0xFF, 0xF8, 0x00,
  0x1F, 0xFF, 0xFF, 0xFF, 0xFF, 0xC0, 0x07, 0xFF, 0xFF, 0xFF, 0xFF,
  0xFC, 0x01, 0xFF, 0xFF, 0xFF, 0xFF, 0xFF, 0xC0, 0x7F, 0xFF, 0xFF,
  0xFF, 0xFF, 0xFC, 0x1F, 0xFF, 0xFC, 0x01, 0xFF, 0xFF, 0x83, 0xFF,
  0xFC, 0x00, 0x0F, 0xFF, 0xF8, 0xFF, 0xFF, 0x00, 0x00, 0x7F, 0xFF,
  0x9F, 0xFF, 0xC0, 0x00, 0x07, 0xFF, 0xF3, 0xFF, 0xF0, 0x00, 0x00,
  0x7F, 0xFE, 0xFF, 0xFE, 0x00, 0x00, 0x0F, 0xFF, 0xDF, 0xFF, 0x80,
  0x00, 0x01, 0xFF, 0xFF, 0xFF, 0xF0, 0x00, 0x00, 0x1F, 0xFF, 0xFF,
  0xFE, 0x00, 0x00, 0x03, 0xFF, 0xFF, 0xFF, 0xC0, 0x00, 0x00, 0x7F,
  0xFF, 0xFF, 0xF8, 0x00, 0x00, 0x1F, 0xFF, 0xFF, 0xFF, 0x80, 0x00,
  0x03, 0xFF, 0xFF, 0xFF, 0xF0, 0x00, 0x00, 0x7F, 0xFE, 0x7F, 0xFF,
  0x00, 0x00, 0x1F, 0xFF, 0xCF, 0xFF, 0xF0, 0x00, 0x07, 0xFF, 0xF9,
  0xFF, 0xFF, 0x00, 0x03, 0xFF, 0xFE, 0x1F, 0xFF, 0xFC, 0x01, 0xFF,
  0xFF, 0xC3, 0xFF, 0xFF, 0xFF, 0xFF, 0xFF, 0xF0, 0x3F, 0xFF, 0xFF,
  0xFF, 0xFF, 0xFC, 0x03, 0xFF, 0xFF, 0xFF, 0xFF, 0xFF, 0x80, 0x3F,
  0xFF, 0xFF, 0xFF, 0xFF, 0xE0, 0x03, 0xFF, 0xFF, 0xFF, 0xFF, 0xF8,
  0x00, 0x1F, 0xFF, 0xFF, 0xFF, 0xFC, 0x00, 0x01, 0xFF, 0xFF, 0xFF,
  0xFE, 0x00, 0x00, 0x0F, 0xFF, 0xFF, 0xFF, 0x00, 0x00, 0x00, 0x3F,
  0xFF, 0xFF, 0x00, 0x00, 0x00, 0x00, 0x7F, 0xFE, 0x00, 0x00, 0x00,
  0x00, 0x00, 0x7F, 0xF8, 0x00, 0x00, 0x00, 0x03, 0xFF, 0xFF, 0xC0,
  0x00, 0x00, 0x07, 0xFF, 0xFF, 0xF8, 0x00, 0x00, 0x0F, 0xFF, 0xFF,
  0xFF, 0x00, 0x00, 0x0F, 0xFF, 0xFF, 0xFF, 0xE0, 0x00, 0x1F, 0xFF,
  0xFF, 0xFF, 0xF8, 0x00, 0x1F, 0xFF, 0xFF, 0xFF, 0xFE, 0x00, 0x1F,
  0xFF, 0xFF, 0xFF, 0xFF, 0x80, 0x1F, 0xFF, 0xFF, 0xFF, 0xFF, 0xE0,
  0x0F, 0xFF, 0xFF, 0xFF, 0xFF, 0xF8, 0x0F, 0xFF, 0xFF, 0xFF, 0xFF,
  0xFE, 0x07, 0xFF, 0xFE, 0x03, 0xFF, 0xFF, 0x07, 0xFF, 0xF8, 0x00,
  0x3F, 0xFF, 0xC3, 0xFF, 0xF8, 0x00, 0x0F, 0xFF, 0xE3, 0xFF, 0xF8,
  0x00, 0x03, 0xFF, 0xF9, 0xFF, 0xF8, 0x00, 0x00, 0xFF, 0xFC, 0xFF,
  0xFC, 0x00, 0x00, 0x7F, 0xFE, 0x7F, 0xFE, 0x00, 0x00, 0x1F, 0xFF,
  0xBF, 0xFE, 0x00, 0x00, 0x0F, 0xFF, 0xDF, 0xFF, 0x00, 0x00, 0x07,
  0xFF, 0xEF, 0xFF, 0x80, 0x00, 0x03, 0xFF, 0xFF, 0xFF, 0xE0, 0x00,
  0x01, 0xFF, 0xFF, 0xFF, 0xF0, 0x00, 0x01, 0xFF, 0xFF, 0xFF, 0xF8,
  0x00, 0x00, 0xFF, 0xFF, 0xFF, 0xFE, 0x00, 0x00, 0xFF, 0xFF, 0xFF,
  0xFF, 0x80, 0x00, 0xFF, 0xFF, 0xDF, 0xFF, 0xE0, 0x00, 0xFF, 0xFF,
  0xEF, 0xFF, 0xFE, 0x03, 0xFF, 0xFF, 0xF3, 0xFF, 0xFF, 0xFF, 0xFF,
  0xFF, 0xF9, 0xFF, 0xFF, 0xFF, 0xFF, 0xFF, 0xFC, 0x7F, 0xFF, 0xFF,
  0xFF, 0xFF, 0xFE, 0x1F, 0xFF, 0xFF, 0xFF, 0xFF, 0xFF, 0x0F, 0xFF,
  0xFF, 0xFF, 0xFF, 0xFF, 0x83, 0xFF, 0xFF, 0xFF, 0xFF, 0xFF, 0xC0,
  0x7F, 0xFF, 0xFF, 0xF7, 0xFF, 0xE0, 0x1F, 0xFF, 0xFF, 0xF3, 0xFF,
  0xF0, 0x03, 0xFF, 0xFF, 0xE1, 0xFF, 0xF8, 0x00, 0x7F, 0xFF, 0xC0,
  0xFF, 0xFC, 0x00, 0x07, 0xFF, 0x00, 0x7F, 0xFE, 0x00, 0x00, 0x00,
  0x00, 0x7F, 0xFE, 0x00, 0x00, 0x00, 0x00, 0x3F, 0xFF, 0x00, 0x00,
  0x00, 0x00, 0x1F, 0xFF, 0x80, 0x00, 0x00, 0x00, 0x1F, 0xFF, 0xC0,
  0x00, 0x00, 0x00, 0x0F, 0xFF, 0xC0, 0x00, 0x00, 0x00, 0x0F, 0xFF,
  0xE0, 0x00, 0x00, 0x00, 0x0F, 0xFF, 0xE0, 0x00, 0x00, 0x00, 0x07,
  0xFF, 0xF0, 0x00, 0x00, 0x00, 0x0F, 0xFF, 0xF0, 0x01, 0x00, 0x00,
  0x0F, 0xFF, 0xF8, 0x01, 0xE0, 0x00, 0x1F, 0xFF, 0xF8, 0x00, 0xFE,
  0x00, 0x7F, 0xFF, 0xFC, 0x00, 0xFF, 0xFF, 0xFF, 0xFF, 0xFC, 0x00,
  0x7F, 0xFF, 0xFF, 0xFF, 0xFC, 0x00, 0x7F, 0xFF, 0xFF, 0xFF, 0xFC,
  0x00, 0x3F, 0xFF, 0xFF, 0xFF, 0xFC, 0x00, 0x3F, 0xFF, 0xFF, 0xFF,
  0xFC, 0x00, 0x1F, 0xFF, 0xFF, 0xFF, 0xFC, 0x00, 0x1F, 0xFF, 0xFF,
  0xFF, 0xF8, 0x00, 0x07, 0xFF, 0xFF, 0xFF, 0xF0, 0x00, 0x00, 0xFF,
  0xFF, 0xFF, 0xE0, 0x00, 0x00, 0x0F, 0xFF, 0xFF, 0x80, 0x00, 0x00,
  0x00, 0x7F, 0xFC, 0x00, 0x00, 0x00, 0x00, 0x80, 0x07, 0xF8, 0x07,
  0xFF, 0x07, 0xFF, 0xC7, 0xFF, 0xF3, 0xFF, 0xFB, 0xFF, 0xFD, 0xFF,
  0xFF, 0xFF, 0xFF, 0xFF, 0xFF, 0xFF, 0xFF, 0xDF, 0xFF, 0xE7, 0xFF,
  0xF3, 0xFF, 0xF0, 0xFF, 0xF8, 0x3F, 0xF8, 0x0F, 0xF0, 0x00, 0x40,
  0x00, 0x00, 0x00, 0x00, 0x00, 0x00, 0x00, 0x00, 0x00, 0x00, 0x00,
  0x00, 0x00, 0x00, 0x00, 0x00, 0x00, 0x00, 0x00, 0x00, 0x00, 0x00,
  0x00, 0x00, 0x00, 0x00, 0x00, 0x00, 0x01, 0x00, 0x0F, 0xF0, 0x0F,
  0xFE, 0x0F, 0xFF, 0x8F, 0xFF, 0xE7, 0xFF, 0xF7, 0xFF, 0xFB, 0xFF,
  0xFF, 0xFF, 0xFF, 0xFF, 0xFF, 0xFF, 0xFF, 0xBF, 0xFF, 0xCF, 0xFF,
  0xE7, 0xFF, 0xE1, 0xFF, 0xF0, 0x7F, 0xF0, 0x1F, 0xE0, 0x00, 0x80,
  0x00, 0x00, 0x80, 0x07, 0xF8, 0x07, 0xFF, 0x07, 0xFF, 0xC7, 0xFF,
  0xF3, 0xFF, 0xFB, 0xFF, 0xFD, 0xFF, 0xFF, 0xFF, 0xFF, 0xFF, 0xFF,
  0xFF, 0xFF, 0xDF, 0xFF, 0xE7, 0xFF, 0xF3, 0xFF, 0xF0, 0xFF, 0xF8,
  0x3F, 0xF8, 0x0F, 0xF0, 0x00, 0x40, 0x00, 0x00, 0x00, 0x00, 0x00,
  0x00, 0x00, 0x00, 0x00, 0x00, 0x00, 0x00, 0x00, 0x00, 0x00, 0x00,
  0x00, 0x00, 0x00, 0x00, 0x00, 0x00, 0x00, 0x00, 0x00, 0x00, 0x00,
  0x00, 0x00, 0x00, 0x07, 0xE0, 0x0F, 0xFC, 0x0F, 0xFF, 0x8F, 0xFF,
  0xC7, 0xFF, 0xF7, 0xFF, 0xFB, 0xFF, 0xFD, 0xFF, 0xFF, 0xFF, 0xFF,
  0xFF, 0xFF, 0xFF, 0xFF, 0xCF, 0xFF, 0xE7, 0xFF, 0xF1, 0xFF, 0xF8,
  0x7F, 0xF8, 0x1F, 0xFC, 0x0F, 0xFC, 0x07, 0xFE, 0x03, 0xFF, 0x03,
  0xFF, 0x01, 0xFF, 0x80, 0xFF, 0x80, 0x7F, 0xC0, 0x7F, 0xE0, 0x3F,
  0xE0, 0x1F, 0xF0, 0x0F, 0xF0, 0x0F, 0xF8, 0x07, 0xFC, 0x00, 0x00,
  0x00, 0x00, 0x00, 0x01, 0x80, 0x00, 0x00, 0x00, 0x03, 0xC0, 0x00,
  0x00, 0x00, 0x0F, 0xE0, 0x00, 0x00, 0x00, 0x3F, 0xF0, 0x00, 0x00,
  0x00, 0x7F, 0xF8, 0x00, 0x00, 0x01, 0xFF, 0xFC, 0x00, 0x00, 0x07,
  0xFF, 0xFE, 0x00, 0x00, 0x0F, 0xFF, 0xFF, 0x00, 0x00, 0x3F, 0xFF,
  0xFF, 0x80, 0x00, 0x7F, 0xFF, 0xFF, 0xC0, 0x01, 0xFF, 0xFF, 0xFF,
  0xE0, 0x07, 0xFF, 0xFF, 0xFF, 0x80, 0x0F, 0xFF, 0xFF, 0xFF, 0x00,
  0x3F, 0xFF, 0xFF, 0xFC, 0x00, 0xFF, 0xFF, 0xFF, 0xF0, 0x01, 0xFF,
  0xFF, 0xFF, 0xC0, 0x00, 0xFF, 0xFF, 0xFF, 0x80, 0x00, 0x7F, 0xFF,
  0xFE, 0x00, 0x00, 0x3F, 0xFF, 0xF8, 0x00, 0x00, 0x1F, 0xFF, 0xE0,
  0x00, 0x00, 0x0F, 0xFF, 0xC0, 0x00, 0x00, 0x07, 0xFF, 0xE0, 0x00,
  0x00, 0x03, 0xFF, 0xFE, 0x00, 0x00, 0x01, 0xFF, 0xFF, 0xE0, 0x00,
  0x00, 0xFF, 0xFF, 0xFE, 0x00, 0x00, 0x7F, 0xFF, 0xFF, 0xC0, 0x00,
  0x3F, 0xFF, 0xFF, 0xFC, 0x00, 0x03, 0xFF, 0xFF, 0xFF, 0xC0, 0x00,
  0x3F, 0xFF, 0xFF, 0xFC, 0x00, 0x07, 0xFF, 0xFF, 0xFF, 0x80, 0x00,
  0x7F, 0xFF, 0xFF, 0xF8, 0x00, 0x0F, 0xFF, 0xFF, 0xFF, 0x00, 0x00,
  0xFF, 0xFF, 0xFF, 0x80, 0x00, 0x0F, 0xFF, 0xFF, 0xC0, 0x00, 0x01,
  0xFF, 0xFF, 0xE0, 0x00, 0x00, 0x1F, 0xFF, 0xF0, 0x00, 0x00, 0x01,
  0xFF, 0xF8, 0x00, 0x00, 0x00, 0x3F, 0xFC, 0x00, 0x00, 0x00, 0x03,
  0xFE, 0x00, 0x00, 0x00, 0x00, 0x7F, 0x00, 0x00, 0x00, 0x00, 0x07,
  0x80, 0x00, 0x00, 0x00, 0x00, 0x40, 0xFF, 0xFF, 0xFF, 0xFF, 0xFF,
  0xFF, 0xFF, 0xFF, 0xFF, 0xFF, 0xFF, 0xFF, 0xFF, 0xFF, 0xFF, 0xFF,
  0xFF, 0xFF, 0xFF, 0xFF, 0xFF, 0xFF, 0xFF, 0xFF, 0xFF, 0xFF, 0xFF,
  0xFF, 0xFF, 0xFF, 0xFF, 0xFF, 0xFF, 0xFF, 0xFF, 0xFF, 0xFF, 0xFF,
  0xFF, 0xFF, 0xFF, 0xFF, 0xFF, 0xFF, 0xFF, 0xFF, 0xFF, 0xFF, 0xFF,
  0xFF, 0xFF, 0xFF, 0xFF, 0xFF, 0xFF, 0xFF, 0xE0, 0x00, 0x00, 0x00,
  0x00, 0x00, 0x00, 0x00, 0x00, 0x00, 0x00, 0x00, 0x00, 0x00, 0x00,
  0x00, 0x00, 0x00, 0x00, 0x00, 0x00, 0x00, 0x00, 0x00, 0x00, 0x00,
  0x00, 0x00, 0x00, 0x00, 0x00, 0x00, 0x00, 0x00, 0x00, 0x00, 0x00,
  0x00, 0x00, 0x00, 0x00, 0x00, 0x00, 0x00, 0x00, 0x00, 0x00, 0x00,
  0x00, 0x00, 0x00, 0x00, 0x00, 0x00, 0x00, 0x00, 0x03, 0xFF, 0xFF,
  0xFF, 0xFF, 0xFF, 0xFF, 0xFF, 0xFF, 0xFF, 0xFF, 0xFF, 0xFF, 0xFF,
  0xFF, 0xFF, 0xFF, 0xFF, 0xFF, 0xFF, 0xFF, 0xFF, 0xFF, 0xFF, 0xFF,
  0xFF, 0xFF, 0xFF, 0xFF, 0xFF, 0xFF, 0xFF, 0xFF, 0xFF, 0xFF, 0xFF,
  0xFF, 0xFF, 0xFF, 0xFF, 0xFF, 0xFF, 0xFF, 0xFF, 0xFF, 0xFF, 0xFF,
  0xFF, 0xFF, 0xFF, 0xFF, 0xFF, 0xFF, 0xFF, 0xFF, 0xFF, 0xFF, 0x80,
  0xC0, 0x00, 0x00, 0x00, 0x00, 0x7C, 0x00, 0x00, 0x00, 0x00, 0x3F,
  0xC0, 0x00, 0x00, 0x00, 0x1F, 0xF8, 0x00, 0x00, 0x00, 0x0F, 0xFF,
  0x80, 0x00, 0x00, 0x07, 0xFF, 0xF8, 0x00, 0x00, 0x03, 0xFF, 0xFF,
  0x00, 0x00, 0x01, 0xFF, 0xFF, 0xF0, 0x00, 0x00, 0xFF, 0xFF, 0xFE,
  0x00, 0x00, 0x7F, 0xFF, 0xFF, 0xE0, 0x00, 0x3F, 0xFF, 0xFF, 0xFE,
  0x00, 0x03, 0xFF, 0xFF, 0xFF, 0xC0, 0x00, 0x3F, 0xFF, 0xFF, 0xFC,
  0x00, 0x03, 0xFF, 0xFF, 0xFF, 0x80, 0x00, 0x7F, 0xFF, 0xFF, 0xF8,
  0x00, 0x07, 0xFF, 0xFF, 0xFF, 0x00, 0x00, 0x7F, 0xFF, 0xFF, 0x80,
  0x00, 0x07, 0xFF, 0xFF, 0xC0, 0x00, 0x00, 0xFF, 0xFF, 0xE0, 0x00,
  0x00, 0x0F, 0xFF, 0xF0, 0x00, 0x00, 0x00, 0xFF, 0xF8, 0x00, 0x00,
  0x00, 0xFF, 0xFC, 0x00, 0x00, 0x01, 0xFF, 0xFE, 0x00, 0x00, 0x07,
  0xFF, 0xFF, 0x00, 0x00, 0x1F, 0xFF, 0xFF, 0x80, 0x00, 0x7F, 0xFF,
  0xFF, 0xC0, 0x00, 0xFF, 0xFF, 0xFF, 0xE0, 0x03, 0xFF, 0xFF, 0xFF,
  0xC0, 0x0F, 0xFF, 0xFF, 0xFF, 0x00, 0x3F, 0xFF, 0xFF, 0xFC, 0x00,
  0x7F, 0xFF, 0xFF, 0xF8, 0x01, 0xFF, 0xFF, 0xFF, 0xE0, 0x00, 0xFF,
  0xFF, 0xFF, 0x80, 0x00, 0x7F, 0xFF, 0xFF, 0x00, 0x00, 0x3F, 0xFF,
  0xFC, 0x00, 0x00, 0x1F, 0xFF, 0xF8, 0x00, 0x00, 0x0F, 0xFF, 0xE0,
  0x00, 0x00, 0x07, 0xFF, 0x80, 0x00, 0x00, 0x03, 0xFF, 0x00, 0x00,
  0x00, 0x01, 0xFC, 0x00, 0x00, 0x00, 0x00, 0xF0, 0x00, 0x00, 0x00,
  0x00, 0x60, 0x00, 0x00, 0x00, 0x00, 0x00, 0x00, 0x00, 0x3F, 0xFE,
  0x00, 0x00, 0x00, 0x0F, 0xFF, 0xFF, 0x80, 0x00, 0x01, 0xFF, 0xFF,
  0xFF, 0x80, 0x00, 0x1F, 0xFF, 0xFF, 0xFF, 0x80, 0x01, 0xFF, 0xFF,
  0xFF, 0xFF, 0x80, 0x0F, 0xFF, 0xFF, 0xFF, 0xFF, 0x00, 0xFF, 0xFF,
  0xFF, 0xFF, 0xFE, 0x07, 0xFF, 0xFF, 0xFF, 0xFF, 0xFC, 0x3F, 0xFF,
  0xFF, 0xFF, 0xFF, 0xF1, 0xFF, 0xFF, 0xFF, 0xFF, 0xFF, 0xE7, 0xFF,
  0xFF, 0xFF, 0xFF, 0xFF, 0xBF, 0xFF, 0xF8, 0x07, 0xFF, 0xFE, 0x3F,
  0xFF, 0x00, 0x07, 0xFF, 0xFC, 0x7F, 0xF0, 0x00, 0x0F, 0xFF, 0xF0,
  0x7F, 0x80, 0x00, 0x1F, 0xFF, 0xC0, 0x7C, 0x00, 0x00, 0x3F, 0xFF,
  0x00, 0xE0, 0x00, 0x00, 0xFF, 0xFC, 0x00, 0x80, 0x00, 0x03, 0xFF,
  0xF0, 0x00, 0x00, 0x00, 0x0F, 0xFF, 0xC0, 0x00, 0x00, 0x00, 0x3F,
  0xFF, 0x00, 0x00, 0x00, 0x00, 0xFF, 0xFC, 0x00, 0x00, 0x00, 0x07,
  0xFF, 0xE0, 0x00, 0x00, 0x00, 0x3F, 0xFF, 0x80, 0x00, 0x00, 0x01,
  0xFF, 0xFC, 0x00, 0x00, 0x00, 0x07, 0xFF, 0xF0, 0x00, 0x00, 0x00,
  0x7F, 0xFF, 0x80, 0x00, 0x00, 0x03, 0xFF, 0xFC, 0x00, 0x00, 0x00,
  0x1F, 0xFF, 0xE0, 0x00, 0x00, 0x00, 0xFF, 0xFF, 0x00, 0x00, 0x00,
  0x07, 0xFF, 0xF8, 0x00, 0x00, 0x00, 0x3F, 0xFF, 0xC0, 0x00, 0x00,
  0x00, 0xFF, 0xFE, 0x00, 0x00, 0x00, 0x07, 0xFF, 0xF0, 0x00, 0x00,
  0x00, 0x3F, 0xFF, 0x80, 0x00, 0x00, 0x00, 0xFF, 0xFC, 0x00, 0x00,
  0x00, 0x07, 0xFF, 0xE0, 0x00, 0x00, 0x00, 0x1F, 0xFF, 0x80, 0x00,
  0x00, 0x00, 0x7F, 0xFC, 0x00, 0x00, 0x00, 0x01, 0xFF, 0xF0, 0x00,
  0x00, 0x00, 0x07, 0xFF, 0xC0, 0x00, 0x00, 0x00, 0x00, 0x00, 0x00,
  0x00, 0x00, 0x00, 0x00, 0x00, 0x00, 0x00, 0x00, 0x00, 0x00, 0x00,
  0x00, 0x00, 0x00, 0x00, 0x00, 0x00, 0x00, 0x00, 0x00, 0x00, 0x00,
  0x00, 0x00, 0x00, 0x00, 0x00, 0x00, 0x00, 0x00, 0x00, 0x00, 0x04,
  0x00, 0x00, 0x00, 0x00, 0x01, 0xFF, 0x00, 0x00, 0x00, 0x00, 0x1F,
  0xFE, 0x00, 0x00, 0x00, 0x00, 0xFF, 0xFC, 0x00, 0x00, 0x00, 0x03,
  0xFF, 0xF8, 0x00, 0x00, 0x00, 0x1F, 0xFF, 0xE0, 0x00, 0x00, 0x00,
  0x7F, 0xFF, 0x80, 0x00, 0x00, 0x01, 0xFF, 0xFE, 0x00, 0x00, 0x00,
  0x07, 0xFF, 0xF8, 0x00, 0x00, 0x00, 0x1F, 0xFF, 0xE0, 0x00, 0x00,
  0x00, 0x7F, 0xFF, 0x80, 0x00, 0x00, 0x00, 0xFF, 0xFC, 0x00, 0x00,
  0x00, 0x01, 0xFF, 0xF0, 0x00, 0x00, 0x00, 0x03, 0xFF, 0x80, 0x00,
  0x00, 0x00, 0x07, 0xF8, 0x00, 0x00, 0x00, 0x00, 0x01, 0x00, 0x00,
  0x00, 0x00, 0x00, 0x00, 0x00, 0x1F, 0xFF, 0x80, 0x00, 0x00, 0x00,
  0x00, 0x00, 0x00, 0x00, 0xFF, 0xFF, 0xFF, 0x80, 0x00, 0x00, 0x00,
  0x00, 0x00, 0x00, 0xFF, 0xFF, 0xFF, 0xFF, 0x00, 0x00, 0x00, 0x00,
  0x00, 0x00, 0x7F, 0xFF, 0xFF, 0xFF, 0xF8, 0x00, 0x00, 0x00, 0x00,
  0x00, 0x7F, 0xFF, 0xFF, 0xFF, 0xFF, 0xC0, 0x00, 0x00, 0x00, 0x00,
  0x3F, 0xFF, 0xFF, 0xFF, 0xFF, 0xFE, 0x00, 0x00, 0x00, 0x00, 0x0F,
  0xFF, 0xFF, 0xFF, 0xFF, 0xFF, 0xF0, 0x00, 0x00, 0x00, 0x07, 0xFF,
  0xFF, 0xFF, 0xFF, 0xFF, 0xFF, 0x80, 0x00, 0x00, 0x01, 0xFF, 0xFF,
  0xF0, 0x00, 0xFF, 0xFF, 0xF8, 0x00, 0x00, 0x00, 0x7F, 0xFF, 0xC0,
  0x00, 0x00, 0xFF, 0xFF, 0x80, 0x00, 0x00, 0x3F, 0xFF, 0xE0, 0x00,
  0x00, 0x03, 0xFF, 0xF8, 0x00, 0x00, 0x0F, 0xFF, 0xE0, 0x00, 0x00,
  0x00, 0x1F, 0xFF, 0x80, 0x00, 0x03, 0xFF, 0xF0, 0x00, 0x00, 0x00,
  0x00, 0xFF, 0xF8, 0x00, 0x00, 0x7F, 0xFC, 0x00, 0x00, 0x00, 0x00,
  0x07, 0xFF, 0x80, 0x00, 0x1F, 0xFE, 0x00, 0x00, 0x00, 0x00, 0x00,
  0x7F, 0xF8, 0x00, 0x07, 0xFF, 0x80, 0x00, 0x00, 0x00, 0x00, 0x07,
  0xFF, 0x80, 0x01, 0xFF, 0xE0, 0x00, 0x00, 0x00, 0x00, 0x00, 0x7F,
  0xF0, 0x00, 0x3F, 0xF8, 0x00, 0x00, 0x00, 0x00, 0x00, 0x07, 0xFF,
  0x00, 0x0F, 0xFE, 0x00, 0x00, 0xFF, 0x80, 0x00, 0x00, 0x7F, 0xF0,
  0x03, 0xFF, 0x80, 0x00, 0xFF, 0xFE, 0x07, 0xFF, 0x07, 0xFE, 0x00,
  0x7F, 0xF0, 0x00, 0x7F, 0xFF, 0xF0, 0xFF, 0xE0, 0x7F, 0xE0, 0x1F,
  0xFC, 0x00, 0x3F, 0xFF, 0xFF, 0x9F, 0xFC, 0x0F, 0xFC, 0x03, 0xFF,
  0x00, 0x0F, 0xFF, 0xFF, 0xFB, 0xFF, 0x80, 0xFF, 0xC0, 0xFF, 0xE0,
  0x03, 0xFF, 0xFF, 0xFF, 0xFF, 0xF0, 0x0F, 0xF8, 0x1F, 0xF8, 0x00,
  0xFF, 0xFF, 0xFF, 0xFF, 0xFE, 0x01, 0xFF, 0x03, 0xFF, 0x00, 0x3F,
  0xFF, 0xFF, 0xFF, 0xFF, 0xC0, 0x1F, 0xF0, 0xFF, 0xC0, 0x0F, 0xFF,
  0xFF, 0xFF, 0xFF, 0xF8, 0x03, 0xFE, 0x1F, 0xF8, 0x01, 0xFF, 0xFF,
  0xFF, 0xFF, 0xFF, 0x00, 0x7F, 0xC3, 0xFF, 0x00, 0x7F, 0xFF, 0xC0,
  0x7F, 0xFF, 0xE0, 0x07, 0xFC, 0xFF, 0xC0, 0x0F, 0xFF, 0xE0, 0x03,
  0xFF, 0xFC, 0x00, 0xFF, 0x9F, 0xF8, 0x03, 0xFF, 0xF0, 0x00, 0x3F,
  0xFF, 0x80, 0x1F, 0xF3, 0xFF, 0x00, 0x7F, 0xFC, 0x00, 0x03, 0xFF,
  0xF0, 0x03, 0xFE, 0x7F, 0xE0, 0x0F, 0xFF, 0x00, 0x00, 0x3F, 0xFE,
  0x00, 0x3F, 0xCF, 0xF8, 0x03, 0xFF, 0xE0, 0x00, 0x03, 0xFF, 0xC0,
  0x07, 0xF9, 0xFF, 0x00, 0x7F, 0xF8, 0x00, 0x00, 0x7F, 0xF8, 0x00,
  0xFF, 0xFF, 0xE0, 0x0F, 0xFF, 0x00, 0x00, 0x0F, 0xFF, 0x00, 0x1F,
  0xFF, 0xFC, 0x01, 0xFF, 0xE0, 0x00, 0x00, 0xFF, 0xE0, 0x03, 0xFF,
  0xFF, 0x80, 0x3F, 0xFC, 0x00, 0x00, 0x1F, 0xFC, 0x00, 0x7F, 0xFF,
  0xF0, 0x07, 0xFF, 0x80, 0x00, 0x03, 0xFF, 0x80, 0x0F, 0xFF, 0xFE,
  0x00, 0xFF, 0xF0, 0x00, 0x00, 0x7F, 0xF0, 0x01, 0xFF, 0xFF, 0xC0,
  0x1F, 0xFE, 0x00, 0x00, 0x0F, 0xFE, 0x00, 0x3F, 0xFF, 0xF8, 0x03,
  0xFF, 0xC0, 0x00, 0x01, 0xFF, 0xC0, 0x07, 0xFB, 0xFF, 0x00, 0x7F,
  0xF8, 0x00, 0x00, 0x3F, 0xF8, 0x00, 0xFF, 0x3F, 0xE0, 0x0F, 0xFF,
  0x00, 0x00, 0x07, 0xFF, 0x00, 0x1F, 0xE7, 0xFC, 0x01, 0xFF, 0xE0,
  0x00, 0x01, 0xFF, 0xE0, 0x07, 0xFC, 0xFF, 0x80, 0x3F, 0xFE, 0x00,
  0x00, 0x3F, 0xFC, 0x00, 0xFF, 0x9F, 0xF8, 0x07, 0xFF, 0xC0, 0x00,
  0x0F, 0xFF, 0x80, 0x1F, 0xF3, 0xFF, 0x00, 0x7F, 0xFC, 0x00, 0x01,
  0xFF, 0xF0, 0x03, 0xFC, 0x7F, 0xE0, 0x0F, 0xFF, 0xC0, 0x00, 0x7F,
  0xFF, 0x00, 0xFF, 0x87, 0xFC, 0x00, 0xFF, 0xFC, 0x00, 0x1F, 0xFF,
  0xE0, 0x1F, 0xF0, 0xFF, 0xC0, 0x1F, 0xFF, 0xE0, 0x0F, 0xFF, 0xFC,
  0x07, 0xFC, 0x1F, 0xF8, 0x01, 0xFF, 0xFF, 0xFF, 0xFF, 0xFF, 0xC1,
  0xFF, 0x83, 0xFF, 0x80, 0x3F, 0xFF, 0xFF, 0xFF, 0xFF, 0xFF, 0xFF,
  0xF0, 0x3F, 0xF0, 0x03, 0xFF, 0xFF, 0xFF, 0xFF, 0xFF, 0xFF, 0xFC,
  0x07, 0xFE, 0x00, 0x3F, 0xFF, 0xFF, 0xFF, 0xFF, 0xFF, 0xFF, 0x00,
  0x7F, 0xE0, 0x07, 0xFF, 0xFF, 0xFF, 0xDF, 0xFF, 0xFF, 0xE0, 0x0F,
  0xFE, 0x00, 0x7F, 0xFF, 0xFF, 0xF3, 0xFF, 0xFF, 0xF8, 0x00, 0xFF,
  0xC0, 0x03, 0xFF, 0xFF, 0xFC, 0x3F, 0xFF, 0xFE, 0x00, 0x1F, 0xFC,
  0x00, 0x3F, 0xFF, 0xFE, 0x03, 0xFF, 0xFF, 0x00, 0x01, 0xFF, 0xC0,
  0x01, 0xFF, 0xFF, 0x80, 0x3F, 0xFF, 0xC0, 0x00, 0x3F, 0xFC, 0x00,
  0x0F, 0xFF, 0x80, 0x01, 0xFF, 0xE0, 0x00, 0x03, 0xFF, 0x80, 0x00,
  0x04, 0x00, 0x00, 0x01, 0x80, 0x00, 0x00, 0x3F, 0xF8, 0x00, 0x00,
  0x00, 0x00, 0x00, 0x00, 0x00, 0x00, 0x07, 0xFF, 0xC0, 0x00, 0x00,
  0x00, 0x00, 0x00, 0x00, 0x00, 0x00, 0x7F, 0xFC, 0x00, 0x00, 0x00,
  0x00, 0x00, 0x00, 0x00, 0x00, 0x07, 0xFF, 0xC0, 0x00, 0x00, 0x00,
  0x00, 0x00, 0x00, 0x00, 0x00, 0x7F, 0xFE, 0x00, 0x00, 0x00, 0x00,
  0x00, 0x00, 0x00, 0x00, 0x07, 0xFF, 0xF0, 0x00, 0x00, 0x00, 0x30,
  0x00, 0x00, 0x00, 0x00, 0x7F, 0xFF, 0x80, 0x00, 0x00, 0x3E, 0x00,
  0x00, 0x00, 0x00, 0x07, 0xFF, 0xFF, 0x00, 0x00, 0x3F, 0xE0, 0x00,
  0x00, 0x00, 0x00, 0x7F, 0xFF, 0xFF, 0xFF, 0xFF, 0xFC, 0x00, 0x00,
  0x00, 0x00, 0x03, 0xFF, 0xFF, 0xFF, 0xFF, 0xFF, 0x80, 0x00, 0x00,
  0x00, 0x00, 0x3F, 0xFF, 0xFF, 0xFF, 0xFF, 0xF8, 0x00, 0x00, 0x00,
  0x00, 0x01, 0xFF, 0xFF, 0xFF, 0xFF, 0xFF, 0x00, 0x00, 0x00, 0x00,
  0x00, 0x0F, 0xFF, 0xFF, 0xFF, 0xFF, 0xE0, 0x00, 0x00, 0x00, 0x00,
  0x00, 0x3F, 0xFF, 0xFF, 0xFF, 0xF0, 0x00, 0x00, 0x00, 0x00, 0x00,
  0x01, 0xFF, 0xFF, 0xFF, 0xF0, 0x00, 0x00, 0x00, 0x00, 0x00, 0x00,
  0x03, 0xFF, 0xFF, 0xE0, 0x00, 0x00, 0x00, 0x00, 0x00, 0x00, 0x00,
  0x00, 0x38, 0x00, 0x00, 0x00, 0x00, 0x00, 0x00, 0x00, 0x00, 0x1F,
  0xFF, 0x80, 0x00, 0x00, 0x00, 0x00, 0x00, 0x03, 0xFF, 0xF8, 0x00,
  0x00, 0x00, 0x00, 0x00, 0x00, 0x3F, 0xFF, 0xC0, 0x00, 0x00, 0x00,
  0x00, 0x00, 0x07, 0xFF, 0xFC, 0x00, 0x00, 0x00, 0x00, 0x00, 0x00,
  0x7F, 0xFF, 0xE0, 0x00, 0x00, 0x00, 0x00, 0x00, 0x07, 0xFF, 0xFE,
  0x00, 0x00, 0x00, 0x00, 0x00, 0x00, 0xFF, 0xFF, 0xF0, 0x00, 0x00,
  0x00, 0x00, 0x00, 0x0F, 0xFF, 0xFF, 0x00, 0x00, 0x00, 0x00, 0x00,
  0x01, 0xFF, 0xFF, 0xF8, 0x00, 0x00, 0x00, 0x00, 0x00, 0x1F, 0xFF,
  0xFF, 0x80, 0x00, 0x00, 0x00, 0x00, 0x03, 0xFF, 0xFF, 0xFC, 0x00,
  0x00, 0x00, 0x00, 0x00, 0x3F, 0xFF, 0xFF, 0xC0, 0x00, 0x00, 0x00,
  0x00, 0x07, 0xFF, 0xFF, 0xFC, 0x00, 0x00, 0x00, 0x00, 0x00, 0x7F,
  0xFF, 0xFF, 0xE0, 0x00, 0x00, 0x00, 0x00, 0x07, 0xFF, 0xFF, 0xFE,
  0x00, 0x00, 0x00, 0x00, 0x00, 0xFF, 0xF9, 0xFF, 0xF0, 0x00, 0x00,
  0x00, 0x00, 0x0F, 0xFF, 0x9F, 0xFF, 0x00, 0x00, 0x00, 0x00, 0x01,
  0xFF, 0xF1, 0xFF, 0xF8, 0x00, 0x00, 0x00, 0x00, 0x1F, 0xFF, 0x0F,
  0xFF, 0x80, 0x00, 0x00, 0x00, 0x03, 0xFF, 0xE0, 0xFF, 0xFC, 0x00,
  0x00, 0x00, 0x00, 0x3F, 0xFE, 0x07, 0xFF, 0xC0, 0x00, 0x00, 0x00,
  0x07, 0xFF, 0xE0, 0x7F, 0xFC, 0x00, 0x00, 0x00, 0x00, 0x7F, 0xFC,
  0x03, 0xFF, 0xE0, 0x00, 0x00, 0x00, 0x07, 0xFF, 0xC0, 0x3F, 0xFE,
  0x00, 0x00, 0x00, 0x00, 0xFF, 0xF8, 0x03, 0xFF, 0xF0, 0x00, 0x00,
  0x00, 0x0F, 0xFF, 0x80, 0x1F, 0xFF, 0x00, 0x00, 0x00, 0x01, 0xFF,
  0xF0, 0x01, 0xFF, 0xF8, 0x00, 0x00, 0x00, 0x1F, 0xFF, 0x00, 0x0F,
  0xFF, 0x80, 0x00, 0x00, 0x03, 0xFF, 0xE0, 0x00, 0xFF, 0xFC, 0x00,
  0x00, 0x00, 0x3F, 0xFE, 0x00, 0x07, 0xFF, 0xC0, 0x00, 0x00, 0x07,
  0xFF, 0xE0, 0x00, 0x7F, 0xFE, 0x00, 0x00, 0x00, 0x7F, 0xFC, 0x00,
  0x07, 0xFF, 0xE0, 0x00, 0x00, 0x07, 0xFF, 0xC0, 0x00, 0x3F, 0xFE,
  0x00, 0x00, 0x00, 0xFF, 0xF8, 0x00, 0x03, 0xFF, 0xF0, 0x00, 0x00,
  0x0F, 0xFF, 0x80, 0x00, 0x1F, 0xFF, 0x00, 0x00, 0x01, 0xFF, 0xF0,
  0x00, 0x01, 0xFF, 0xF8, 0x00, 0x00, 0x1F, 0xFF, 0xFF, 0xFF, 0xFF,
  0xFF, 0x80, 0x00, 0x03, 0xFF, 0xFF, 0xFF, 0xFF, 0xFF, 0xFC, 0x00,
  0x00, 0x3F, 0xFF, 0xFF, 0xFF, 0xFF, 0xFF, 0xC0, 0x00, 0x07, 0xFF,
  0xFF, 0xFF, 0xFF, 0xFF, 0xFE, 0x00, 0x00, 0x7F, 0xFF, 0xFF, 0xFF,
  0xFF, 0xFF, 0xE0, 0x00, 0x0F, 0xFF, 0xFF, 0xFF, 0xFF, 0xFF, 0xFE,
  0x00, 0x00, 0xFF, 0xFF, 0xFF, 0xFF, 0xFF, 0xFF, 0xF0, 0x00, 0x0F,
  0xFF, 0xFF, 0xFF, 0xFF, 0xFF, 0xFF, 0x00, 0x01, 0xFF, 0xFF, 0xFF,
  0xFF, 0xFF, 0xFF, 0xF8, 0x00, 0x1F, 0xFF, 0xFF, 0xFF, 0xFF, 0xFF,
  0xFF, 0x80, 0x03, 0xFF, 0xFF, 0xFF, 0xFF, 0xFF, 0xFF, 0xFC, 0x00,
  0x3F, 0xFF, 0x00, 0x00, 0x00, 0x0F, 0xFF, 0xC0, 0x07, 0xFF, 0xE0,
  0x00, 0x00, 0x00, 0xFF, 0xFE, 0x00, 0x7F, 0xFE, 0x00, 0x00, 0x00,
  0x07, 0xFF, 0xE0, 0x0F, 0xFF, 0xC0, 0x00, 0x00, 0x00, 0x7F, 0xFE,
  0x00, 0xFF, 0xFC, 0x00, 0x00, 0x00, 0x03, 0xFF, 0xF0, 0x0F, 0xFF,
  0xC0, 0x00, 0x00, 0x00, 0x3F, 0xFF, 0x01, 0xFF, 0xF8, 0x00, 0x00,
  0x00, 0x03, 0xFF, 0xF8, 0x1F, 0xFF, 0x80, 0x00, 0x00, 0x00, 0x1F,
  0xFF, 0x83, 0xFF, 0xF0, 0x00, 0x00, 0x00, 0x01, 0xFF, 0xFC, 0x3F,
  0xFF, 0x00, 0x00, 0x00, 0x00, 0x0F, 0xFF, 0xC7, 0xFF, 0xF0, 0x00,
  0x00, 0x00, 0x00, 0xFF, 0xFE, 0x7F, 0xFE, 0x00, 0x00, 0x00, 0x00,
  0x0F, 0xFF, 0xEF, 0xFF, 0xE0, 0x00, 0x00, 0x00, 0x00, 0x7F, 0xFF,
  0xFF, 0xFF, 0xFF, 0xFF, 0xF8, 0x00, 0x01, 0xFF, 0xFF, 0xFF, 0xFF,
  0xFF, 0x00, 0x03, 0xFF, 0xFF, 0xFF, 0xFF, 0xFF, 0xC0, 0x07, 0xFF,
  0xFF, 0xFF, 0xFF, 0xFF, 0xC0, 0x0F, 0xFF, 0xFF, 0xFF, 0xFF, 0xFF,
  0xE0, 0x1F, 0xFF, 0xFF, 0xFF, 0xFF, 0xFF, 0xE0, 0x3F, 0xFF, 0xFF,
  0xFF, 0xFF, 0xFF, 0xE0, 0x7F, 0xFF, 0xFF, 0xFF, 0xFF, 0xFF, 0xE0,
  0xFF, 0xFF, 0xFF, 0xFF, 0xFF, 0xFF, 0xC1, 0xFF, 0xFF, 0xFF, 0xFF,
  0xFF, 0xFF, 0xC3, 0xFF, 0xFF, 0xFF, 0xFF, 0xFF, 0xFF, 0x87, 0xFF,
  0xE0, 0x00, 0x03, 0xFF, 0xFF, 0x8F, 0xFF, 0xC0, 0x00, 0x01, 0xFF,
  0xFF, 0x1F, 0xFF, 0x80, 0x00, 0x00, 0xFF, 0xFE, 0x3F, 0xFF, 0x00,
  0x00, 0x01, 0xFF, 0xFC, 0x7F, 0xFE, 0x00, 0x00, 0x01, 0xFF, 0xF8,
  0xFF, 0xFC, 0x00, 0x00, 0x03, 0xFF, 0xF1, 0xFF, 0xF8, 0x00, 0x00,
  0x07, 0xFF, 0xE3, 0xFF, 0xF0, 0x00, 0x00, 0x0F, 0xFF, 0xC7, 0xFF,
  0xE0, 0x00, 0x00, 0x1F, 0xFF, 0x8F, 0xFF, 0xC0, 0x00, 0x00, 0x3F,
  0xFF, 0x1F, 0xFF, 0x80, 0x00, 0x00, 0xFF, 0xFC, 0x3F, 0xFF, 0x00,
  0x00, 0x01, 0xFF, 0xF8, 0x7F, 0xFE, 0x00, 0x00, 0x0F, 0xFF, 0xE0,
  0xFF, 0xFC, 0x00, 0x00, 0x7F, 0xFF, 0xC1, 0xFF, 0xFF, 0xFF, 0xFF,
  0xFF, 0xFF, 0x03, 0xFF, 0xFF, 0xFF, 0xFF, 0xFF, 0xFC, 0x07, 0xFF,
  0xFF, 0xFF, 0xFF, 0xFF, 0xF0, 0x0F, 0xFF, 0xFF, 0xFF, 0xFF, 0xFF,
  0xC0, 0x1F, 0xFF, 0xFF, 0xFF, 0xFF, 0xFF, 0x00, 0x3F, 0xFF, 0xFF,
  0xFF, 0xFF, 0xFF, 0xC0, 0x7F, 0xFF, 0xFF, 0xFF, 0xFF, 0xFF, 0xC0,
  0xFF, 0xFF, 0xFF, 0xFF, 0xFF, 0xFF, 0xC1, 0xFF, 0xFF, 0xFF, 0xFF,
  0xFF, 0xFF, 0xC3, 0xFF, 0xFF, 0xFF, 0xFF, 0xFF, 0xFF, 0xC7, 0xFF,
  0xE0, 0x00, 0x00, 0xFF, 0xFF, 0xCF, 0xFF, 0xC0, 0x00, 0x00, 0x3F,
  0xFF, 0xDF, 0xFF, 0x80, 0x00, 0x00, 0x3F, 0xFF, 0xBF, 0xFF, 0x00,
  0x00, 0x00, 0x3F, 0xFF, 0xFF, 0xFE, 0x00, 0x00, 0x00, 0x3F, 0xFF,
  0xFF, 0xFC, 0x00, 0x00, 0x00, 0x7F, 0xFF, 0xFF, 0xF8, 0x00, 0x00,
  0x00, 0xFF, 0xFF, 0xFF, 0xF0, 0x00, 0x00, 0x01, 0xFF, 0xFF, 0xFF,
  0xE0, 0x00, 0x00, 0x03, 0xFF, 0xFF, 0xFF, 0xC0, 0x00, 0x00, 0x07,
  0xFF, 0xFF, 0xFF, 0x80, 0x00, 0x00, 0x1F, 0xFF, 0xFF, 0xFF, 0x00,
  0x00, 0x00, 0x3F, 0xFF, 0xFF, 0xFE, 0x00, 0x00, 0x01, 0xFF, 0xFF,
  0xFF, 0xFC, 0x00, 0x00, 0x1F, 0xFF, 0xFF, 0xFF, 0xFF, 0xFF, 0xFF,
  0xFF, 0xFF, 0xFB, 0xFF, 0xFF, 0xFF, 0xFF, 0xFF, 0xFF, 0xF7, 0xFF,
  0xFF, 0xFF, 0xFF, 0xFF, 0xFF, 0xCF, 0xFF, 0xFF, 0xFF, 0xFF, 0xFF,
  0xFF, 0x9F, 0xFF, 0xFF, 0xFF, 0xFF, 0xFF, 0xFE, 0x3F, 0xFF, 0xFF,
  0xFF, 0xFF, 0xFF, 0xF8, 0x7F, 0xFF, 0xFF, 0xFF, 0xFF, 0xFF, 0xE0,
  0xFF, 0xFF, 0xFF, 0xFF, 0xFF, 0xFF, 0x01, 0xFF, 0xFF, 0xFF, 0xFF,
  0xFF, 0xF8, 0x03, 0xFF, 0xFF, 0xFF, 0xFF, 0xFF, 0x80, 0x07, 0xFF,
  0xFF, 0xFF, 0xFF, 0xE0, 0x00, 0x00, 0x00, 0x00, 0x00, 0x1F, 0xFE,
  0x00, 0x00, 0x00, 0x00, 0x00, 0xFF, 0xFF, 0xFC, 0x00, 0x00, 0x00,
  0x00, 0xFF, 0xFF, 0xFF, 0xE0, 0x00, 0x00, 0x01, 0xFF, 0xFF, 0xFF,
  0xFE, 0x00, 0x00, 0x01, 0xFF, 0xFF, 0xFF, 0xFF, 0xE0, 0x00, 0x00,
  0xFF, 0xFF, 0xFF, 0xFF, 0xFC, 0x00, 0x00, 0xFF, 0xFF, 0xFF, 0xFF,
  0xFF, 0x80, 0x00, 0x7F, 0xFF, 0xFF, 0xFF, 0xFF, 0xF8, 0x00, 0x3F,
  0xFF, 0xFF, 0xFF, 0xFF, 0xFF, 0x00, 0x1F, 0xFF, 0xFF, 0xFF, 0xFF,
  0xFF, 0xE0, 0x0F, 0xFF, 0xFF, 0xFF, 0xFF, 0xFF, 0xFC, 0x07, 0xFF,
  0xFF, 0xFF, 0xFF, 0xFF, 0xFE, 0x03, 0xFF, 0xFF, 0xF8, 0x03, 0xFF,
  0xFF, 0x00, 0xFF, 0xFF, 0xF0, 0x00, 0x1F, 0xFF, 0x80, 0x7F, 0xFF,
  0xF0, 0x00, 0x01, 0xFF, 0xC0, 0x3F, 0xFF, 0xF0, 0x00, 0x00, 0x1F,
  0xE0, 0x0F, 0xFF, 0xF8, 0x00, 0x00, 0x03, 0xF0, 0x07, 0xFF, 0xFC,
  0x00, 0x00, 0x00, 0x70, 0x01, 0xFF, 0xFE, 0x00, 0x00, 0x00, 0x08,
  0x00, 0xFF, 0xFF, 0x00, 0x00, 0x00, 0x00, 0x00, 0x3F, 0xFF, 0x80,
  0x00, 0x00, 0x00, 0x00, 0x0F, 0xFF, 0xE0, 0x00, 0x00, 0x00, 0x00,
  0x07, 0xFF, 0xF0, 0x00, 0x00, 0x00, 0x00, 0x01, 0xFF, 0xFC, 0x00,
  0x00, 0x00, 0x00, 0x00, 0x7F, 0xFE, 0x00, 0x00, 0x00, 0x00, 0x00,
  0x1F, 0xFF, 0x80, 0x00, 0x00, 0x00, 0x00, 0x07, 0xFF, 0xE0, 0x00,
  0x00, 0x00, 0x00, 0x01, 0xFF, 0xF8, 0x00, 0x00, 0x00, 0x00, 0x00,
  0xFF, 0xFE, 0x00, 0x00, 0x00, 0x00, 0x00, 0x3F, 0xFF, 0x80, 0x00,
  0x00, 0x00, 0x00, 0x0F, 0xFF, 0xC0, 0x00, 0x00, 0x00, 0x00, 0x03,
  0xFF, 0xF0, 0x00, 0x00, 0x00, 0x00, 0x00, 0xFF, 0xFC, 0x00, 0x00,
  0x00, 0x00, 0x00, 0x3F, 0xFF, 0x80, 0x00, 0x00, 0x00, 0x00, 0x07,
  0xFF, 0xE0, 0x00, 0x00, 0x00, 0x00, 0x01, 0xFF, 0xF8, 0x00, 0x00,
  0x00, 0x00, 0x00, 0x7F, 0xFE, 0x00, 0x00, 0x00, 0x00, 0x00, 0x1F,
  0xFF, 0x80, 0x00, 0x00, 0x00, 0x00, 0x07, 0xFF, 0xF0, 0x00, 0x00,
  0x00, 0x00, 0x01, 0xFF, 0xFC, 0x00, 0x00, 0x00, 0x00, 0x00, 0x3F,
  0xFF, 0x80, 0x00, 0x00, 0x00, 0x00, 0x0F, 0xFF, 0xE0, 0x00, 0x00,
  0x00, 0x00, 0x03, 0xFF, 0xFC, 0x00, 0x00, 0x00, 0x00, 0x00, 0x7F,
  0xFF, 0x80, 0x00, 0x00, 0x02, 0x00, 0x1F, 0xFF, 0xF0, 0x00, 0x00,
  0x01, 0xE0, 0x03, 0xFF, 0xFE, 0x00, 0x00, 0x00, 0xFC, 0x00, 0xFF,
  0xFF, 0xC0, 0x00, 0x00, 0x7F, 0x80, 0x1F, 0xFF, 0xFC, 0x00, 0x00,
  0x7F, 0xF0, 0x03, 0xFF, 0xFF, 0xC0, 0x00, 0x7F, 0xFE, 0x00, 0xFF,
  0xFF, 0xFE, 0x00, 0xFF, 0xFF, 0xC0, 0x1F, 0xFF, 0xFF, 0xFF, 0xFF,
  0xFF, 0xF8, 0x03, 0xFF, 0xFF, 0xFF, 0xFF, 0xFF, 0xFF, 0x00, 0x7F,
  0xFF, 0xFF, 0xFF, 0xFF, 0xFF, 0x80, 0x0F, 0xFF, 0xFF, 0xFF, 0xFF,
  0xFF, 0xC0, 0x01, 0xFF, 0xFF, 0xFF, 0xFF, 0xFF, 0xE0, 0x00, 0x3F,
  0xFF, 0xFF, 0xFF, 0xFF, 0xF0, 0x00, 0x03, 0xFF, 0xFF, 0xFF, 0xFF,
  0xF0, 0x00, 0x00, 0x7F, 0xFF, 0xFF, 0xFF, 0xF8, 0x00, 0x00, 0x07,
  0xFF, 0xFF, 0xFF, 0xF8, 0x00, 0x00, 0x00, 0x7F, 0xFF, 0xFF, 0xF8,
  0x00, 0x00, 0x00, 0x03, 0xFF, 0xFF, 0xF0, 0x00, 0x00, 0x00, 0x00,
  0x07, 0xFF, 0xC0, 0x00, 0x00, 0xFF, 0xFF, 0xFF, 0xFF, 0xE0, 0x00,
  0x00, 0x07, 0xFF, 0xFF, 0xFF, 0xFF, 0xF0, 0x00, 0x00, 0x3F, 0xFF,
  0xFF, 0xFF, 0xFF, 0xF0, 0x00, 0x01, 0xFF, 0xFF, 0xFF, 0xFF, 0xFF,
  0xE0, 0x00, 0x0F, 0xFF, 0xFF, 0xFF, 0xFF, 0xFF, 0xC0, 0x00, 0x7F,
  0xFF, 0xFF, 0xFF, 0xFF, 0xFF, 0x80, 0x03, 0xFF, 0xFF, 0xFF, 0xFF,
  0xFF, 0xFE, 0x00, 0x1F, 0xFF, 0xFF, 0xFF, 0xFF, 0xFF, 0xFC, 0x00,
  0xFF, 0xFF, 0xFF, 0xFF, 0xFF, 0xFF, 0xF0, 0x07, 0xFF, 0xFF, 0xFF,
  0xFF, 0xFF, 0xFF, 0xC0, 0x3F, 0xFF, 0xFF, 0xFF, 0xFF, 0xFF, 0xFF,
  0x01, 0xFF, 0xF8, 0x00, 0x01, 0xFF, 0xFF, 0xFC, 0x0F, 0xFF, 0xC0,
  0x00, 0x01, 0xFF, 0xFF, 0xE0, 0x7F, 0xFE, 0x00, 0x00, 0x03, 0xFF,
  0xFF, 0x83, 0xFF, 0xF0, 0x00, 0x00, 0x07, 0xFF, 0xFE, 0x1F, 0xFF,
  0x80, 0x00, 0x00, 0x1F, 0xFF, 0xF0, 0xFF, 0xFC, 0x00, 0x00, 0x00,
  0x3F, 0xFF, 0xC7, 0xFF, 0xE0, 0x00, 0x00, 0x01, 0xFF, 0xFE, 0x3F,
  0xFF, 0x00, 0x00, 0x00, 0x07, 0xFF, 0xF9, 0xFF, 0xF8, 0x00, 0x00,
  0x00, 0x1F, 0xFF, 0xCF, 0xFF, 0xC0, 0x00, 0x00, 0x00, 0xFF, 0xFE,
  0x7F, 0xFE, 0x00, 0x00, 0x00, 0x03, 0xFF, 0xFB, 0xFF, 0xF0, 0x00,
  0x00, 0x00, 0x1F, 0xFF, 0xDF, 0xFF, 0x80, 0x00, 0x00, 0x00, 0x7F,
  0xFE, 0xFF, 0xFC, 0x00, 0x00, 0x00, 0x03, 0xFF, 0xF7, 0xFF, 0xE0,
  0x00, 0x00, 0x00, 0x1F, 0xFF, 0xBF, 0xFF, 0x00, 0x00, 0x00, 0x00,
  0xFF, 0xFF, 0xFF, 0xF8, 0x00, 0x00, 0x00, 0x07, 0xFF, 0xFF, 0xFF,
  0xC0, 0x00, 0x00, 0x00, 0x1F, 0xFF, 0xFF, 0xFE, 0x00, 0x00, 0x00,
  0x00, 0xFF, 0xFF, 0xFF, 0xF0, 0x00, 0x00, 0x00, 0x07, 0xFF, 0xFF,
  0xFF, 0x80, 0x00, 0x00, 0x00, 0x3F, 0xFF, 0xFF, 0xFC, 0x00, 0x00,
  0x00, 0x03, 0xFF, 0xFF, 0xFF, 0xE0, 0x00, 0x00, 0x00, 0x1F, 0xFF,
  0xFF, 0xFF, 0x00, 0x00, 0x00, 0x00, 0xFF, 0xFD, 0xFF, 0xF8, 0x00,
  0x00, 0x00, 0x07, 0xFF, 0xEF, 0xFF, 0xC0, 0x00, 0x00, 0x00, 0x3F,
  0xFF, 0x7F, 0xFE, 0x00, 0x00, 0x00, 0x03, 0xFF, 0xFB, 0xFF, 0xF0,
  0x00, 0x00, 0x00, 0x1F, 0xFF, 0xDF, 0xFF, 0x80, 0x00, 0x00, 0x01,
  0xFF, 0xFC, 0xFF, 0xFC, 0x00, 0x00, 0x00, 0x0F, 0xFF, 0xE7, 0xFF,
  0xE0, 0x00, 0x00, 0x00, 0xFF, 0xFF, 0x3F, 0xFF, 0x00, 0x00, 0x00,
  0x0F, 0xFF, 0xF1, 0xFF, 0xF8, 0x00, 0x00, 0x00, 0x7F, 0xFF, 0x8F,
  0xFF, 0xC0, 0x00, 0x00, 0x0F, 0xFF, 0xF8, 0x7F, 0xFE, 0x00, 0x00,
  0x00, 0xFF, 0xFF, 0xC3, 0xFF, 0xF0, 0x00, 0x00, 0x0F, 0xFF, 0xFC,
  0x1F, 0xFF, 0x80, 0x00, 0x03, 0xFF, 0xFF, 0xC0, 0xFF, 0xFC, 0x00,
  0x00, 0xFF, 0xFF, 0xFE, 0x07, 0xFF, 0xFF, 0xFF, 0xFF, 0xFF, 0xFF,
  0xE0, 0x3F, 0xFF, 0xFF, 0xFF, 0xFF, 0xFF, 0xFE, 0x01, 0xFF, 0xFF,
  0xFF, 0xFF, 0xFF, 0xFF, 0xE0, 0x0F, 0xFF, 0xFF, 0xFF, 0xFF, 0xFF,
  0xFE, 0x00, 0x7F, 0xFF, 0xFF, 0xFF, 0xFF, 0xFF, 0xC0, 0x03, 0xFF,
  0xFF, 0xFF, 0xFF, 0xFF, 0xFC, 0x00, 0x1F, 0xFF, 0xFF, 0xFF, 0xFF,
  0xFF, 0x80, 0x00, 0xFF, 0xFF, 0xFF, 0xFF, 0xFF, 0xF0, 0x00, 0x07,
  0xFF, 0xFF, 0xFF, 0xFF, 0xFE, 0x00, 0x00, 0x3F, 0xFF, 0xFF, 0xFF,
  0xFF, 0x80, 0x00, 0x01, 0xFF, 0xFF, 0xFF, 0xFF, 0xC0, 0x00, 0x00,
  0x00, 0xFF, 0xFF, 0xFF, 0xFF, 0xFF, 0xFD, 0xFF, 0xFF, 0xFF, 0xFF,
  0xFF, 0xFB, 0xFF, 0xFF, 0xFF, 0xFF, 0xFF, 0xF7, 0xFF, 0xFF, 0xFF,
  0xFF, 0xFF, 0xEF, 0xFF, 0xFF, 0xFF, 0xFF, 0xFF, 0xDF, 0xFF, 0xFF,
  0xFF, 0xFF, 0xFF, 0xBF, 0xFF, 0xFF, 0xFF, 0xFF, 0xFF, 0x7F, 0xFF,
  0xFF, 0xFF, 0xFF, 0xFE, 0xFF, 0xFF, 0xFF, 0xFF, 0xFF, 0xFD, 0xFF,
  0xFF, 0xFF, 0xFF, 0xFF, 0xFB, 0xFF, 0xFF, 0xFF, 0xFF, 0xFF, 0xF7,
  0xFF, 0xE0, 0x00, 0x00, 0x00, 0x0F, 0xFF, 0xC0, 0x00, 0x00, 0x00,
  0x1F, 0xFF, 0x80, 0x00, 0x00, 0x00, 0x3F, 0xFF, 0x00, 0x00, 0x00,
  0x00, 0x7F, 0xFE, 0x00, 0x00, 0x00, 0x00, 0xFF, 0xFC, 0x00, 0x00,
  0x00, 0x01, 0xFF, 0xF8, 0x00, 0x00, 0x00, 0x03, 0xFF, 0xF0, 0x00,
  0x00, 0x00, 0x07, 0xFF, 0xE0, 0x00, 0x00, 0x00, 0x0F, 0xFF, 0xC0,
  0x00, 0x00, 0x00, 0x1F, 0xFF, 0x80, 0x00, 0x00, 0x00, 0x3F, 0xFF,
  0x00, 0x00, 0x00, 0x00, 0x7F, 0xFE, 0x00, 0x00, 0x00, 0x00, 0xFF,
  0xFF, 0xFF, 0xFF, 0xFF, 0xC1, 0xFF, 0xFF, 0xFF, 0xFF, 0xFF, 0x83,
  0xFF, 0xFF, 0xFF, 0xFF, 0xFF, 0x07, 0xFF, 0xFF, 0xFF, 0xFF, 0xFE,
  0x0F, 0xFF, 0xFF, 0xFF, 0xFF, 0xFC, 0x1F, 0xFF, 0xFF, 0xFF, 0xFF,
  0xF8, 0x3F, 0xFF, 0xFF, 0xFF, 0xFF, 0xF0, 0x7F, 0xFF, 0xFF, 0xFF,
  0xFF, 0xE0, 0xFF, 0xFF, 0xFF, 0xFF, 0xFF, 0xC1, 0xFF, 0xFF, 0xFF,
  0xFF, 0xFF, 0x83, 0xFF, 0xFF, 0xFF, 0xFF, 0xFF, 0x07, 0xFF, 0xE0,
  0x00, 0x00, 0x00, 0x0F, 0xFF, 0xC0, 0x00, 0x00, 0x00, 0x1F, 0xFF,
  0x80, 0x00, 0x00, 0x00, 0x3F, 0xFF, 0x00, 0x00, 0x00, 0x00, 0x7F,
  0xFE, 0x00, 0x00, 0x00, 0x00, 0xFF, 0xFC, 0x00, 0x00, 0x00, 0x01,
  0xFF, 0xF8, 0x00, 0x00, 0x00, 0x03, 0xFF, 0xF0, 0x00, 0x00, 0x00,
  0x07, 0xFF, 0xE0, 0x00, 0x00, 0x00, 0x0F, 0xFF, 0xC0, 0x00, 0x00,
  0x00, 0x1F, 0xFF, 0x80, 0x00, 0x00, 0x00, 0x3F, 0xFF, 0x00, 0x00,
  0x00, 0x00, 0x7F, 0xFE, 0x00, 0x00, 0x00, 0x00, 0xFF, 0xFC, 0x00,
  0x00, 0x00, 0x01, 0xFF, 0xFF, 0xFF, 0xFF, 0xFF, 0xFF, 0xFF, 0xFF,
  0xFF, 0xFF, 0xFF, 0xFF, 0xFF, 0xFF, 0xFF, 0xFF, 0xFF, 0xFF, 0xFF,
  0xFF, 0xFF, 0xFF, 0xFF, 0xFF, 0xFF, 0xFF, 0xFF, 0xFF, 0xFF, 0xFF,
  0xFF, 0xFF, 0xFF, 0xFF, 0xFF, 0xFF, 0xFF, 0xFF, 0xFF, 0xFF, 0xFF,
  0xFF, 0xFF, 0xFF, 0xFF, 0xFF, 0xFF, 0xFF, 0xFF, 0xFF, 0xFF, 0xFF,
  0xFF, 0xFF, 0xFF, 0xFF, 0xFF, 0xFF, 0xFF, 0xFF, 0xFF, 0xFF, 0xFF,
  0xFF, 0xF0, 0xFF, 0xFF, 0xFF, 0xFF, 0xFF, 0xFF, 0xFF, 0xFF, 0xFF,
  0xFF, 0xFF, 0xFF, 0xFF, 0xFF, 0xFF, 0xFF, 0xFF, 0xFF, 0xFF, 0xFF,
  0xFF, 0xFF, 0xFF, 0xFF, 0xFF, 0xFF, 0xFF, 0xFF, 0xFF, 0xFF, 0xFF,
  0xFF, 0xFF, 0xFF, 0xFF, 0xFF, 0xFF, 0xFF, 0xFF, 0xFF, 0xFF, 0xFF,
  0xFF, 0xFF, 0xFF, 0xFF, 0xFF, 0xFF, 0xFF, 0xFF, 0xFF, 0xFF, 0xFF,
  0xFF, 0xFF, 0xFF, 0xFF, 0xFF, 0xFF, 0xFF, 0xFF, 0xFF, 0xFF, 0xFF,
  0xFF, 0x00, 0x00, 0x00, 0x00, 0xFF, 0xFC, 0x00, 0x00, 0x00, 0x03,
  0xFF, 0xF0, 0x00, 0x00, 0x00, 0x0F, 0xFF, 0xC0, 0x00, 0x00, 0x00,
  0x3F, 0xFF, 0x00, 0x00, 0x00, 0x00, 0xFF, 0xFC, 0x00, 0x00, 0x00,
  0x03, 0xFF, 0xF0, 0x00, 0x00, 0x00, 0x0F, 0xFF, 0xC0, 0x00, 0x00,
  0x00, 0x3F, 0xFF, 0x00, 0x00, 0x00, 0x00, 0xFF, 0xFC, 0x00, 0x00,
  0x00, 0x03, 0xFF, 0xF0, 0x00, 0x00, 0x00, 0x0F, 0xFF, 0xC0, 0x00,
  0x00, 0x00, 0x3F, 0xFF, 0x00, 0x00, 0x00, 0x00, 0xFF, 0xFC, 0x00,
  0x00, 0x00, 0x03, 0xFF, 0xF0, 0x00, 0x00, 0x00, 0x0F, 0xFF, 0xC0,
  0x00, 0x00, 0x00, 0x3F, 0xFF, 0xFF, 0xFF, 0xFF, 0xF0, 0xFF, 0xFF,
  0xFF, 0xFF, 0xFF, 0xC3, 0xFF, 0xFF, 0xFF, 0xFF, 0xFF, 0x0F, 0xFF,
  0xFF, 0xFF, 0xFF, 0xFC, 0x3F, 0xFF, 0xFF, 0xFF, 0xFF, 0xF0, 0xFF,
  0xFF, 0xFF, 0xFF, 0xFF, 0xC3, 0xFF, 0xFF, 0xFF, 0xFF, 0xFF, 0x0F,
  0xFF, 0xFF, 0xFF, 0xFF, 0xFC, 0x3F, 0xFF, 0xFF, 0xFF, 0xFF, 0xF0,
  0xFF, 0xFF, 0xFF, 0xFF, 0xFF, 0xC3, 0xFF, 0xFF, 0xFF, 0xFF, 0xFF,
  0x0F, 0xFF, 0xC0, 0x00, 0x00, 0x00, 0x3F, 0xFF, 0x00, 0x00, 0x00,
  0x00, 0xFF, 0xFC, 0x00, 0x00, 0x00, 0x03, 0xFF, 0xF0, 0x00, 0x00,
  0x00, 0x0F, 0xFF, 0xC0, 0x00, 0x00, 0x00, 0x3F, 0xFF, 0x00, 0x00,
  0x00, 0x00, 0xFF, 0xFC, 0x00, 0x00, 0x00, 0x03, 0xFF, 0xF0, 0x00,
  0x00, 0x00, 0x0F, 0xFF, 0xC0, 0x00, 0x00, 0x00, 0x3F, 0xFF, 0x00,
  0x00, 0x00, 0x00, 0xFF, 0xFC, 0x00, 0x00, 0x00, 0x03, 0xFF, 0xF0,
  0x00, 0x00, 0x00, 0x0F, 0xFF, 0xC0, 0x00, 0x00, 0x00, 0x3F, 0xFF,
  0x00, 0x00, 0x00, 0x00, 0xFF, 0xFC, 0x00, 0x00, 0x00, 0x03, 0xFF,
  0xF0, 0x00, 0x00, 0x00, 0x0F, 0xFF, 0xC0, 0x00, 0x00, 0x00, 0x3F,
  0xFF, 0x00, 0x00, 0x00, 0x00, 0xFF, 0xFC, 0x00, 0x00, 0x00, 0x03,
  0xFF, 0xF0, 0x00, 0x00, 0x00, 0x0F, 0xFF, 0xC0, 0x00, 0x00, 0x00,
  0x3F, 0xFF, 0x00, 0x00, 0x00, 0x00, 0x00, 0x00, 0x00, 0x1F, 0xFF,
  0x00, 0x00, 0x00, 0x00, 0x00, 0x3F, 0xFF, 0xFE, 0x00, 0x00, 0x00,
  0x00, 0x3F, 0xFF, 0xFF, 0xF8, 0x00, 0x00, 0x00, 0x3F, 0xFF, 0xFF,
  0xFF, 0xE0, 0x00, 0x00, 0x0F, 0xFF, 0xFF, 0xFF, 0xFE, 0x00, 0x00,
  0x07, 0xFF, 0xFF, 0xFF, 0xFF, 0xF0, 0x00, 0x03, 0xFF, 0xFF, 0xFF,
  0xFF, 0xFF, 0x00, 0x00, 0xFF, 0xFF, 0xFF, 0xFF, 0xFF, 0xF8, 0x00,
  0x3F, 0xFF, 0xFF, 0xFF, 0xFF, 0xFF, 0x80, 0x0F, 0xFF, 0xFF, 0xFF,
  0xFF, 0xFF, 0xF8, 0x03, 0xFF, 0xFF, 0xFF, 0xFF, 0xFF, 0xFF, 0x80,
  0xFF, 0xFF, 0xFF, 0xFF, 0xFF, 0xFF, 0xE0, 0x3F, 0xFF, 0xFF, 0x80,
  0x1F, 0xFF, 0xF8, 0x07, 0xFF, 0xFF, 0x80, 0x00, 0x7F, 0xFC, 0x01,
  0xFF, 0xFF, 0xC0, 0x00, 0x03, 0xFF, 0x00, 0x7F, 0xFF, 0xE0, 0x00,
  0x00, 0x1F, 0xC0, 0x0F, 0xFF, 0xF8, 0x00, 0x00, 0x01, 0xF0, 0x03,
  0xFF, 0xFE, 0x00, 0x00, 0x00, 0x1C, 0x00, 0x7F, 0xFF, 0x80, 0x00,
  0x00, 0x01, 0x00, 0x1F, 0xFF, 0xE0, 0x00, 0x00, 0x00, 0x00, 0x03,
  0xFF, 0xF8, 0x00, 0x00, 0x00, 0x00, 0x00, 0x7F, 0xFF, 0x00, 0x00,
  0x00, 0x00, 0x00, 0x1F, 0xFF, 0xC0, 0x00, 0x00, 0x00, 0x00, 0x03,
  0xFF, 0xF8, 0x00, 0x00, 0x00, 0x00, 0x00, 0x7F, 0xFE, 0x00, 0x00,
  0x00, 0x00, 0x00, 0x0F, 0xFF, 0xC0, 0x00, 0x00, 0x00, 0x00, 0x01,
  0xFF, 0xF8, 0x00, 0x00, 0x00, 0x00, 0x00, 0x3F, 0xFF, 0x00, 0x00,
  0x00, 0x00, 0x00, 0x0F, 0xFF, 0xE0, 0x00, 0x00, 0x00, 0x00, 0x01,
  0xFF, 0xFC, 0x00, 0x00, 0x00, 0x00, 0x00, 0x3F, 0xFF, 0x00, 0x00,
  0x00, 0x01, 0xFF, 0xF7, 0xFF, 0xE0, 0x00, 0x00, 0x00, 0x3F, 0xFE,
  0xFF, 0xFC, 0x00, 0x00, 0x00, 0x07, 0xFF, 0xDF, 0xFF, 0xC0, 0x00,
  0x00, 0x00, 0xFF, 0xF9, 0xFF, 0xF8, 0x00, 0x00, 0x00, 0x1F, 0xFF,
  0x3F, 0xFF, 0x00, 0x00, 0x00, 0x03, 0xFF, 0xE7, 0xFF, 0xE0, 0x00,
  0x00, 0x00, 0x7F, 0xFC, 0xFF, 0xFC, 0x00, 0x00, 0x00, 0x0F, 0xFF,
  0x9F, 0xFF, 0xC0, 0x00, 0x00, 0x01, 0xFF, 0xF3, 0xFF, 0xF8, 0x00,
  0x00, 0x00, 0x3F, 0xFE, 0x3F, 0xFF, 0x80, 0x00, 0x00, 0x07, 0xFF,
  0xC7, 0xFF, 0xF0, 0x00, 0x00, 0x00, 0xFF, 0xF8, 0xFF, 0xFF, 0x00,
  0x00, 0x00, 0x1F, 0xFF, 0x0F, 0xFF, 0xF0, 0x00, 0x00, 0x03, 0xFF,
  0xE1, 0xFF, 0xFF, 0x00, 0x00, 0x00, 0x7F, 0xFC, 0x1F, 0xFF, 0xF0,
  0x00, 0x00, 0x0F, 0xFF, 0x83, 0xFF, 0xFF, 0x00, 0x00, 0x01, 0xFF,
  0xF0, 0x3F, 0xFF, 0xF8, 0x00, 0x00, 0x3F, 0xFE, 0x03, 0xFF, 0xFF,
  0xC0, 0x00, 0x1F, 0xFF, 0xC0, 0x7F, 0xFF, 0xFF, 0x00, 0x3F, 0xFF,
  0xF8, 0x07, 0xFF, 0xFF, 0xFF, 0xFF, 0xFF, 0xFF, 0x00, 0x7F, 0xFF,
  0xFF, 0xFF, 0xFF, 0xFF, 0xE0, 0x07, 0xFF, 0xFF, 0xFF, 0xFF, 0xFF,
  0xFC, 0x00, 0x7F, 0xFF, 0xFF, 0xFF, 0xFF, 0xFF, 0x80, 0x07, 0xFF,
  0xFF, 0xFF, 0xFF, 0xFF, 0xE0, 0x00, 0x7F, 0xFF, 0xFF, 0xFF, 0xFF,
  0xF8, 0x00, 0x03, 0xFF, 0xFF, 0xFF, 0xFF, 0xFC, 0x00, 0x00, 0x3F,
  0xFF, 0xFF, 0xFF, 0xFF, 0x00, 0x00, 0x01, 0xFF, 0xFF, 0xFF, 0xFF,
  0x00, 0x00, 0x00, 0x07, 0xFF, 0xFF, 0xFF, 0x80, 0x00, 0x00, 0x00,
  0x3F, 0xFF, 0xFF, 0x80, 0x00, 0x00, 0x00, 0x00, 0x3F, 0xFE, 0x00,
  0x00, 0x00, 0xFF, 0xFC, 0x00, 0x00, 0x00, 0x7F, 0xFF, 0xFF, 0xF8,
  0x00, 0x00, 0x00, 0xFF, 0xFF, 0xFF, 0xF0, 0x00, 0x00, 0x01, 0xFF,
  0xFF, 0xFF, 0xE0, 0x00, 0x00, 0x03, 0xFF, 0xFF, 0xFF, 0xC0, 0x00,
  0x00, 0x07, 0xFF, 0xFF, 0xFF, 0x80, 0x00, 0x00, 0x0F, 0xFF, 0xFF,
  0xFF, 0x00, 0x00, 0x00, 0x1F, 0xFF, 0xFF, 0xFE, 0x00, 0x00, 0x00,
  0x3F, 0xFF, 0xFF, 0xFC, 0x00, 0x00, 0x00, 0x7F, 0xFF, 0xFF, 0xF8,
  0x00, 0x00, 0x00, 0xFF, 0xFF, 0xFF, 0xF0, 0x00, 0x00, 0x01, 0xFF,
  0xFF, 0xFF, 0xE0, 0x00, 0x00, 0x03, 0xFF, 0xFF, 0xFF, 0xC0, 0x00,
  0x00, 0x07, 0xFF, 0xFF, 0xFF, 0x80, 0x00, 0x00, 0x0F, 0xFF, 0xFF,
  0xFF, 0x00, 0x00, 0x00, 0x1F, 0xFF, 0xFF, 0xFE, 0x00, 0x00, 0x00,
  0x3F, 0xFF, 0xFF, 0xFC, 0x00, 0x00, 0x00, 0x7F, 0xFF, 0xFF, 0xF8,
  0x00, 0x00, 0x00, 0xFF, 0xFF, 0xFF, 0xF0, 0x00, 0x00, 0x01, 0xFF,
  0xFF, 0xFF, 0xE0, 0x00, 0x00, 0x03, 0xFF, 0xFF, 0xFF, 0xC0, 0x00,
  0x00, 0x07, 0xFF, 0xFF, 0xFF, 0x80, 0x00, 0x00, 0x0F, 0xFF, 0xFF,
  0xFF, 0x00, 0x00, 0x00, 0x1F, 0xFF, 0xFF, 0xFF, 0xFF, 0xFF, 0xFF,
  0xFF, 0xFF, 0xFF, 0xFF, 0xFF, 0xFF, 0xFF, 0xFF, 0xFF, 0xFF, 0xFF,
  0xFF, 0xFF, 0xFF, 0xFF, 0xFF, 0xFF, 0xFF, 0xFF, 0xFF, 0xFF, 0xFF,
  0xFF, 0xFF, 0xFF, 0xFF, 0xFF, 0xFF, 0xFF, 0xFF, 0xFF, 0xFF, 0xFF,
  0xFF, 0xFF, 0xFF, 0xFF, 0xFF, 0xFF, 0xFF, 0xFF, 0xFF, 0xFF, 0xFF,
  0xFF, 0xFF, 0xFF, 0xFF, 0xFF, 0xFF, 0xFF, 0xFF, 0xFF, 0xFF, 0xFF,
  0xFF, 0xFF, 0xFF, 0xFF, 0xFF, 0xFF, 0xFF, 0xFF, 0xFF, 0xFF, 0xFF,
  0xFF, 0xFF, 0xFF, 0xFF, 0xFF, 0xFF, 0xFF, 0xFF, 0xFF, 0xFF, 0xFF,
  0xFF, 0xFF, 0xE0, 0x00, 0x00, 0x03, 0xFF, 0xFF, 0xFF, 0xC0, 0x00,
  0x00, 0x07, 0xFF, 0xFF, 0xFF, 0x80, 0x00, 0x00, 0x0F, 0xFF, 0xFF,
  0xFF, 0x00, 0x00, 0x00, 0x1F, 0xFF, 0xFF, 0xFE, 0x00, 0x00, 0x00,
  0x3F, 0xFF, 0xFF, 0xFC, 0x00, 0x00, 0x00, 0x7F, 0xFF, 0xFF, 0xF8,
  0x00, 0x00, 0x00, 0xFF, 0xFF, 0xFF, 0xF0, 0x00, 0x00, 0x01, 0xFF,
  0xFF, 0xFF, 0xE0, 0x00, 0x00, 0x03, 0xFF, 0xFF, 0xFF, 0xC0, 0x00,
  0x00, 0x07, 0xFF, 0xFF, 0xFF, 0x80, 0x00, 0x00, 0x0F, 0xFF, 0xFF,
  0xFF, 0x00, 0x00, 0x00, 0x1F, 0xFF, 0xFF, 0xFE, 0x00, 0x00, 0x00,
  0x3F, 0xFF, 0xFF, 0xFC, 0x00, 0x00, 0x00, 0x7F, 0xFF, 0xFF, 0xF8,
  0x00, 0x00, 0x00, 0xFF, 0xFF, 0xFF, 0xF0, 0x00, 0x00, 0x01, 0xFF,
  0xFF, 0xFF, 0xE0, 0x00, 0x00, 0x03, 0xFF, 0xFF, 0xFF, 0xC0, 0x00,
  0x00, 0x07, 0xFF, 0xFF, 0xFF, 0x80, 0x00, 0x00, 0x0F, 0xFF, 0xFF,
  0xFF, 0x00, 0x00, 0x00, 0x1F, 0xFF, 0xFF, 0xFE, 0x00, 0x00, 0x00,
  0x3F, 0xFF, 0xFF, 0xFC, 0x00, 0x00, 0x00, 0x7F, 0xFF, 0xFF, 0xF8,
  0x00, 0x00, 0x00, 0xFF, 0xFF, 0xFF, 0xF0, 0x00, 0x00, 0x01, 0xFF,
  0xFF, 0xFF, 0xE0, 0x00, 0x00, 0x03, 0xFF, 0xF0, 0xFF, 0xFF, 0xFF,
  0xFF, 0xFF, 0xFF, 0xFF, 0xFF, 0xFF, 0xFF, 0xFF, 0xFF, 0xFF, 0xFF,
  0xFF, 0xFF, 0xFF, 0xFF, 0xFF, 0xFF, 0xFF, 0xFF, 0xFF, 0xFF, 0xFF,
  0xFF, 0xFF, 0xFF, 0xFF, 0xFF, 0xFF, 0xFF, 0xFF, 0xFF, 0xFF, 0xFF,
  0xFF, 0xFF, 0xFF, 0xFF, 0xFF, 0xFF, 0xFF, 0xFF, 0xFF, 0xFF, 0xFF,
  0xFF, 0xFF, 0xFF, 0xFF, 0xFF, 0xFF, 0xFF, 0xFF, 0xFF, 0xFF, 0xFF,
  0xFF, 0xFF, 0xFF, 0xFF, 0xFF, 0xFF, 0xFF, 0xFF, 0xFF, 0xFF, 0xFF,
  0xFF, 0xFF, 0xFF, 0xFF, 0xFF, 0xFF, 0xFF, 0xFF, 0xFF, 0xFF, 0xFF,
  0xFF, 0xFF, 0xFF, 0xFF, 0xFF, 0xFF, 0xFF, 0xFF, 0xFF, 0xFF, 0xFF,
  0xFF, 0xFF, 0xFF, 0xFF, 0xFF, 0xFF, 0xFF, 0xFF, 0xFF, 0xFF, 0xFF,
  0xFF, 0xFF, 0xFF, 0x03, 0xFF, 0xFF, 0xFF, 0xFF, 0x81, 0xFF, 0xFF,
  0xFF, 0xFF, 0xC0, 0xFF, 0xFF, 0xFF, 0xFF, 0xE0, 0x7F, 0xFF, 0xFF,
  0xFF, 0xF0, 0x3F, 0xFF, 0xFF, 0xFF, 0xF8, 0x1F, 0xFF, 0xFF, 0xFF,
  0xFC, 0x0F, 0xFF, 0xFF, 0xFF, 0xFE, 0x07, 0xFF, 0xFF, 0xFF, 0xFF,
  0x03, 0xFF, 0xFF, 0xFF, 0xFF, 0x81, 0xFF, 0xFF, 0xFF, 0xFF, 0xC0,
  0xFF, 0xFF, 0xFF, 0xFF, 0xE0, 0x00, 0x00, 0x03, 0xFF, 0xF0, 0x00,
  0x00, 0x01, 0xFF, 0xF8, 0x00, 0x00, 0x00, 0xFF, 0xFC, 0x00, 0x00,
  0x00, 0x7F, 0xFE, 0x00, 0x00, 0x00, 0x3F, 0xFF, 0x00, 0x00, 0x00,
  0x1F, 0xFF, 0x80, 0x00, 0x00, 0x0F, 0xFF, 0xC0, 0x00, 0x00, 0x07,
  0xFF, 0xE0, 0x00, 0x00, 0x03, 0xFF, 0xF0, 0x00, 0x00, 0x01, 0xFF,
  0xF8, 0x00, 0x00, 0x00, 0xFF, 0xFC, 0x00, 0x00, 0x00, 0x7F, 0xFE,
  0x00, 0x00, 0x00, 0x3F, 0xFF, 0x00, 0x00, 0x00, 0x1F, 0xFF, 0x80,
  0x00, 0x00, 0x0F, 0xFF, 0xC0, 0x00, 0x00, 0x07, 0xFF, 0xE0, 0x00,
  0x00, 0x03, 0xFF, 0xF0, 0x00, 0x00, 0x01, 0xFF, 0xF8, 0x00, 0x00,
  0x00, 0xFF, 0xFC, 0x00, 0x00, 0x00, 0x7F, 0xFE, 0x00, 0x00, 0x00,
  0x3F, 0xFF, 0x00, 0x00, 0x00, 0x1F, 0xFF, 0x80, 0x00, 0x00, 0x0F,
  0xFF, 0xC0, 0x00, 0x00, 0x07, 0xFF, 0xE0, 0x00, 0x00, 0x03, 0xFF,
  0xF0, 0x00, 0x00, 0x01, 0xFF, 0xF8, 0x00, 0x00, 0x00, 0xFF, 0xFC,
  0x00, 0x00, 0x00, 0x7F, 0xFE, 0x00, 0x00, 0x00, 0x3F, 0xFF, 0x00,
  0x00, 0x00, 0x1F, 0xFF, 0x80, 0x00, 0x00, 0x0F, 0xFF, 0xC0, 0x00,
  0x00, 0x07, 0xFF, 0xE0, 0x20, 0x00, 0x03, 0xFF, 0xF0, 0x30, 0x00,
  0x03, 0xFF, 0xF0, 0x1C, 0x00, 0x01, 0xFF, 0xF8, 0x1F, 0x00, 0x00,
  0xFF, 0xFC, 0x1F, 0xC0, 0x00, 0xFF, 0xFE, 0x1F, 0xF8, 0x00, 0xFF,
  0xFF, 0x1F, 0xFF, 0x01, 0xFF, 0xFF, 0x1F, 0xFF, 0xFF, 0xFF, 0xFF,
  0x8F, 0xFF, 0xFF, 0xFF, 0xFF, 0x8F, 0xFF, 0xFF, 0xFF, 0xFF, 0xC7,
  0xFF, 0xFF, 0xFF, 0xFF, 0xC1, 0xFF, 0xFF, 0xFF, 0xFF, 0xC0, 0x7F,
  0xFF, 0xFF, 0xFF, 0xC0, 0x0F, 0xFF, 0xFF, 0xFF, 0xC0, 0x03, 0xFF,
  0xFF, 0xFF, 0xC0, 0x00, 0x7F, 0xFF, 0xFF, 0x80, 0x00, 0x07, 0xFF,
  0xFF, 0x00, 0x00, 0x00, 0x7F, 0xF8, 0x00, 0x00, 0xFF, 0xFC, 0x00,
  0x00, 0x00, 0xFF, 0xFF, 0x3F, 0xFF, 0x00, 0x00, 0x00, 0x7F, 0xFF,
  0x8F, 0xFF, 0xC0, 0x00, 0x00, 0x3F, 0xFF, 0xC3, 0xFF, 0xF0, 0x00,
  0x00, 0x1F, 0xFF, 0xE0, 0xFF, 0xFC, 0x00, 0x00, 0x0F, 0xFF, 0xF0,
  0x3F, 0xFF, 0x00, 0x00, 0x07, 0xFF, 0xF8, 0x0F, 0xFF, 0xC0, 0x00,
  0x01, 0xFF, 0xFC, 0x03, 0xFF, 0xF0, 0x00, 0x00, 0xFF, 0xFE, 0x00,
  0xFF, 0xFC, 0x00, 0x00, 0x7F, 0xFF, 0x00, 0x3F, 0xFF, 0x00, 0x00,
  0x3F, 0xFF, 0x80, 0x0F, 0xFF, 0xC0, 0x00, 0x1F, 0xFF, 0xC0, 0x03,
  0xFF, 0xF0, 0x00, 0x0F, 0xFF, 0xF0, 0x00, 0xFF, 0xFC, 0x00, 0x07,
  0xFF, 0xF8, 0x00, 0x3F, 0xFF, 0x00, 0x03, 0xFF, 0xFC, 0x00, 0x0F,
  0xFF, 0xC0, 0x01, 0xFF, 0xFE, 0x00, 0x03, 0xFF, 0xF0, 0x00, 0xFF,
  0xFF, 0x00, 0x00, 0xFF, 0xFC, 0x00, 0x7F, 0xFF, 0x80, 0x00, 0x3F,
  0xFF, 0x00, 0x3F, 0xFF, 0xC0, 0x00, 0x0F, 0xFF, 0xC0, 0x1F, 0xFF,
  0xE0, 0x00, 0x03, 0xFF, 0xF0, 0x0F, 0xFF, 0xF0, 0x00, 0x00, 0xFF,
  0xFC, 0x07, 0xFF, 0xF8, 0x00, 0x00, 0x3F, 0xFF, 0x03, 0xFF, 0xFC,
  0x00, 0x00, 0x0F, 0xFF, 0xC0, 0xFF, 0xFE, 0x00, 0x00, 0x03, 0xFF,
  0xF0, 0x7F, 0xFF, 0x80, 0x00, 0x00, 0xFF, 0xFC, 0x3F, 0xFF, 0xC0,
  0x00, 0x00, 0x3F, 0xFF, 0x1F, 0xFF, 0xE0, 0x00, 0x00, 0x0F, 0xFF,
  0xCF, 0xFF, 0xF0, 0x00, 0x00, 0x03, 0xFF, 0xF7, 0xFF, 0xFC, 0x00,
  0x00, 0x00, 0xFF, 0xFF, 0xFF, 0xFF, 0x00, 0x00, 0x00, 0x3F, 0xFF,
  0xFF, 0xFF, 0xE0, 0x00, 0x00, 0x0F, 0xFF, 0xFF, 0xFF, 0xFC, 0x00,
  0x00, 0x03, 0xFF, 0xFF, 0xFF, 0xFF, 0x80, 0x00, 0x00, 0xFF, 0xFF,
  0xFF, 0xFF, 0xF0, 0x00, 0x00, 0x3F, 0xFF, 0xFF, 0xFF, 0xFC, 0x00,
  0x00, 0x0F, 0xFF, 0xFF, 0xFF, 0xFF, 0x80, 0x00, 0x03, 0xFF, 0xFF,
  0xFF, 0xFF, 0xF0, 0x00, 0x00, 0xFF, 0xFF, 0xFF, 0xFF, 0xFE, 0x00,
  0x00, 0x3F, 0xFF, 0xFE, 0x7F, 0xFF, 0xC0, 0x00, 0x0F, 0xFF, 0xFF,
  0x1F, 0xFF, 0xF0, 0x00, 0x03, 0xFF, 0xFF, 0x83, 0xFF, 0xFE, 0x00,
  0x00, 0xFF, 0xFF, 0xC0, 0x7F, 0xFF, 0xC0, 0x00, 0x3F, 0xFF, 0xE0,
  0x0F, 0xFF, 0xF8, 0x00, 0x0F, 0xFF, 0xF0, 0x01, 0xFF, 0xFF, 0x00,
  0x03, 0xFF, 0xF8, 0x00, 0x3F, 0xFF, 0xC0, 0x00, 0xFF, 0xFC, 0x00,
  0x0F, 0xFF, 0xF8, 0x00, 0x3F, 0xFF, 0x00, 0x01, 0xFF, 0xFF, 0x00,
  0x0F, 0xFF, 0xC0, 0x00, 0x3F, 0xFF, 0xE0, 0x03, 0xFF, 0xF0, 0x00,
  0x07, 0xFF, 0xFC, 0x00, 0xFF, 0xFC, 0x00, 0x00, 0xFF, 0xFF, 0x00,
  0x3F, 0xFF, 0x00, 0x00, 0x1F, 0xFF, 0xE0, 0x0F, 0xFF, 0xC0, 0x00,
  0x07, 0xFF, 0xFC, 0x03, 0xFF, 0xF0, 0x00, 0x00, 0xFF, 0xFF, 0x80,
  0xFF, 0xFC, 0x00, 0x00, 0x1F, 0xFF, 0xF0, 0x3F, 0xFF, 0x00, 0x00,
  0x03, 0xFF, 0xFC, 0x0F, 0xFF, 0xC0, 0x00, 0x00, 0x7F, 0xFF, 0x83,
  0xFF, 0xF0, 0x00, 0x00, 0x0F, 0xFF, 0xF0, 0xFF, 0xFC, 0x00, 0x00,
  0x03, 0xFF, 0xFE, 0x3F, 0xFF, 0x00, 0x00, 0x00, 0x7F, 0xFF, 0xCF,
  0xFF, 0xC0, 0x00, 0x00, 0x0F, 0xFF, 0xF3, 0xFF, 0xF0, 0x00, 0x00,
  0x01, 0xFF, 0xFF, 0xFF, 0xFC, 0x00, 0x00, 0x00, 0x0F, 0xFF, 0xC0,
  0x00, 0x00, 0x00, 0xFF, 0xFC, 0x00, 0x00, 0x00, 0x0F, 0xFF, 0xC0,
  0x00, 0x00, 0x00, 0xFF, 0xFC, 0x00, 0x00, 0x00, 0x0F, 0xFF, 0xC0,
  0x00, 0x00, 0x00, 0xFF, 0xFC, 0x00, 0x00, 0x00, 0x0F, 0xFF, 0xC0,
  0x00, 0x00, 0x00, 0xFF, 0xFC, 0x00, 0x00, 0x00, 0x0F, 0xFF, 0xC0,
  0x00, 0x00, 0x00, 0xFF, 0xFC, 0x00, 0x00, 0x00, 0x0F, 0xFF, 0xC0,
  0x00, 0x00, 0x00, 0xFF, 0xFC, 0x00, 0x00, 0x00, 0x0F, 0xFF, 0xC0,
  0x00, 0x00, 0x00, 0xFF, 0xFC, 0x00, 0x00, 0x00, 0x0F, 0xFF, 0xC0,
  0x00, 0x00, 0x00, 0xFF, 0xFC, 0x00, 0x00, 0x00, 0x0F, 0xFF, 0xC0,
  0x00, 0x00, 0x00, 0xFF, 0xFC, 0x00, 0x00, 0x00, 0x0F, 0xFF, 0xC0,
  0x00, 0x00, 0x00, 0xFF, 0xFC, 0x00, 0x00, 0x00, 0x0F, 0xFF, 0xC0,
  0x00, 0x00, 0x00, 0xFF, 0xFC, 0x00, 0x00, 0x00, 0x0F, 0xFF, 0xC0,
  0x00, 0x00, 0x00, 0xFF, 0xFC, 0x00, 0x00, 0x00, 0x0F, 0xFF, 0xC0,
  0x00, 0x00, 0x00, 0xFF, 0xFC, 0x00, 0x00, 0x00, 0x0F, 0xFF, 0xC0,
  0x00, 0x00, 0x00, 0xFF, 0xFC, 0x00, 0x00, 0x00, 0x0F, 0xFF, 0xC0,
  0x00, 0x00, 0x00, 0xFF, 0xFC, 0x00, 0x00, 0x00, 0x0F, 0xFF, 0xC0,
  0x00, 0x00, 0x00, 0xFF, 0xFC, 0x00, 0x00, 0x00, 0x0F, 0xFF, 0xC0,
  0x00, 0x00, 0x00, 0xFF, 0xFC, 0x00, 0x00, 0x00, 0x0F, 0xFF, 0xC0,
  0x00, 0x00, 0x00, 0xFF, 0xFC, 0x00, 0x00, 0x00, 0x0F, 0xFF, 0xC0,
  0x00, 0x00, 0x00, 0xFF, 0xFC, 0x00, 0x00, 0x00, 0x0F, 0xFF, 0xC0,
  0x00, 0x00, 0x00, 0xFF, 0xFC, 0x00, 0x00, 0x00, 0x0F, 0xFF, 0xC0,
  0x00, 0x00, 0x00, 0xFF, 0xFC, 0x00, 0x00, 0x00, 0x0F, 0xFF, 0xC0,
  0x00, 0x00, 0x00, 0xFF, 0xFC, 0x00, 0x00, 0x00, 0x0F, 0xFF, 0xC0,
  0x00, 0x00, 0x00, 0xFF, 0xFC, 0x00, 0x00, 0x00, 0x0F, 0xFF, 0xC0,
  0x00, 0x00, 0x00, 0xFF, 0xFC, 0x00, 0x00, 0x00, 0x0F, 0xFF, 0xFF,
  0xFF, 0xFF, 0xFF, 0xFF, 0xFF, 0xFF, 0xFF, 0xFF, 0xFF, 0xFF, 0xFF,
  0xFF, 0xFF, 0xFF, 0xFF, 0xFF, 0xFF, 0xFF, 0xFF, 0xFF, 0xFF, 0xFF,
  0xFF, 0xFF, 0xFF, 0xFF, 0xFF, 0xFF, 0xFF, 0xFF, 0xFF, 0xFF, 0xFF,
  0xFF, 0xFF, 0xFF, 0xFF, 0xFF, 0xFF, 0xFF, 0xFF, 0xFF, 0xFF, 0xFF,
  0xFF, 0xFF, 0xFF, 0xFF, 0xFF, 0xFF, 0xFF, 0xFF, 0xFF, 0xFF, 0xFF,
  0xFF, 0xFF, 0xFF, 0xFF, 0xF0, 0x00, 0x00, 0x00, 0x00, 0x00, 0xFF,
  0xFF, 0xFF, 0x80, 0x00, 0x00, 0x00, 0x00, 0x1F, 0xFF, 0xFF, 0xF8,
  0x00, 0x00, 0x00, 0x00, 0x01, 0xFF, 0xFF, 0xFF, 0xC0, 0x00, 0x00,
  0x00, 0x00, 0x3F, 0xFF, 0xFF, 0xFC, 0x00, 0x00, 0x00, 0x00, 0x03,
  0xFF, 0xFF, 0xFF, 0xE0, 0x00, 0x00, 0x00, 0x00, 0x7F, 0xFF, 0xFF,
  0xFF, 0x00, 0x00, 0x00, 0x00, 0x07, 0xFF, 0xFF, 0xFF, 0xF0, 0x00,
  0x00, 0x00, 0x00, 0xFF, 0xFF, 0xFF, 0xFF, 0x80, 0x00, 0x00, 0x00,
  0x1F, 0xFF, 0xFF, 0xFF, 0xF8, 0x00, 0x00, 0x00, 0x01, 0xFF, 0xFF,
  0xFF, 0xFF, 0xC0, 0x00, 0x00, 0x00, 0x3F, 0xFF, 0xFF, 0xFF, 0xFE,
  0x00, 0x00, 0x00, 0x03, 0xFF, 0xFF, 0xFF, 0xFF, 0xE0, 0x00, 0x00,
  0x00, 0x7F, 0xFF, 0xFF, 0xFF, 0xFF, 0x00, 0x00, 0x00, 0x0F, 0xFF,
  0xFF, 0xFF, 0xFF, 0xF0, 0x00, 0x00, 0x00, 0xFF, 0xFF, 0xFF, 0xFF,
  0xFF, 0x80, 0x00, 0x00, 0x1F, 0xFF, 0xFF, 0xFF, 0xFF, 0xFC, 0x00,
  0x00, 0x01, 0xFF, 0xFF, 0xFF, 0xFF, 0xFF, 0xC0, 0x00, 0x00, 0x3F,
  0xFF, 0xFF, 0xFF, 0xFF, 0xFE, 0x00, 0x00, 0x07, 0xFF, 0xFF, 0xFF,
  0xFF, 0xFF, 0xE0, 0x00, 0x00, 0x7F, 0xFF, 0xFF, 0xFF, 0xFF, 0xFF,
  0x00, 0x00, 0x0F, 0xFF, 0xFF, 0xFF, 0xFF, 0xFF, 0xF8, 0x00, 0x00,
  0xFF, 0xFF, 0xFF, 0xFF, 0xFF, 0xFF, 0x80, 0x00, 0x1F, 0xFF, 0xFF,
  0xFF, 0xFF, 0xFF, 0xFC, 0x00, 0x03, 0xFF, 0xFF, 0xFF, 0xFF, 0xFF,
  0xFF, 0xC0, 0x00, 0x3F, 0xFF, 0xFF, 0xFF, 0xFF, 0xBF, 0xFE, 0x00,
  0x07, 0xFF, 0xDF, 0xFF, 0xFF, 0xFB, 0xFF, 0xF0, 0x00, 0x7F, 0xFD,
  0xFF, 0xFF, 0xFF, 0x9F, 0xFF, 0x00, 0x0F, 0xFF, 0x9F, 0xFF, 0xFF,
  0xF9, 0xFF, 0xF8, 0x01, 0xFF, 0xF1, 0xFF, 0xFF, 0xFF, 0x8F, 0xFF,
  0x80, 0x1F, 0xFF, 0x1F, 0xFF, 0xFF, 0xF8, 0x7F, 0xFC, 0x03, 0xFF,
  0xE1, 0xFF, 0xFF, 0xFF, 0x87, 0xFF, 0xE0, 0x3F, 0xFE, 0x1F, 0xFF,
  0xFF, 0xF8, 0x3F, 0xFE, 0x07, 0xFF, 0xC1, 0xFF, 0xFF, 0xFF, 0x83,
  0xFF, 0xF0, 0x7F, 0xF8, 0x1F, 0xFF, 0xFF, 0xF8, 0x1F, 0xFF, 0x0F,
  0xFF, 0x81, 0xFF, 0xFF, 0xFF, 0x80, 0xFF, 0xF9, 0xFF, 0xF0, 0x1F,
  0xFF, 0xFF, 0xF8, 0x0F, 0xFF, 0xDF, 0xFF, 0x01, 0xFF, 0xFF, 0xFF,
  0x80, 0x7F, 0xFF, 0xFF, 0xE0, 0x1F, 0xFF, 0xFF, 0xF8, 0x03, 0xFF,
  0xFF, 0xFC, 0x01, 0xFF, 0xFF, 0xFF, 0x80, 0x3F, 0xFF, 0xFF, 0xC0,
  0x1F, 0xFF, 0xFF, 0xF8, 0x01, 0xFF, 0xFF, 0xF8, 0x01, 0xFF, 0xFF,
  0xFF, 0x80, 0x1F, 0xFF, 0xFF, 0x80, 0x1F, 0xFF, 0xFF, 0xF8, 0x00,
  0xFF, 0xFF, 0xF0, 0x01, 0xFF, 0xFF, 0xFF, 0x80, 0x07, 0xFF, 0xFE,
  0x00, 0x1F, 0xFF, 0xFF, 0xF8, 0x00, 0x7F, 0xFF, 0xE0, 0x01, 0xFF,
  0xFF, 0xFF, 0x80, 0x03, 0xFF, 0xFC, 0x00, 0x1F, 0xFF, 0xFF, 0xF8,
  0x00, 0x3F, 0xFF, 0x80, 0x01, 0xFF, 0xFF, 0xFF, 0x80, 0x01, 0xFF,
  0xF8, 0x00, 0x1F, 0xFF, 0xFF, 0xF8, 0x00, 0x0F, 0xFF, 0x00, 0x01,
  0xFF, 0xFF, 0xFF, 0x80, 0x00, 0xFF, 0xF0, 0x00, 0x1F, 0xFF, 0xFF,
  0xF8, 0x00, 0x07, 0xFE, 0x00, 0x01, 0xFF, 0xFF, 0xFF, 0x80, 0x00,
  0x3F, 0xC0, 0x00, 0x1F, 0xFF, 0xFF, 0xF8, 0x00, 0x03, 0xFC, 0x00,
  0x01, 0xFF, 0xFF, 0xFF, 0x80, 0x00, 0x1F, 0x80, 0x00, 0x1F, 0xFF,
  0xFF, 0xF8, 0x00, 0x00, 0x00, 0x00, 0x01, 0xFF, 0xFF, 0xFF, 0x80,
  0x00, 0x00, 0x00, 0x00, 0x1F, 0xFF, 0xFF, 0xF8, 0x00, 0x00, 0x00,
  0x00, 0x01, 0xFF, 0xFF, 0xFF, 0x80, 0x00, 0x00, 0x00, 0x00, 0x1F,
  0xFF, 0xFF, 0xF8, 0x00, 0x00, 0x00, 0x00, 0x01, 0xFF, 0xFF, 0xFF,
  0x80, 0x00, 0x00, 0x00, 0x00, 0x1F, 0xFF, 0xFF, 0xF0, 0x00, 0x00,
  0x00, 0x3F, 0xFF, 0xFF, 0xF0, 0x00, 0x00, 0x00, 0x7F, 0xFF, 0xFF,
  0xF0, 0x00, 0x00, 0x00, 0xFF, 0xFF, 0xFF, 0xF0, 0x00, 0x00, 0x01,
  0xFF, 0xFF, 0xFF, 0xE0, 0x00, 0x00, 0x03, 0xFF, 0xFF, 0xFF, 0xE0,
  0x00, 0x00, 0x07, 0xFF, 0xFF, 0xFF, 0xE0, 0x00, 0x00, 0x0F, 0xFF,
  0xFF, 0xFF, 0xE0, 0x00, 0x00, 0x1F, 0xFF, 0xFF, 0xFF, 0xE0, 0x00,
  0x00, 0x3F, 0xFF, 0xFF, 0xFF, 0xC0, 0x00, 0x00, 0x7F, 0xFF, 0xFF,
  0xFF, 0xC0, 0x00, 0x00, 0xFF, 0xFF, 0xFF, 0xFF, 0xC0, 0x00, 0x01,
  0xFF, 0xFF, 0xFF, 0xFF, 0xC0, 0x00, 0x03, 0xFF, 0xFF, 0xFF, 0xFF,
  0xC0, 0x00, 0x07, 0xFF, 0xFF, 0xFF, 0xFF, 0x80, 0x00, 0x0F, 0xFF,
  0xFF, 0xFF, 0xFF, 0x80, 0x00, 0x1F, 0xFF, 0xFF, 0xFF, 0xFF, 0x80,
  0x00, 0x3F, 0xFF, 0xFF, 0xFF, 0xFF, 0x80, 0x00, 0x7F, 0xFF, 0xFF,
  0xFF, 0xFF, 0x80, 0x00, 0xFF, 0xFF, 0xFF, 0xFF, 0xFF, 0x80, 0x01,
  0xFF, 0xFF, 0xFF, 0xFF, 0xFF, 0x00, 0x03, 0xFF, 0xFF, 0xFF, 0xFF,
  0xFF, 0x00, 0x07, 0xFF, 0xFF, 0xFF, 0xFF, 0xFF, 0x00, 0x0F, 0xFF,
  0xFF, 0xFF, 0xFF, 0xFF, 0x00, 0x1F, 0xFF, 0xFF, 0xFF, 0xFF, 0xFF,
  0x00, 0x3F, 0xFF, 0xFF, 0xFB, 0xFF, 0xFE, 0x00, 0x7F, 0xFF, 0xFF,
  0xF3, 0xFF, 0xFE, 0x00, 0xFF, 0xFF, 0xFF, 0xE3, 0xFF, 0xFE, 0x01,
  0xFF, 0xFF, 0xFF, 0xC3, 0xFF, 0xFE, 0x03, 0xFF, 0xFF, 0xFF, 0x83,
  0xFF, 0xFE, 0x07, 0xFF, 0xFF, 0xFF, 0x07, 0xFF, 0xFC, 0x0F, 0xFF,
  0xFF, 0xFE, 0x07, 0xFF, 0xFC, 0x1F, 0xFF, 0xFF, 0xFC, 0x07, 0xFF,
  0xFC, 0x3F, 0xFF, 0xFF, 0xF8, 0x07, 0xFF, 0xFC, 0x7F, 0xFF, 0xFF,
  0xF0, 0x07, 0xFF, 0xFC, 0xFF, 0xFF, 0xFF, 0xE0, 0x07, 0xFF, 0xFD,
  0xFF, 0xFF, 0xFF, 0xC0, 0x0F, 0xFF, 0xFB, 0xFF, 0xFF, 0xFF, 0x80,
  0x0F, 0xFF, 0xFF, 0xFF, 0xFF, 0xFF, 0x00, 0x0F, 0xFF, 0xFF, 0xFF,
  0xFF, 0xFE, 0x00, 0x0F, 0xFF, 0xFF, 0xFF, 0xFF, 0xFC, 0x00, 0x0F,
  0xFF, 0xFF, 0xFF, 0xFF, 0xF8, 0x00, 0x0F, 0xFF, 0xFF, 0xFF, 0xFF,
  0xF0, 0x00, 0x1F, 0xFF, 0xFF, 0xFF, 0xFF, 0xE0, 0x00, 0x1F, 0xFF,
  0xFF, 0xFF, 0xFF, 0xC0, 0x00, 0x1F, 0xFF, 0xFF, 0xFF, 0xFF, 0x80,
  0x00, 0x1F, 0xFF, 0xFF, 0xFF, 0xFF, 0x00, 0x00, 0x1F, 0xFF, 0xFF,
  0xFF, 0xFE, 0x00, 0x00, 0x3F, 0xFF, 0xFF, 0xFF, 0xFC, 0x00, 0x00,
  0x3F, 0xFF, 0xFF, 0xFF, 0xF8, 0x00, 0x00, 0x3F, 0xFF, 0xFF, 0xFF,
  0xF0, 0x00, 0x00, 0x3F, 0xFF, 0xFF, 0xFF, 0xE0, 0x00, 0x00, 0x3F,
  0xFF, 0xFF, 0xFF, 0xC0, 0x00, 0x00, 0x3F, 0xFF, 0xFF, 0xFF, 0x80,
  0x00, 0x00, 0x7F, 0xFF, 0xFF, 0xFF, 0x00, 0x00, 0x00, 0x7F, 0xFF,
  0xFF, 0xFE, 0x00, 0x00, 0x00, 0x7F, 0xFF, 0xFF, 0xFC, 0x00, 0x00,
  0x00, 0x7F, 0xFF, 0xFF, 0xF8, 0x00, 0x00, 0x00, 0x7F, 0xFF, 0xFF,
  0xF0, 0x00, 0x00, 0x00, 0x7F, 0xFF, 0xFF, 0xE0, 0x00, 0x00, 0x00,
  0xFF, 0xF0, 0x00, 0x00, 0x00, 0x1F, 0xFF, 0x00, 0x00, 0x00, 0x00,
  0x00, 0x00, 0x7F, 0xFF, 0xFC, 0x00, 0x00, 0x00, 0x00, 0x00, 0xFF,
  0xFF, 0xFF, 0xE0, 0x00, 0x00, 0x00, 0x01, 0xFF, 0xFF, 0xFF, 0xFE,
  0x00, 0x00, 0x00, 0x00, 0xFF, 0xFF, 0xFF, 0xFF, 0xE0, 0x00, 0x00,
  0x00, 0xFF, 0xFF, 0xFF, 0xFF, 0xFE, 0x00, 0x00, 0x00, 0x7F, 0xFF,
  0xFF, 0xFF, 0xFF, 0xC0, 0x00, 0x00, 0x7F, 0xFF, 0xFF, 0xFF, 0xFF,
  0xF8, 0x00, 0x00, 0x3F, 0xFF, 0xFF, 0xFF, 0xFF, 0xFF, 0x80, 0x00,
  0x1F, 0xFF, 0xFF, 0xFF, 0xFF, 0xFF, 0xF0, 0x00, 0x0F, 0xFF, 0xFF,
  0xFF, 0xFF, 0xFF, 0xFE, 0x00, 0x07, 0xFF, 0xFF, 0xFF, 0xFF, 0xFF,
  0xFF, 0x80, 0x03, 0xFF, 0xFF, 0xF8, 0x03, 0xFF, 0xFF, 0xF0, 0x00,
  0xFF, 0xFF, 0xF0, 0x00, 0x1F, 0xFF, 0xFE, 0x00, 0x7F, 0xFF, 0xF0,
  0x00, 0x01, 0xFF, 0xFF, 0xC0, 0x3F, 0xFF, 0xF0, 0x00, 0x00, 0x1F,
  0xFF, 0xF0, 0x0F, 0xFF, 0xF8, 0x00, 0x00, 0x03, 0xFF, 0xFE, 0x07,
  0xFF, 0xFC, 0x00, 0x00, 0x00, 0x7F, 0xFF, 0x81, 0xFF, 0xFE, 0x00,
  0x00, 0x00, 0x0F, 0xFF, 0xF0, 0xFF, 0xFF, 0x00, 0x00, 0x00, 0x01,
  0xFF, 0xFC, 0x3F, 0xFF, 0x80, 0x00, 0x00, 0x00, 0x7F, 0xFF, 0x0F,
  0xFF, 0xE0, 0x00, 0x00, 0x00, 0x0F, 0xFF, 0xE7, 0xFF, 0xF0, 0x00,
  0x00, 0x00, 0x03, 0xFF, 0xF9, 0xFF, 0xFC, 0x00, 0x00, 0x00, 0x00,
  0x7F, 0xFE, 0x7F, 0xFE, 0x00, 0x00, 0x00, 0x00, 0x1F, 0xFF, 0xDF,
  0xFF, 0x80, 0x00, 0x00, 0x00, 0x07, 0xFF, 0xF7, 0xFF, 0xE0, 0x00,
  0x00, 0x00, 0x00, 0xFF, 0xFD, 0xFF, 0xF8, 0x00, 0x00, 0x00, 0x00,
  0x3F, 0xFF, 0xFF, 0xFE, 0x00, 0x00, 0x00, 0x00, 0x0F, 0xFF, 0xFF,
  0xFF, 0x80, 0x00, 0x00, 0x00, 0x03, 0xFF, 0xFF, 0xFF, 0xC0, 0x00,
  0x00, 0x00, 0x00, 0xFF, 0xFF, 0xFF, 0xF0, 0x00, 0x00, 0x00, 0x00,
  0x3F, 0xFF, 0xFF, 0xFC, 0x00, 0x00, 0x00, 0x00, 0x0F, 0xFF, 0xFF,
  0xFF, 0x80, 0x00, 0x00, 0x00, 0x03, 0xFF, 0xF7, 0xFF, 0xE0, 0x00,
  0x00, 0x00, 0x00, 0xFF, 0xFD, 0xFF, 0xF8, 0x00, 0x00, 0x00, 0x00,
  0x3F, 0xFF, 0x7F, 0xFE, 0x00, 0x00, 0x00, 0x00, 0x1F, 0xFF, 0xDF,
  0xFF, 0x80, 0x00, 0x00, 0x00, 0x07, 0xFF, 0xF7, 0xFF, 0xF0, 0x00,
  0x00, 0x00, 0x01, 0xFF, 0xF9, 0xFF, 0xFC, 0x00, 0x00, 0x00, 0x00,
  0xFF, 0xFE, 0x3F, 0xFF, 0x80, 0x00, 0x00, 0x00, 0x3F, 0xFF, 0x8F,
  0xFF, 0xE0, 0x00, 0x00, 0x00, 0x1F, 0xFF, 0xE3, 0xFF, 0xFC, 0x00,
  0x00, 0x00, 0x07, 0xFF, 0xF0, 0x7F, 0xFF, 0x80, 0x00, 0x00, 0x03,
  0xFF, 0xFC, 0x1F, 0xFF, 0xF0, 0x00, 0x00, 0x01, 0xFF, 0xFE, 0x03,
  0xFF, 0xFE, 0x00, 0x00, 0x00, 0xFF, 0xFF, 0x80, 0xFF, 0xFF, 0xC0,
  0x00, 0x00, 0x7F, 0xFF, 0xC0, 0x1F, 0xFF, 0xFC, 0x00, 0x00, 0x7F,
  0xFF, 0xF0, 0x03, 0xFF, 0xFF, 0xC0, 0x00, 0x7F, 0xFF, 0xF8, 0x00,
  0xFF, 0xFF, 0xFE, 0x00, 0xFF, 0xFF, 0xFC, 0x00, 0x1F, 0xFF, 0xFF,
  0xFF, 0xFF, 0xFF, 0xFE, 0x00, 0x03, 0xFF, 0xFF, 0xFF, 0xFF, 0xFF,
  0xFF, 0x80, 0x00, 0x7F, 0xFF, 0xFF, 0xFF, 0xFF, 0xFF, 0xC0, 0x00,
  0x0F, 0xFF, 0xFF, 0xFF, 0xFF, 0xFF, 0xE0, 0x00, 0x01, 0xFF, 0xFF,
  0xFF, 0xFF, 0xFF, 0xE0, 0x00, 0x00, 0x3F, 0xFF, 0xFF, 0xFF, 0xFF,
  0xF0, 0x00, 0x00, 0x03, 0xFF, 0xFF, 0xFF, 0xFF, 0xF8, 0x00, 0x00,
  0x00, 0x3F, 0xFF, 0xFF, 0xFF, 0xF8, 0x00, 0x00, 0x00, 0x07, 0xFF,
  0xFF, 0xFF, 0xF8, 0x00, 0x00, 0x00, 0x00, 0x3F, 0xFF, 0xFF, 0xF8,
  0x00, 0x00, 0x00, 0x00, 0x03, 0xFF, 0xFF, 0xF0, 0x00, 0x00, 0x00,
  0x00, 0x00, 0x07, 0xFF, 0xC0, 0x00, 0x00, 0x00, 0xFF, 0xFF, 0xFF,
  0xFF, 0x80, 0x00, 0x0F, 0xFF, 0xFF, 0xFF, 0xFF, 0x80, 0x00, 0xFF,
  0xFF, 0xFF, 0xFF, 0xFF, 0x00, 0x0F, 0xFF, 0xFF, 0xFF, 0xFF, 0xFC,
  0x00, 0xFF, 0xFF, 0xFF, 0xFF, 0xFF, 0xF0, 0x0F, 0xFF, 0xFF, 0xFF,
  0xFF, 0xFF, 0x80, 0xFF, 0xFF, 0xFF, 0xFF, 0xFF, 0xFC, 0x0F, 0xFF,
  0xFF, 0xFF, 0xFF, 0xFF, 0xE0, 0xFF, 0xFF, 0xFF, 0xFF, 0xFF, 0xFF,
  0x0F, 0xFF, 0xFF, 0xFF, 0xFF, 0xFF, 0xF8, 0xFF, 0xFF, 0xFF, 0xFF,
  0xFF, 0xFF, 0x8F, 0xFF, 0xC0, 0x00, 0x3F, 0xFF, 0xFC, 0xFF, 0xFC,
  0x00, 0x00, 0x7F, 0xFF, 0xEF, 0xFF, 0xC0, 0x00, 0x01, 0xFF, 0xFE,
  0xFF, 0xFC, 0x00, 0x00, 0x0F, 0xFF, 0xEF, 0xFF, 0xC0, 0x00, 0x00,
  0x7F, 0xFF, 0xFF, 0xFC, 0x00, 0x00, 0x07, 0xFF, 0xFF, 0xFF, 0xC0,
  0x00, 0x00, 0x3F, 0xFF, 0xFF, 0xFC, 0x00, 0x00, 0x03, 0xFF, 0xFF,
  0xFF, 0xC0, 0x00, 0x00, 0x3F, 0xFF, 0xFF, 0xFC, 0x00, 0x00, 0x03,
  0xFF, 0xFF, 0xFF, 0xC0, 0x00, 0x00, 0x3F, 0xFF, 0xFF, 0xFC, 0x00,
  0x00, 0x03, 0xFF, 0xFF, 0xFF, 0xC0, 0x00, 0x00, 0x3F, 0xFF, 0xFF,
  0xFC, 0x00, 0x00, 0x03, 0xFF, 0xFF, 0xFF, 0xC0, 0x00, 0x00, 0x3F,
  0xFF, 0xFF, 0xFC, 0x00, 0x00, 0x07, 0xFF, 0xFF, 0xFF, 0xC0, 0x00,
  0x00, 0x7F, 0xFF, 0xFF, 0xFC, 0x00, 0x00, 0x0F, 0xFF, 0xEF, 0xFF,
  0xC0, 0x00, 0x01, 0xFF, 0xFE, 0xFF, 0xFC, 0x00, 0x00, 0x7F, 0xFF,
  0xEF, 0xFF, 0xC0, 0x00, 0x3F, 0xFF, 0xFC, 0xFF, 0xFF, 0xFF, 0xFF,
  0xFF, 0xFF, 0x8F, 0xFF, 0xFF, 0xFF, 0xFF, 0xFF, 0xF8, 0xFF, 0xFF,
  0xFF, 0xFF, 0xFF, 0xFF, 0x0F, 0xFF, 0xFF, 0xFF, 0xFF, 0xFF, 0xE0,
  0xFF, 0xFF, 0xFF, 0xFF, 0xFF, 0xFC, 0x0F, 0xFF, 0xFF, 0xFF, 0xFF,
  0xFF, 0x80, 0xFF, 0xFF, 0xFF, 0xFF, 0xFF, 0xF0, 0x0F, 0xFF, 0xFF,
  0xFF, 0xFF, 0xFC, 0x00, 0xFF, 0xFF, 0xFF, 0xFF, 0xFF, 0x00, 0x0F,
  0xFF, 0xFF, 0xFF, 0xFF, 0x80, 0x00, 0xFF, 0xFF, 0xFF, 0xFF, 0x80,
  0x00, 0x0F, 0xFF, 0xC0, 0x00, 0x00, 0x00, 0x00, 0xFF, 0xFC, 0x00,
  0x00, 0x00, 0x00, 0x0F, 0xFF, 0xC0, 0x00, 0x00, 0x00, 0x00, 0xFF,
  0xFC, 0x00, 0x00, 0x00, 0x00, 0x0F, 0xFF, 0xC0, 0x00, 0x00, 0x00,
  0x00, 0xFF, 0xFC, 0x00, 0x00, 0x00, 0x00, 0x0F, 0xFF, 0xC0, 0x00,
  0x00, 0x00, 0x00, 0xFF, 0xFC, 0x00, 0x00, 0x00, 0x00, 0x0F, 0xFF,
  0xC0, 0x00, 0x00, 0x00, 0x00, 0xFF, 0xFC, 0x00, 0x00, 0x00, 0x00,
  0x0F, 0xFF, 0xC0, 0x00, 0x00, 0x00, 0x00, 0xFF, 0xFC, 0x00, 0x00,
  0x00, 0x00, 0x0F, 0xFF, 0xC0, 0x00, 0x00, 0x00, 0x00, 0xFF, 0xFC,
  0x00, 0x00, 0x00, 0x00, 0x0F, 0xFF, 0xC0, 0x00, 0x00, 0x00, 0x00,
  0xFF, 0xFC, 0x00, 0x00, 0x00, 0x00, 0x0F, 0xFF, 0xC0, 0x00, 0x00,
  0x00, 0x00, 0x00, 0x00, 0x00, 0x1F, 0xFF, 0x00, 0x00, 0x00, 0x00,
  0x00, 0x00, 0x0F, 0xFF, 0xFF, 0x80, 0x00, 0x00, 0x00, 0x00, 0x03,
  0xFF, 0xFF, 0xFF, 0x80, 0x00, 0x00, 0x00, 0x00, 0xFF, 0xFF, 0xFF,
  0xFF, 0x00, 0x00, 0x00, 0x00, 0x0F, 0xFF, 0xFF, 0xFF, 0xFE, 0x00,
  0x00, 0x00, 0x01, 0xFF, 0xFF, 0xFF, 0xFF, 0xFC, 0x00, 0x00, 0x00,
  0x1F, 0xFF, 0xFF, 0xFF, 0xFF, 0xF0, 0x00, 0x00, 0x03, 0xFF, 0xFF,
  0xFF, 0xFF, 0xFF, 0xC0, 0x00, 0x00, 0x3F, 0xFF, 0xFF, 0xFF, 0xFF,
  0xFF, 0x00, 0x00, 0x03, 0xFF, 0xFF, 0xFF, 0xFF, 0xFF, 0xFE, 0x00,
  0x00, 0x3F, 0xFF, 0xFF, 0xFF, 0xFF, 0xFF, 0xF0, 0x00, 0x03, 0xFF,
  0xFF, 0xFF, 0xFF, 0xFF, 0xFF, 0xC0, 0x00, 0x3F, 0xFF, 0xFF, 0x80,
  0x3F, 0xFF, 0xFF, 0x00, 0x01, 0xFF, 0xFF, 0xE0, 0x00, 0x3F, 0xFF,
  0xFC, 0x00, 0x1F, 0xFF, 0xFC, 0x00, 0x00, 0x7F, 0xFF, 0xF0, 0x01,
  0xFF, 0xFF, 0x80, 0x00, 0x01, 0xFF, 0xFF, 0x80, 0x0F, 0xFF, 0xF8,
  0x00, 0x00, 0x03, 0xFF, 0xFE, 0x00, 0xFF, 0xFF, 0x80, 0x00, 0x00,
  0x0F, 0xFF, 0xF0, 0x07, 0xFF, 0xF8, 0x00, 0x00, 0x00, 0x3F, 0xFF,
  0xC0, 0x7F, 0xFF, 0x80, 0x00, 0x00, 0x01, 0xFF, 0xFE, 0x03, 0xFF,
  0xF8, 0x00, 0x00, 0x00, 0x07, 0xFF, 0xF0, 0x1F, 0xFF, 0xC0, 0x00,
  0x00, 0x00, 0x1F, 0xFF, 0xC1, 0xFF, 0xFC, 0x00, 0x00, 0x00, 0x00,
  0xFF, 0xFE, 0x0F, 0xFF, 0xE0, 0x00, 0x00, 0x00, 0x03, 0xFF, 0xF0,
  0x7F, 0xFF, 0x00, 0x00, 0x00, 0x00, 0x1F, 0xFF, 0xC3, 0xFF, 0xF0,
  0x00, 0x00, 0x00, 0x00, 0xFF, 0xFE, 0x1F, 0xFF, 0x80, 0x00, 0x00,
  0x00, 0x03, 0xFF, 0xF0, 0xFF, 0xFC, 0x00, 0x00, 0x00, 0x00, 0x1F,
  0xFF, 0x8F, 0xFF, 0xE0, 0x00, 0x00, 0x00, 0x00, 0xFF, 0xFC, 0x7F,
  0xFF, 0x00, 0x00, 0x00, 0x00, 0x07, 0xFF, 0xE3, 0xFF, 0xF0, 0x00,
  0x00, 0x00, 0x00, 0x3F, 0xFF, 0x1F, 0xFF, 0x80, 0x00, 0x00, 0x00,
  0x01, 0xFF, 0xF8, 0xFF, 0xFC, 0x00, 0x00, 0x00, 0x00, 0x0F, 0xFF,
  0xC7, 0xFF, 0xF0, 0x00, 0x00, 0x00, 0x00, 0x7F, 0xFE, 0x1F, 0xFF,
  0x80, 0x00, 0x00, 0x00, 0x03, 0xFF, 0xF0, 0xFF, 0xFC, 0x00, 0x00,
  0x00, 0x00, 0x1F, 0xFF, 0x87, 0xFF, 0xE0, 0x00, 0x00, 0x00, 0x00,
  0xFF, 0xFC, 0x3F, 0xFF, 0x00, 0x00, 0x00, 0x00, 0x0F, 0xFF, 0xE1,
  0xFF, 0xFC, 0x00, 0x00, 0x00, 0x00, 0x7F, 0xFE, 0x0F, 0xFF, 0xE0,
  0x00, 0x00, 0x00, 0x03, 0xFF, 0xF0, 0x3F, 0xFF, 0x00, 0x00, 0x00,
  0x00, 0x3F, 0xFF, 0x81, 0xFF, 0xFC, 0x00, 0x00, 0x00, 0x01, 0xFF,
  0xFC, 0x0F, 0xFF, 0xF0, 0x00, 0x00, 0x00, 0x1F, 0xFF, 0xC0, 0x3F,
  0xFF, 0x80, 0x00, 0x00, 0x01, 0xFF, 0xFE, 0x01, 0xFF, 0xFE, 0x00,
  0x00, 0x00, 0x1F, 0xFF, 0xE0, 0x07, 0xFF, 0xF8, 0x00, 0x00, 0x01,
  0xFF, 0xFF, 0x00, 0x3F, 0xFF, 0xE0, 0x00, 0x00, 0x1F, 0xFF, 0xF0,
  0x00, 0xFF, 0xFF, 0xC0, 0x00, 0x01, 0xFF, 0xFF, 0x80, 0x03, 0xFF,
  0xFF, 0x00, 0x00, 0x3F, 0xFF, 0xF8, 0x00, 0x1F, 0xFF, 0xFF, 0x00,
  0x07, 0xFF, 0xFF, 0x80, 0x00, 0x7F, 0xFF, 0xFF, 0x83, 0xFF, 0xFF,
  0xFC, 0x00, 0x01, 0xFF, 0xFF, 0xFF, 0xFF, 0xFF, 0xFF, 0xC0, 0x00,
  0x07, 0xFF, 0xFF, 0xFF, 0xFF, 0xFF, 0xFC, 0x00, 0x00, 0x1F, 0xFF,
  0xFF, 0xFF, 0xFF, 0xFF, 0xC0, 0x00, 0x00, 0x7F, 0xFF, 0xFF, 0xFF,
  0xFF, 0xFC, 0x00, 0x00, 0x01, 0xFF, 0xFF, 0xFF, 0xFF, 0xFF, 0xC0,
  0x00, 0x00, 0x03, 0xFF, 0xFF, 0xFF, 0xFF, 0xF8, 0x00, 0x00, 0x00,
  0x0F, 0xFF, 0xFF, 0xFF, 0xFF, 0x80, 0x00, 0x00, 0x00, 0x1F, 0xFF,
  0xFF, 0xFF, 0xF0, 0x00, 0x00, 0x00, 0x00, 0x3F, 0xFF, 0xFF, 0xFE,
  0x00, 0x00, 0x00, 0x00, 0x00, 0x3F, 0xFF, 0xFF, 0x80, 0x00, 0x00,
  0x00, 0x00, 0x00, 0x1F, 0xFF, 0xFC, 0x00, 0x01, 0x80, 0x00, 0x00,
  0x00, 0x1F, 0xFF, 0xF0, 0x00, 0x1E, 0x00, 0x00, 0x00, 0x00, 0x7F,
  0xFF, 0xE0, 0x03, 0xF8, 0x00, 0x00, 0x00, 0x01, 0xFF, 0xFF, 0xC0,
  0x7F, 0xC0, 0x00, 0x00, 0x00, 0x07, 0xFF, 0xFF, 0xFF, 0xFF, 0x00,
  0x00, 0x00, 0x00, 0x1F, 0xFF, 0xFF, 0xFF, 0xFC, 0x00, 0x00, 0x00,
  0x00, 0x7F, 0xFF, 0xFF, 0xFF, 0xF0, 0x00, 0x00, 0x00, 0x01, 0xFF,
  0xFF, 0xFF, 0xFF, 0x80, 0x00, 0x00, 0x00, 0x03, 0xFF, 0xFF, 0xFF,
  0xF8, 0x00, 0x00, 0x00, 0x00, 0x0F, 0xFF, 0xFF, 0xFF, 0x80, 0x00,
  0x00, 0x00, 0x00, 0x1F, 0xFF, 0xFF, 0xF0, 0x00, 0x00, 0x00, 0x00,
  0x00, 0x3F, 0xFF, 0xFF, 0x00, 0x00, 0x00, 0x00, 0x00, 0x00, 0x7F,
  0xFF, 0xC0, 0x00, 0x00, 0x00, 0x00, 0x00, 0x00, 0x7F, 0xF0, 0x00,
  0xFF, 0xFF, 0xFF, 0xFF, 0x80, 0x00, 0x07, 0xFF, 0xFF, 0xFF, 0xFF,
  0xC0, 0x00, 0x3F, 0xFF, 0xFF, 0xFF, 0xFF, 0xC0, 0x01, 0xFF, 0xFF,
  0xFF, 0xFF, 0xFF, 0x80, 0x0F, 0xFF, 0xFF, 0xFF, 0xFF, 0xFF, 0x00,
  0x7F, 0xFF, 0xFF, 0xFF, 0xFF, 0xFC, 0x03, 0xFF, 0xFF, 0xFF, 0xFF,
  0xFF, 0xF0, 0x1F, 0xFF, 0xFF, 0xFF, 0xFF, 0xFF, 0xC0, 0xFF, 0xFF,
  0xFF, 0xFF, 0xFF, 0xFF, 0x07, 0xFF, 0xFF, 0xFF, 0xFF, 0xFF, 0xFC,
  0x3F, 0xFF, 0xFF, 0xFF, 0xFF, 0xFF, 0xE1, 0xFF, 0xF8, 0x00, 0x07,
  0xFF, 0xFF, 0x8F, 0xFF, 0xC0, 0x00, 0x07, 0xFF, 0xFE, 0x7F, 0xFE,
  0x00, 0x00, 0x0F, 0xFF, 0xF3, 0xFF, 0xF0, 0x00, 0x00, 0x3F, 0xFF,
  0x9F, 0xFF, 0x80, 0x00, 0x00, 0xFF, 0xFE, 0xFF, 0xFC, 0x00, 0x00,
  0x07, 0xFF, 0xF7, 0xFF, 0xE0, 0x00, 0x00, 0x1F, 0xFF, 0xBF, 0xFF,
  0x00, 0x00, 0x00, 0xFF, 0xFD, 0xFF, 0xF8, 0x00, 0x00, 0x07, 0xFF,
  0xEF, 0xFF, 0xC0, 0x00, 0x00, 0x3F, 0xFF, 0x7F, 0xFE, 0x00, 0x00,
  0x01, 0xFF, 0xFB, 0xFF, 0xF0, 0x00, 0x00, 0x0F, 0xFF, 0xDF, 0xFF,
  0x80, 0x00, 0x00, 0x7F, 0xFE, 0xFF, 0xFC, 0x00, 0x00, 0x03, 0xFF,
  0xF7, 0xFF, 0xE0, 0x00, 0x00, 0x1F, 0xFF, 0xBF, 0xFF, 0x00, 0x00,
  0x01, 0xFF, 0xFD, 0xFF, 0xF8, 0x00, 0x00, 0x0F, 0xFF, 0xEF, 0xFF,
  0xC0, 0x00, 0x00, 0xFF, 0xFE, 0x7F, 0xFE, 0x00, 0x00, 0x0F, 0xFF,
  0xF3, 0xFF, 0xF0, 0x00, 0x01, 0xFF, 0xFF, 0x9F, 0xFF, 0x80, 0x00,
  0x7F, 0xFF, 0xF8, 0xFF, 0xFF, 0xFF, 0xFF, 0xFF, 0xFF, 0x87, 0xFF,
  0xFF, 0xFF, 0xFF, 0xFF, 0xFC, 0x3F, 0xFF, 0xFF, 0xFF, 0xFF, 0xFF,
  0xC1, 0xFF, 0xFF, 0xFF, 0xFF, 0xFF, 0xFC, 0x0F, 0xFF, 0xFF, 0xFF,
  0xFF, 0xFF, 0xC0, 0x7F, 0xFF, 0xFF, 0xFF, 0xFF, 0xFC, 0x03, 0xFF,
  0xFF, 0xFF, 0xFF, 0xFF, 0xC0, 0x1F, 0xFF, 0xFF, 0xFF, 0xFF, 0xF8,
  0x00, 0xFF, 0xFF, 0xFF, 0xFF, 0xFF, 0x00, 0x07, 0xFF, 0xFF, 0xFF,
  0xFF, 0xFC, 0x00, 0x3F, 0xFF, 0xFF, 0xFF, 0xFF, 0xE0, 0x01, 0xFF,
  0xF8, 0x00, 0x3F, 0xFF, 0x80, 0x0F, 0xFF, 0xC0, 0x00, 0xFF, 0xFE,
  0x00, 0x7F, 0xFE, 0x00, 0x03, 0xFF, 0xF8, 0x03, 0xFF, 0xF0, 0x00,
  0x1F, 0xFF, 0xC0, 0x1F, 0xFF, 0x80, 0x00, 0x7F, 0xFF, 0x00, 0xFF,
  0xFC, 0x00, 0x01, 0xFF, 0xFC, 0x07, 0xFF, 0xE0, 0x00, 0x0F, 0xFF,
  0xE0, 0x3F, 0xFF, 0x00, 0x00, 0x3F, 0xFF, 0x81, 0xFF, 0xF8, 0x00,
  0x00, 0xFF, 0xFE, 0x0F, 0xFF, 0xC0, 0x00, 0x07, 0xFF, 0xF0, 0x7F,
  0xFE, 0x00, 0x00, 0x1F, 0xFF, 0xC3, 0xFF, 0xF0, 0x00, 0x00, 0x7F,
  0xFF, 0x1F, 0xFF, 0x80, 0x00, 0x03, 0xFF, 0xF8, 0xFF, 0xFC, 0x00,
  0x00, 0x0F, 0xFF, 0xE7, 0xFF, 0xE0, 0x00, 0x00, 0x3F, 0xFF, 0xBF,
  0xFF, 0x00, 0x00, 0x01, 0xFF, 0xFD, 0xFF, 0xF8, 0x00, 0x00, 0x07,
  0xFF, 0xF0, 0x00, 0x00, 0x0F, 0xFF, 0xC0, 0x00, 0x00, 0x00, 0x3F,
  0xFF, 0xFF, 0x80, 0x00, 0x00, 0x7F, 0xFF, 0xFF, 0xFC, 0x00, 0x00,
  0x7F, 0xFF, 0xFF, 0xFF, 0xE0, 0x00, 0x7F, 0xFF, 0xFF, 0xFF, 0xFE,
  0x00, 0x3F, 0xFF, 0xFF, 0xFF, 0xFF, 0xC0, 0x1F, 0xFF, 0xFF, 0xFF,
  0xFF, 0xE0, 0x0F, 0xFF, 0xFF, 0xFF, 0xFF, 0xF8, 0x07, 0xFF, 0xFF,
  0xFF, 0xFF, 0xFE, 0x03, 0xFF, 0xFF, 0xFF, 0xFF, 0xFF, 0x00, 0xFF,
  0xFF, 0xFF, 0xFF, 0xFF, 0xC0, 0x7F, 0xFF, 0xF0, 0x03, 0xFF, 0xE0,
  0x1F, 0xFF, 0xE0, 0x00, 0x0F, 0xF8, 0x0F, 0xFF, 0xF0, 0x00, 0x00,
  0x7E, 0x03, 0xFF, 0xF8, 0x00, 0x00, 0x07, 0x00, 0xFF, 0xFC, 0x00,
  0x00, 0x00, 0x40, 0x3F, 0xFF, 0x00, 0x00, 0x00, 0x00, 0x0F, 0xFF,
  0xC0, 0x00, 0x00, 0x00, 0x03, 0xFF, 0xE0, 0x00, 0x00, 0x00, 0x00,
  0xFF, 0xFC, 0x00, 0x00, 0x00, 0x00, 0x3F, 0xFF, 0x00, 0x00, 0x00,
  0x00, 0x0F, 0xFF, 0xE0, 0x00, 0x00, 0x00, 0x03, 0xFF, 0xFE, 0x00,
  0x00, 0x00, 0x00, 0xFF, 0xFF, 0xE0, 0x00, 0x00, 0x00, 0x3F, 0xFF,
  0xFF, 0x00, 0x00, 0x00, 0x07, 0xFF, 0xFF, 0xFE, 0x00, 0x00, 0x01,
  0xFF, 0xFF, 0xFF, 0xF8, 0x00, 0x00, 0x3F, 0xFF, 0xFF, 0xFF, 0xE0,
  0x00, 0x07, 0xFF, 0xFF, 0xFF, 0xFE, 0x00, 0x00, 0xFF, 0xFF, 0xFF,
  0xFF, 0xF0, 0x00, 0x1F, 0xFF, 0xFF, 0xFF, 0xFE, 0x00, 0x03, 0xFF,
  0xFF, 0xFF, 0xFF, 0xE0, 0x00, 0x3F, 0xFF, 0xFF, 0xFF, 0xFC, 0x00,
  0x03, 0xFF, 0xFF, 0xFF, 0xFF, 0x80, 0x00, 0x1F, 0xFF, 0xFF, 0xFF,
  0xF0, 0x00, 0x00, 0xFF, 0xFF, 0xFF, 0xFE, 0x00, 0x00, 0x03, 0xFF,
  0xFF, 0xFF, 0x80, 0x00, 0x00, 0x0F, 0xFF, 0xFF, 0xE0, 0x00, 0x00,
  0x00, 0x3F, 0xFF, 0xFC, 0x00, 0x00, 0x00, 0x01, 0xFF, 0xFF, 0x00,
  0x00, 0x00, 0x00, 0x3F, 0xFF, 0xC0, 0x00, 0x00, 0x00, 0x03, 0xFF,
  0xF0, 0x00, 0x00, 0x00, 0x00, 0xFF, 0xFC, 0x00, 0x00, 0x00, 0x00,
  0x3F, 0xFF, 0x00, 0x00, 0x00, 0x00, 0x07, 0xFF, 0xC1, 0x00, 0x00,
  0x00, 0x01, 0xFF, 0xF0, 0xF0, 0x00, 0x00, 0x00, 0xFF, 0xFC, 0x3F,
  0x00, 0x00, 0x00, 0x3F, 0xFF, 0x1F, 0xF0, 0x00, 0x00, 0x1F, 0xFF,
  0xC7, 0xFF, 0x80, 0x00, 0x1F, 0xFF, 0xE3, 0xFF, 0xFE, 0x00, 0x1F,
  0xFF, 0xF8, 0xFF, 0xFF, 0xFF, 0xFF, 0xFF, 0xFC, 0x3F, 0xFF, 0xFF,
  0xFF, 0xFF, 0xFF, 0x1F, 0xFF, 0xFF, 0xFF, 0xFF, 0xFF, 0x87, 0xFF,
  0xFF, 0xFF, 0xFF, 0xFF, 0xC3, 0xFF, 0xFF, 0xFF, 0xFF, 0xFF, 0xE0,
  0x3F, 0xFF, 0xFF, 0xFF, 0xFF, 0xF0, 0x03, 0xFF, 0xFF, 0xFF, 0xFF,
  0xF8, 0x00, 0x3F, 0xFF, 0xFF, 0xFF, 0xF8, 0x00, 0x01, 0xFF, 0xFF,
  0xFF, 0xF8, 0x00, 0x00, 0x0F, 0xFF, 0xFF, 0xF0, 0x00, 0x00, 0x00,
  0x1F, 0xFF, 0xC0, 0x00, 0x00, 0xFF, 0xFF, 0xFF, 0xFF, 0xFF, 0xFF,
  0xFF, 0xFF, 0xFF, 0xFF, 0xFF, 0xFF, 0xFF, 0xFF, 0xFF, 0xFF, 0xFF,
  0xFF, 0xFF, 0xFF, 0xFF, 0xFF, 0xFF, 0xFF, 0xFF, 0xFF, 0xFF, 0xFF,
  0xFF, 0xFF, 0xFF, 0xFF, 0xFF, 0xFF, 0xFF, 0xFF, 0xFF, 0xFF, 0xFF,
  0xFF, 0xFF, 0xFF, 0xFF, 0xFF, 0xFF, 0xFF, 0xFF, 0xFF, 0xFF, 0xFF,
  0xFF, 0xFF, 0xFF, 0xFF, 0xFF, 0xFF, 0xFF, 0xFF, 0xFF, 0xFF, 0xFF,
  0xFF, 0xFF, 0xFF, 0xFF, 0xFF, 0xFF, 0xFF, 0xFF, 0xFF, 0xFF, 0xFF,
  0xFE, 0x00, 0x00, 0x1F, 0xFF, 0x80, 0x00, 0x00, 0x00, 0x00, 0xFF,
  0xFC, 0x00, 0x00, 0x00, 0x00, 0x07, 0xFF, 0xE0, 0x00, 0x00, 0x00,
  0x00, 0x3F, 0xFF, 0x00, 0x00, 0x00, 0x00, 0x01, 0xFF, 0xF8, 0x00,
  0x00, 0x00, 0x00, 0x0F, 0xFF, 0xC0, 0x00, 0x00, 0x00, 0x00, 0x7F,
  0xFE, 0x00, 0x00, 0x00, 0x00, 0x03, 0xFF, 0xF0, 0x00, 0x00, 0x00,
  0x00, 0x1F, 0xFF, 0x80, 0x00, 0x00, 0x00, 0x00, 0xFF, 0xFC, 0x00,
  0x00, 0x00, 0x00, 0x07, 0xFF, 0xE0, 0x00, 0x00, 0x00, 0x00, 0x3F,
  0xFF, 0x00, 0x00, 0x00, 0x00, 0x01, 0xFF, 0xF8, 0x00, 0x00, 0x00,
  0x00, 0x0F, 0xFF, 0xC0, 0x00, 0x00, 0x00, 0x00, 0x7F, 0xFE, 0x00,
  0x00, 0x00, 0x00, 0x03, 0xFF, 0xF0, 0x00, 0x00, 0x00, 0x00, 0x1F,
  0xFF, 0x80, 0x00, 0x00, 0x00, 0x00, 0xFF, 0xFC, 0x00, 0x00, 0x00,
  0x00, 0x07, 0xFF, 0xE0, 0x00, 0x00, 0x00, 0x00, 0x3F, 0xFF, 0x00,
  0x00, 0x00, 0x00, 0x01, 0xFF, 0xF8, 0x00, 0x00, 0x00, 0x00, 0x0F,
  0xFF, 0xC0, 0x00, 0x00, 0x00, 0x00, 0x7F, 0xFE, 0x00, 0x00, 0x00,
  0x00, 0x03, 0xFF, 0xF0, 0x00, 0x00, 0x00, 0x00, 0x1F, 0xFF, 0x80,
  0x00, 0x00, 0x00, 0x00, 0xFF, 0xFC, 0x00, 0x00, 0x00, 0x00, 0x07,
  0xFF, 0xE0, 0x00, 0x00, 0x00, 0x00, 0x3F, 0xFF, 0x00, 0x00, 0x00,
  0x00, 0x01, 0xFF, 0xF8, 0x00, 0x00, 0x00, 0x00, 0x0F, 0xFF, 0xC0,
  0x00, 0x00, 0x00, 0x00, 0x7F, 0xFE, 0x00, 0x00, 0x00, 0x00, 0x03,
  0xFF, 0xF0, 0x00, 0x00, 0x00, 0x00, 0x1F, 0xFF, 0x80, 0x00, 0x00,
  0x00, 0x00, 0xFF, 0xFC, 0x00, 0x00, 0x00, 0x00, 0x07, 0xFF, 0xE0,
  0x00, 0x00, 0x00, 0x00, 0x3F, 0xFF, 0x00, 0x00, 0x00, 0x00, 0x01,
  0xFF, 0xF8, 0x00, 0x00, 0x00, 0x00, 0x0F, 0xFF, 0xC0, 0x00, 0x00,
  0x00, 0x00, 0x7F, 0xFE, 0x00, 0x00, 0x00, 0x00, 0x03, 0xFF, 0xF0,
  0x00, 0x00, 0x00, 0x00, 0x1F, 0xFF, 0x80, 0x00, 0x00, 0x00, 0x00,
  0xFF, 0xFC, 0x00, 0x00, 0x00, 0x00, 0x07, 0xFF, 0xE0, 0x00, 0x00,
  0x00, 0x00, 0x3F, 0xFF, 0x00, 0x00, 0x00, 0x00, 0x01, 0xFF, 0xF8,
  0x00, 0x00, 0x00, 0x00, 0x0F, 0xFF, 0xC0, 0x00, 0x00, 0x00, 0x00,
  0x7F, 0xFE, 0x00, 0x00, 0x00, 0x00, 0x03, 0xFF, 0xF0, 0x00, 0x00,
  0x00, 0x00, 0x1F, 0xFF, 0x80, 0x00, 0x00, 0xFF, 0xFC, 0x00, 0x00,
  0x00, 0xFF, 0xFF, 0xFF, 0xF0, 0x00, 0x00, 0x03, 0xFF, 0xFF, 0xFF,
  0xC0, 0x00, 0x00, 0x0F, 0xFF, 0xFF, 0xFF, 0x00, 0x00, 0x00, 0x3F,
  0xFF, 0xFF, 0xFC, 0x00, 0x00, 0x00, 0xFF, 0xFF, 0xFF, 0xF0, 0x00,
  0x00, 0x03, 0xFF, 0xFF, 0xFF, 0xC0, 0x00, 0x00, 0x0F, 0xFF, 0xFF,
  0xFF, 0x00, 0x00, 0x00, 0x3F, 0xFF, 0xFF, 0xFC, 0x00, 0x00, 0x00,
  0xFF, 0xFF, 0xFF, 0xF0, 0x00, 0x00, 0x03, 0xFF, 0xFF, 0xFF, 0xC0,
  0x00, 0x00, 0x0F, 0xFF, 0xFF, 0xFF, 0x00, 0x00, 0x00, 0x3F, 0xFF,
  0xFF, 0xFC, 0x00, 0x00, 0x00, 0xFF, 0xFF, 0xFF, 0xF0, 0x00, 0x00,
  0x03, 0xFF, 0xFF, 0xFF, 0xC0, 0x00, 0x00, 0x0F, 0xFF, 0xFF, 0xFF,
  0x00, 0x00, 0x00, 0x3F, 0xFF, 0xFF, 0xFC, 0x00, 0x00, 0x00, 0xFF,
  0xFF, 0xFF, 0xF0, 0x00, 0x00, 0x03, 0xFF, 0xFF, 0xFF, 0xC0, 0x00,
  0x00, 0x0F, 0xFF, 0xFF, 0xFF, 0x00, 0x00, 0x00, 0x3F, 0xFF, 0xFF,
  0xFC, 0x00, 0x00, 0x00, 0xFF, 0xFF, 0xFF, 0xF0, 0x00, 0x00, 0x03,
  0xFF, 0xFF, 0xFF, 0xC0, 0x00, 0x00, 0x0F, 0xFF, 0xFF, 0xFF, 0x00,
  0x00, 0x00, 0x3F, 0xFF, 0xFF, 0xFC, 0x00, 0x00, 0x00, 0xFF, 0xFF,
  0xFF, 0xF0, 0x00, 0x00, 0x03, 0xFF, 0xFF, 0xFF, 0xC0, 0x00, 0x00,
  0x0F, 0xFF, 0xFF, 0xFF, 0x00, 0x00, 0x00, 0x3F, 0xFF, 0xFF, 0xFC,
  0x00, 0x00, 0x00, 0xFF, 0xFF, 0xFF, 0xF0, 0x00, 0x00, 0x03, 0xFF,
  0xFF, 0xFF, 0xC0, 0x00, 0x00, 0x0F, 0xFF, 0xFF, 0xFF, 0x00, 0x00,
  0x00, 0x3F, 0xFF, 0xFF, 0xFC, 0x00, 0x00, 0x00, 0xFF, 0xFF, 0xFF,
  0xF0, 0x00, 0x00, 0x03, 0xFF, 0xFF, 0xFF, 0xC0, 0x00, 0x00, 0x0F,
  0xFF, 0xFF, 0xFF, 0x00, 0x00, 0x00, 0x3F, 0xFF, 0xFF, 0xFC, 0x00,
  0x00, 0x00, 0xFF, 0xFF, 0xFF, 0xF0, 0x00, 0x00, 0x03, 0xFF, 0xFF,
  0xFF, 0xC0, 0x00, 0x00, 0x0F, 0xFF, 0xFF, 0xFF, 0x00, 0x00, 0x00,
  0x3F, 0xFF, 0xFF, 0xFC, 0x00, 0x00, 0x01, 0xFF, 0xFF, 0xFF, 0xF8,
  0x00, 0x00, 0x07, 0xFF, 0xE7, 0xFF, 0xE0, 0x00, 0x00, 0x1F, 0xFF,
  0x9F, 0xFF, 0xC0, 0x00, 0x00, 0xFF, 0xFE, 0x7F, 0xFF, 0x00, 0x00,
  0x07, 0xFF, 0xF9, 0xFF, 0xFE, 0x00, 0x00, 0x1F, 0xFF, 0xC3, 0xFF,
  0xFC, 0x00, 0x01, 0xFF, 0xFF, 0x0F, 0xFF, 0xFC, 0x00, 0x0F, 0xFF,
  0xF8, 0x1F, 0xFF, 0xFE, 0x01, 0xFF, 0xFF, 0xE0, 0x7F, 0xFF, 0xFF,
  0xFF, 0xFF, 0xFF, 0x00, 0xFF, 0xFF, 0xFF, 0xFF, 0xFF, 0xFC, 0x01,
  0xFF, 0xFF, 0xFF, 0xFF, 0xFF, 0xE0, 0x03, 0xFF, 0xFF, 0xFF, 0xFF,
  0xFF, 0x00, 0x0F, 0xFF, 0xFF, 0xFF, 0xFF, 0xF8, 0x00, 0x1F, 0xFF,
  0xFF, 0xFF, 0xFF, 0xC0, 0x00, 0x1F, 0xFF, 0xFF, 0xFF, 0xFE, 0x00,
  0x00, 0x3F, 0xFF, 0xFF, 0xFF, 0xF0, 0x00, 0x00, 0x3F, 0xFF, 0xFF,
  0xFF, 0x00, 0x00, 0x00, 0x3F, 0xFF, 0xFF, 0xF0, 0x00, 0x00, 0x00,
  0x3F, 0xFF, 0xFE, 0x00, 0x00, 0x00, 0x00, 0x0F, 0xFF, 0x80, 0x00,
  0x00, 0xFF, 0xFF, 0x00, 0x00, 0x00, 0x00, 0x0F, 0xFF, 0xDF, 0xFF,
  0xC0, 0x00, 0x00, 0x00, 0x03, 0xFF, 0xE7, 0xFF, 0xF0, 0x00, 0x00,
  0x00, 0x01, 0xFF, 0xF8, 0xFF, 0xFE, 0x00, 0x00, 0x00, 0x00, 0x7F,
  0xFE, 0x3F, 0xFF, 0x80, 0x00, 0x00, 0x00, 0x3F, 0xFF, 0x07, 0xFF,
  0xF0, 0x00, 0x00, 0x00, 0x0F, 0xFF, 0xC1, 0xFF, 0xFC, 0x00, 0x00,
  0x00, 0x07, 0xFF, 0xE0, 0x7F, 0xFF, 0x00, 0x00, 0x00, 0x01, 0xFF,
  0xF8, 0x0F, 0xFF, 0xE0, 0x00, 0x00, 0x00, 0xFF, 0xFC, 0x03, 0xFF,
  0xF8, 0x00, 0x00, 0x00, 0x3F, 0xFF, 0x00, 0x7F, 0xFF, 0x00, 0x00,
  0x00, 0x0F, 0xFF, 0x80, 0x1F, 0xFF, 0xC0, 0x00, 0x00, 0x07, 0xFF,
  0xE0, 0x03, 0xFF, 0xF8, 0x00, 0x00, 0x01, 0xFF, 0xF8, 0x00, 0xFF,
  0xFE, 0x00, 0x00, 0x00, 0xFF, 0xFC, 0x00, 0x3F, 0xFF, 0x80, 0x00,
  0x00, 0x3F, 0xFF, 0x00, 0x07, 0xFF, 0xF0, 0x00, 0x00, 0x1F, 0xFF,
  0x80, 0x01, 0xFF, 0xFC, 0x00, 0x00, 0x07, 0xFF, 0xE0, 0x00, 0x3F,
  0xFF, 0x80, 0x00, 0x01, 0xFF, 0xF0, 0x00, 0x0F, 0xFF, 0xE0, 0x00,
  0x00, 0xFF, 0xFC, 0x00, 0x01, 0xFF, 0xFC, 0x00, 0x00, 0x3F, 0xFF,
  0x00, 0x00, 0x7F, 0xFF, 0x00, 0x00, 0x1F, 0xFF, 0x80, 0x00, 0x0F,
  0xFF, 0xC0, 0x00, 0x07, 0xFF, 0xE0, 0x00, 0x03, 0xFF, 0xF8, 0x00,
  0x03, 0xFF, 0xF0, 0x00, 0x00, 0xFF, 0xFE, 0x00, 0x00, 0xFF, 0xFC,
  0x00, 0x00, 0x1F, 0xFF, 0xC0, 0x00, 0x3F, 0xFE, 0x00, 0x00, 0x07,
  0xFF, 0xF0, 0x00, 0x1F, 0xFF, 0x80, 0x00, 0x00, 0xFF, 0xFE, 0x00,
  0x07, 0xFF, 0xE0, 0x00, 0x00, 0x3F, 0xFF, 0x80, 0x03, 0xFF, 0xF0,
  0x00, 0x00, 0x07, 0xFF, 0xE0, 0x00, 0xFF, 0xFC, 0x00, 0x00, 0x01,
  0xFF, 0xFC, 0x00, 0x7F, 0xFE, 0x00, 0x00, 0x00, 0x7F, 0xFF, 0x00,
  0x1F, 0xFF, 0x80, 0x00, 0x00, 0x0F, 0xFF, 0xE0, 0x07, 0xFF, 0xC0,
  0x00, 0x00, 0x03, 0xFF, 0xF8, 0x03, 0xFF, 0xF0, 0x00, 0x00, 0x00,
  0x7F, 0xFF, 0x00, 0xFF, 0xF8, 0x00, 0x00, 0x00, 0x1F, 0xFF, 0xC0,
  0x7F, 0xFE, 0x00, 0x00, 0x00, 0x03, 0xFF, 0xF0, 0x1F, 0xFF, 0x80,
  0x00, 0x00, 0x00, 0xFF, 0xFE, 0x0F, 0xFF, 0xC0, 0x00, 0x00, 0x00,
  0x3F, 0xFF, 0x83, 0xFF, 0xF0, 0x00, 0x00, 0x00, 0x07, 0xFF, 0xF0,
  0xFF, 0xF8, 0x00, 0x00, 0x00, 0x01, 0xFF, 0xFC, 0x7F, 0xFE, 0x00,
  0x00, 0x00, 0x00, 0x3F, 0xFF, 0x9F, 0xFF, 0x00, 0x00, 0x00, 0x00,
  0x0F, 0xFF, 0xEF, 0xFF, 0xC0, 0x00, 0x00, 0x00, 0x01, 0xFF, 0xFB,
  0xFF, 0xF0, 0x00, 0x00, 0x00, 0x00, 0x7F, 0xFF, 0xFF, 0xF8, 0x00,
  0x00, 0x00, 0x00, 0x1F, 0xFF, 0xFF, 0xFE, 0x00, 0x00, 0x00, 0x00,
  0x03, 0xFF, 0xFF, 0xFF, 0x00, 0x00, 0x00, 0x00, 0x00, 0xFF, 0xFF,
  0xFF, 0xC0, 0x00, 0x00, 0x00, 0x00, 0x1F, 0xFF, 0xFF, 0xE0, 0x00,
  0x00, 0x00, 0x00, 0x07, 0xFF, 0xFF, 0xF8, 0x00, 0x00, 0x00, 0x00,
  0x00, 0xFF, 0xFF, 0xFE, 0x00, 0x00, 0x00, 0x00, 0x00, 0x3F, 0xFF,
  0xFF, 0x00, 0x00, 0x00, 0x00, 0x00, 0x07, 0xFF, 0xFF, 0xC0, 0x00,
  0x00, 0x00, 0x00, 0x01, 0xFF, 0xFF, 0xE0, 0x00, 0x00, 0x00, 0x00,
  0x00, 0x7F, 0xFF, 0xF8, 0x00, 0x00, 0x00, 0x00, 0x00, 0x0F, 0xFF,
  0xFC, 0x00, 0x00, 0x00, 0x00, 0x00, 0x03, 0xFF, 0xFF, 0x00, 0x00,
  0x00, 0x00, 0x00, 0x00, 0x7F, 0xFF, 0x80, 0x00, 0x00, 0x00, 0x00,
  0x00, 0x1F, 0xFF, 0xE0, 0x00, 0x00, 0x00, 0x00, 0x00, 0x03, 0xFF,
  0xF8, 0x00, 0x00, 0x00, 0x00, 0x00, 0x00, 0xFF, 0xFC, 0x00, 0x00,
  0x00, 0xFF, 0xFE, 0x00, 0x00, 0x00, 0x3F, 0xFE, 0x00, 0x00, 0x00,
  0x1F, 0xFF, 0xFF, 0xFE, 0x00, 0x00, 0x00, 0x3F, 0xFF, 0x00, 0x00,
  0x00, 0x3F, 0xFF, 0x7F, 0xFE, 0x00, 0x00, 0x00, 0x7F, 0xFF, 0x00,
  0x00, 0x00, 0x3F, 0xFE, 0x7F, 0xFE, 0x00, 0x00, 0x00, 0x7F, 0xFF,
  0x00, 0x00, 0x00, 0x3F, 0xFE, 0x7F, 0xFF, 0x00, 0x00, 0x00, 0x7F,
  0xFF, 0x00, 0x00, 0x00, 0x7F, 0xFE, 0x3F, 0xFF, 0x00, 0x00, 0x00,
  0xFF, 0xFF, 0x80, 0x00, 0x00, 0x7F, 0xFC, 0x3F, 0xFF, 0x00, 0x00,
  0x00, 0xFF, 0xFF, 0x80, 0x00, 0x00, 0x7F, 0xFC, 0x3F, 0xFF, 0x80,
  0x00, 0x00, 0xFF, 0xFF, 0x80, 0x00, 0x00, 0xFF, 0xFC, 0x1F, 0xFF,
  0x80, 0x00, 0x01, 0xFF, 0xFF, 0xC0, 0x00, 0x00, 0xFF, 0xF8, 0x1F,
  0xFF, 0x80, 0x00, 0x01, 0xFF, 0xFF, 0xC0, 0x00, 0x00, 0xFF, 0xF8,
  0x1F, 0xFF, 0xC0, 0x00, 0x01, 0xFF, 0xFF, 0xC0, 0x00, 0x01, 0xFF,
  0xF8, 0x0F, 0xFF, 0xC0, 0x00, 0x03, 0xFF, 0xFF, 0xE0, 0x00, 0x01,
  0xFF, 0xF0, 0x0F, 0xFF, 0xC0, 0x00, 0x03, 0xFF, 0xFF, 0xE0, 0x00,
  0x01, 0xFF, 0xF0, 0x0F, 0xFF, 0xE0, 0x00, 0x03, 0xFF, 0xFF, 0xE0,
  0x00, 0x03, 0xFF, 0xF0, 0x07, 0xFF, 0xE0, 0x00, 0x07, 0xFF, 0xFF,
  0xF0, 0x00, 0x03, 0xFF, 0xE0, 0x07, 0xFF, 0xE0, 0x00, 0x07, 0xFF,
  0xFF, 0xF0, 0x00, 0x03, 0xFF, 0xE0, 0x07, 0xFF, 0xF0, 0x00, 0x07,
  0xFF, 0xFF, 0xF0, 0x00, 0x07, 0xFF, 0xE0, 0x03, 0xFF, 0xF0, 0x00,
  0x0F, 0xFF, 0xFF, 0xF8, 0x00, 0x07, 0xFF, 0xC0, 0x03, 0xFF, 0xF0,
  0x00, 0x0F, 0xFF, 0xFF, 0xF8, 0x00, 0x07, 0xFF, 0xC0, 0x03, 0xFF,
  0xF8, 0x00, 0x0F, 0xFF, 0xFF, 0xF8, 0x00, 0x0F, 0xFF, 0xC0, 0x01,
  0xFF, 0xF8, 0x00, 0x1F, 0xFF, 0xFF, 0xFC, 0x00, 0x0F, 0xFF, 0x80,
  0x01, 0xFF, 0xF8, 0x00, 0x1F, 0xFF, 0x7F, 0xFC, 0x00, 0x0F, 0xFF,
  0x80, 0x01, 0xFF, 0xFC, 0x00, 0x1F, 0xFE, 0x7F, 0xFC, 0x00, 0x1F,
  0xFF, 0x80, 0x00, 0xFF, 0xFC, 0x00, 0x3F, 0xFE, 0x7F, 0xFE, 0x00,
  0x1F, 0xFF, 0x00, 0x00, 0xFF, 0xFC, 0x00, 0x3F, 0xFE, 0x3F, 0xFE,
  0x00, 0x1F, 0xFF, 0x00, 0x00, 0xFF, 0xFE, 0x00, 0x3F, 0xFC, 0x3F,
  0xFE, 0x00, 0x3F, 0xFF, 0x00, 0x00, 0x7F, 0xFE, 0x00, 0x7F, 0xFC,
  0x3F, 0xFF, 0x00, 0x3F, 0xFE, 0x00, 0x00, 0x7F, 0xFE, 0x00, 0x7F,
  0xFC, 0x1F, 0xFF, 0x00, 0x3F, 0xFE, 0x00, 0x00, 0x7F, 0xFE, 0x00,
  0x7F, 0xF8, 0x1F, 0xFF, 0x00, 0x7F, 0xFE, 0x00, 0x00, 0x3F, 0xFF,
  0x00, 0xFF, 0xF8, 0x1F, 0xFF, 0x80, 0x7F, 0xFC, 0x00, 0x00, 0x3F,
  0xFF, 0x00, 0xFF, 0xF8, 0x0F, 0xFF, 0x80, 0x7F, 0xFC, 0x00, 0x00,
  0x3F, 0xFF, 0x00, 0xFF, 0xF0, 0x0F, 0xFF, 0x80, 0xFF, 0xFC, 0x00,
  0x00, 0x1F, 0xFF, 0x81, 0xFF, 0xF0, 0x0F, 0xFF, 0x80, 0xFF, 0xF8,
  0x00, 0x00, 0x1F, 0xFF, 0x81, 0xFF, 0xF0, 0x07, 0xFF, 0xC0, 0xFF,
  0xF8, 0x00, 0x00, 0x1F, 0xFF, 0x81, 0xFF, 0xE0, 0x07, 0xFF, 0xC1,
  0xFF, 0xF8, 0x00, 0x00, 0x0F, 0xFF, 0xC3, 0xFF, 0xE0, 0x07, 0xFF,
  0xC1, 0xFF, 0xF0, 0x00, 0x00, 0x0F, 0xFF, 0xC3, 0xFF, 0xE0, 0x03,
  0xFF, 0xE1, 0xFF, 0xF0, 0x00, 0x00, 0x0F, 0xFF, 0xC3, 0xFF, 0xC0,
  0x03, 0xFF, 0xE3, 0xFF, 0xF0, 0x00, 0x00, 0x07, 0xFF, 0xE7, 0xFF,
  0xC0, 0x03, 0xFF, 0xE3, 0xFF, 0xE0, 0x00, 0x00, 0x07, 0xFF, 0xE7,
  0xFF, 0xC0, 0x01, 0xFF, 0xF3, 0xFF, 0xE0, 0x00, 0x00, 0x07, 0xFF,
  0xE7, 0xFF, 0x80, 0x01, 0xFF, 0xF7, 0xFF, 0xE0, 0x00, 0x00, 0x03,
  0xFF, 0xFF, 0xFF, 0x80, 0x01, 0xFF, 0xF7, 0xFF, 0xE0, 0x00, 0x00,
  0x03, 0xFF, 0xFF, 0xFF, 0x80, 0x00, 0xFF, 0xFF, 0xFF, 0xC0, 0x00,
  0x00, 0x03, 0xFF, 0xFF, 0xFF, 0x00, 0x00, 0xFF, 0xFF, 0xFF, 0xC0,
  0x00, 0x00, 0x01, 0xFF, 0xFF, 0xFF, 0x00, 0x00, 0xFF, 0xFF, 0xFF,
  0xC0, 0x00, 0x00, 0x01, 0xFF, 0xFF, 0xFF, 0x00, 0x00, 0x7F, 0xFF,
  0xFF, 0x80, 0x00, 0x00, 0x01, 0xFF, 0xFF, 0xFE, 0x00, 0x00, 0x7F,
  0xFF, 0xFF, 0x80, 0x00, 0x00, 0x00, 0xFF, 0xFF, 0xFE, 0x00, 0x00,
  0x7F, 0xFF, 0xFF, 0x80, 0x00, 0x00, 0x00, 0xFF, 0xFF, 0xFC, 0x00,
  0x00, 0x3F, 0xFF, 0xFF, 0x00, 0x00, 0x00, 0x00, 0xFF, 0xFF, 0xFC,
  0x00, 0x00, 0x3F, 0xFF, 0xFF, 0x00, 0x00, 0x00, 0x00, 0x7F, 0xFF,
  0xFC, 0x00, 0x00, 0x3F, 0xFF, 0xFF, 0x00, 0x00, 0x00, 0x00, 0x7F,
  0xFF, 0xF8, 0x00, 0x00, 0x1F, 0xFF, 0xFE, 0x00, 0x00, 0x00, 0x00,
  0x7F, 0xFF, 0xF8, 0x00, 0x00, 0x1F, 0xFF, 0xFE, 0x00, 0x00, 0x00,
  0x00, 0x3F, 0xFF, 0xF8, 0x00, 0x00, 0x1F, 0xFF, 0xFE, 0x00, 0x00,
  0x00, 0x00, 0x3F, 0xFF, 0xF0, 0x00, 0x00, 0x0F, 0xFF, 0xFC, 0x00,
  0x00, 0x00, 0x00, 0x3F, 0xFF, 0xF0, 0x00, 0x00, 0x0F, 0xFF, 0xFC,
  0x00, 0x00, 0x00, 0x00, 0x1F, 0xFF, 0xF0, 0x00, 0x00, 0x0F, 0xFF,
  0xFC, 0x00, 0x00, 0x00, 0x00, 0x1F, 0xFF, 0xE0, 0x00, 0x00, 0x07,
  0xFF, 0xF8, 0x00, 0x00, 0x00, 0x00, 0x1F, 0xFF, 0xE0, 0x00, 0x00,
  0x07, 0xFF, 0xF8, 0x00, 0x00, 0x00, 0x00, 0x1F, 0xFF, 0xE0, 0x00,
  0x00, 0x07, 0xFF, 0xF8, 0x00, 0x00, 0x7F, 0xFF, 0xC0, 0x00, 0x00,
  0x0F, 0xFF, 0xF1, 0xFF, 0xFE, 0x00, 0x00, 0x00, 0x7F, 0xFF, 0x07,
  0xFF, 0xF8, 0x00, 0x00, 0x07, 0xFF, 0xF0, 0x1F, 0xFF, 0xE0, 0x00,
  0x00, 0x7F, 0xFF, 0x00, 0x7F, 0xFF, 0x00, 0x00, 0x03, 0xFF, 0xF0,
  0x03, 0xFF, 0xFC, 0x00, 0x00, 0x3F, 0xFF, 0x80, 0x0F, 0xFF, 0xF0,
  0x00, 0x03, 0xFF, 0xF8, 0x00, 0x3F, 0xFF, 0x80, 0x00, 0x3F, 0xFF,
  0x80, 0x01, 0xFF, 0xFE, 0x00, 0x01, 0xFF, 0xFC, 0x00, 0x07, 0xFF,
  0xF8, 0x00, 0x1F, 0xFF, 0xC0, 0x00, 0x1F, 0xFF, 0xC0, 0x01, 0xFF,
  0xFC, 0x00, 0x00, 0xFF, 0xFF, 0x00, 0x0F, 0xFF, 0xC0, 0x00, 0x03,
  0xFF, 0xFC, 0x00, 0xFF, 0xFE, 0x00, 0x00, 0x0F, 0xFF, 0xF0, 0x0F,
  0xFF, 0xE0, 0x00, 0x00, 0x3F, 0xFF, 0x80, 0x7F, 0xFE, 0x00, 0x00,
  0x01, 0xFF, 0xFE, 0x07, 0xFF, 0xF0, 0x00, 0x00, 0x07, 0xFF, 0xF8,
  0x7F, 0xFF, 0x00, 0x00, 0x00, 0x1F, 0xFF, 0xC3, 0xFF, 0xF0, 0x00,
  0x00, 0x00, 0xFF, 0xFF, 0x3F, 0xFF, 0x00, 0x00, 0x00, 0x03, 0xFF,
  0xFF, 0xFF, 0xF8, 0x00, 0x00, 0x00, 0x0F, 0xFF, 0xFF, 0xFF, 0x80,
  0x00, 0x00, 0x00, 0x3F, 0xFF, 0xFF, 0xF8, 0x00, 0x00, 0x00, 0x01,
  0xFF, 0xFF, 0xFF, 0xC0, 0x00, 0x00, 0x00, 0x07, 0xFF, 0xFF, 0xFC,
  0x00, 0x00, 0x00, 0x00, 0x1F, 0xFF, 0xFF, 0xC0, 0x00, 0x00, 0x00,
  0x00, 0xFF, 0xFF, 0xFC, 0x00, 0x00, 0x00, 0x00, 0x03, 0xFF, 0xFF,
  0xE0, 0x00, 0x00, 0x00, 0x00, 0x0F, 0xFF, 0xFE, 0x00, 0x00, 0x00,
  0x00, 0x00, 0x7F, 0xFF, 0xE0, 0x00, 0x00, 0x00, 0x00, 0x01, 0xFF,
  0xFF, 0x00, 0x00, 0x00, 0x00, 0x00, 0x0F, 0xFF, 0xFC, 0x00, 0x00,
  0x00, 0x00, 0x00, 0xFF, 0xFF, 0xE0, 0x00, 0x00, 0x00, 0x00, 0x07,
  0xFF, 0xFF, 0x80, 0x00, 0x00, 0x00, 0x00, 0x7F, 0xFF, 0xFE, 0x00,
  0x00, 0x00, 0x00, 0x07, 0xFF, 0xFF, 0xF0, 0x00, 0x00, 0x00, 0x00,
  0x7F, 0xFF, 0xFF, 0xC0, 0x00, 0x00, 0x00, 0x03, 0xFF, 0xFF, 0xFF,
  0x00, 0x00, 0x00, 0x00, 0x3F, 0xFF, 0xFF, 0xFC, 0x00, 0x00, 0x00,
  0x03, 0xFF, 0xFF, 0xFF, 0xE0, 0x00, 0x00, 0x00, 0x3F, 0xFF, 0xBF,
  0xFF, 0x80, 0x00, 0x00, 0x01, 0xFF, 0xFD, 0xFF, 0xFE, 0x00, 0x00,
  0x00, 0x1F, 0xFF, 0xC7, 0xFF, 0xF8, 0x00, 0x00, 0x01, 0xFF, 0xFC,
  0x1F, 0xFF, 0xC0, 0x00, 0x00, 0x1F, 0xFF, 0xE0, 0xFF, 0xFF, 0x00,
  0x00, 0x00, 0xFF, 0xFE, 0x03, 0xFF, 0xFC, 0x00, 0x00, 0x0F, 0xFF,
  0xE0, 0x0F, 0xFF, 0xF0, 0x00, 0x00, 0xFF, 0xFF, 0x00, 0x3F, 0xFF,
  0x80, 0x00, 0x0F, 0xFF, 0xF0, 0x01, 0xFF, 0xFE, 0x00, 0x00, 0x7F,
  0xFF, 0x00, 0x07, 0xFF, 0xF8, 0x00, 0x07, 0xFF, 0xF8, 0x00, 0x1F,
  0xFF, 0xC0, 0x00, 0x7F, 0xFF, 0x80, 0x00, 0xFF, 0xFF, 0x00, 0x03,
  0xFF, 0xF8, 0x00, 0x03, 0xFF, 0xFC, 0x00, 0x3F, 0xFF, 0x80, 0x00,
  0x0F, 0xFF, 0xF0, 0x03, 0xFF, 0xFC, 0x00, 0x00, 0x7F, 0xFF, 0x80,
  0x3F, 0xFF, 0xC0, 0x00, 0x01, 0xFF, 0xFE, 0x01, 0xFF, 0xFC, 0x00,
  0x00, 0x07, 0xFF, 0xF8, 0x1F, 0xFF, 0xE0, 0x00, 0x00, 0x1F, 0xFF,
  0xE1, 0xFF, 0xFE, 0x00, 0x00, 0x00, 0xFF, 0xFF, 0x1F, 0xFF, 0xE0,
  0x00, 0x00, 0x03, 0xFF, 0xFD, 0xFF, 0xFF, 0x00, 0x00, 0x00, 0x0F,
  0xFF, 0xF0, 0xFF, 0xFE, 0x00, 0x00, 0x00, 0x03, 0xFF, 0xF7, 0xFF,
  0xE0, 0x00, 0x00, 0x00, 0x3F, 0xFF, 0x7F, 0xFF, 0x00, 0x00, 0x00,
  0x07, 0xFF, 0xE3, 0xFF, 0xF8, 0x00, 0x00, 0x00, 0x7F, 0xFC, 0x3F,
  0xFF, 0x80, 0x00, 0x00, 0x0F, 0xFF, 0xC1, 0xFF, 0xFC, 0x00, 0x00,
  0x01, 0xFF, 0xF8, 0x0F, 0xFF, 0xC0, 0x00, 0x00, 0x1F, 0xFF, 0x80,
  0xFF, 0xFE, 0x00, 0x00, 0x03, 0xFF, 0xF0, 0x07, 0xFF, 0xF0, 0x00,
  0x00, 0x3F, 0xFE, 0x00, 0x7F, 0xFF, 0x00, 0x00, 0x07, 0xFF, 0xE0,
  0x03, 0xFF, 0xF8, 0x00, 0x00, 0xFF, 0xFC, 0x00, 0x1F, 0xFF, 0x80,
  0x00, 0x0F, 0xFF, 0xC0, 0x01, 0xFF, 0xFC, 0x00, 0x01, 0xFF, 0xF8,
  0x00, 0x0F, 0xFF, 0xE0, 0x00, 0x1F, 0xFF, 0x00, 0x00, 0xFF, 0xFE,
  0x00, 0x03, 0xFF, 0xF0, 0x00, 0x07, 0xFF, 0xF0, 0x00, 0x7F, 0xFE,
  0x00, 0x00, 0x3F, 0xFF, 0x00, 0x07, 0xFF, 0xE0, 0x00, 0x03, 0xFF,
  0xF8, 0x00, 0xFF, 0xFC, 0x00, 0x00, 0x1F, 0xFF, 0xC0, 0x0F, 0xFF,
  0x80, 0x00, 0x01, 0xFF, 0xFC, 0x01, 0xFF, 0xF8, 0x00, 0x00, 0x0F,
  0xFF, 0xE0, 0x3F, 0xFF, 0x00, 0x00, 0x00, 0x7F, 0xFE, 0x03, 0xFF,
  0xF0, 0x00, 0x00, 0x07, 0xFF, 0xF0, 0x7F, 0xFE, 0x00, 0x00, 0x00,
  0x3F, 0xFF, 0x87, 0xFF, 0xC0, 0x00, 0x00, 0x03, 0xFF, 0xF8, 0xFF,
  0xFC, 0x00, 0x00, 0x00, 0x1F, 0xFF, 0xDF, 0xFF, 0x80, 0x00, 0x00,
  0x00, 0xFF, 0xFD, 0xFF, 0xF8, 0x00, 0x00, 0x00, 0x0F, 0xFF, 0xFF,
  0xFF, 0x00, 0x00, 0x00, 0x00, 0x7F, 0xFF, 0xFF, 0xE0, 0x00, 0x00,
  0x00, 0x07, 0xFF, 0xFF, 0xFE, 0x00, 0x00, 0x00, 0x00, 0x3F, 0xFF,
  0xFF, 0xC0, 0x00, 0x00, 0x00, 0x01, 0xFF, 0xFF, 0xFC, 0x00, 0x00,
  0x00, 0x00, 0x1F, 0xFF, 0xFF, 0x80, 0x00, 0x00, 0x00, 0x00, 0xFF,
  0xFF, 0xF0, 0x00, 0x00, 0x00, 0x00, 0x0F, 0xFF, 0xFF, 0x00, 0x00,
  0x00, 0x00, 0x00, 0x7F, 0xFF, 0xE0, 0x00, 0x00, 0x00, 0x00, 0x03,
  0xFF, 0xFE, 0x00, 0x00, 0x00, 0x00, 0x00, 0x3F, 0xFF, 0xC0, 0x00,
  0x00, 0x00, 0x00, 0x01, 0xFF, 0xF8, 0x00, 0x00, 0x00, 0x00, 0x00,
  0x1F, 0xFF, 0x80, 0x00, 0x00, 0x00, 0x00, 0x01, 0xFF, 0xF8, 0x00,
  0x00, 0x00, 0x00, 0x00, 0x1F, 0xFF, 0x80, 0x00, 0x00, 0x00, 0x00,
  0x01, 0xFF, 0xF8, 0x00, 0x00, 0x00, 0x00, 0x00, 0x1F, 0xFF, 0x80,
  0x00, 0x00, 0x00, 0x00, 0x01, 0xFF, 0xF8, 0x00, 0x00, 0x00, 0x00,
  0x00, 0x1F, 0xFF, 0x80, 0x00, 0x00, 0x00, 0x00, 0x01, 0xFF, 0xF8,
  0x00, 0x00, 0x00, 0x00, 0x00, 0x1F, 0xFF, 0x80, 0x00, 0x00, 0x00,
  0x00, 0x01, 0xFF, 0xF8, 0x00, 0x00, 0x00, 0x00, 0x00, 0x1F, 0xFF,
  0x80, 0x00, 0x00, 0x00, 0x00, 0x01, 0xFF, 0xF8, 0x00, 0x00, 0x00,
  0x00, 0x00, 0x1F, 0xFF, 0x80, 0x00, 0x00, 0x00, 0x00, 0x01, 0xFF,
  0xF8, 0x00, 0x00, 0x00, 0x00, 0x00, 0x1F, 0xFF, 0x80, 0x00, 0x00,
  0x00, 0x00, 0x01, 0xFF, 0xF8, 0x00, 0x00, 0x00, 0x00, 0x00, 0x1F,
  0xFF, 0x80, 0x00, 0x00, 0x00, 0x00, 0x01, 0xFF, 0xF8, 0x00, 0x00,
  0x00, 0x00, 0x00, 0x1F, 0xFF, 0x80, 0x00, 0x00, 0x00, 0x00, 0x01,
  0xFF, 0xF8, 0x00, 0x00, 0x00, 0x00, 0x00, 0x1F, 0xFF, 0x80, 0x00,
  0x00, 0x7F, 0xFF, 0xFF, 0xFF, 0xFF, 0xFF, 0xF3, 0xFF, 0xFF, 0xFF,
  0xFF, 0xFF, 0xFF, 0x9F, 0xFF, 0xFF, 0xFF, 0xFF, 0xFF, 0xFC, 0xFF,
  0xFF, 0xFF, 0xFF, 0xFF, 0xFF, 0xE7, 0xFF, 0xFF, 0xFF, 0xFF, 0xFF,
  0xFF, 0x3F, 0xFF, 0xFF, 0xFF, 0xFF, 0xFF, 0xF9, 0xFF, 0xFF, 0xFF,
  0xFF, 0xFF, 0xFF, 0xCF, 0xFF, 0xFF, 0xFF, 0xFF, 0xFF, 0xFE, 0x7F,
  0xFF, 0xFF, 0xFF, 0xFF, 0xFF, 0xF3, 0xFF, 0xFF, 0xFF, 0xFF, 0xFF,
  0xFF, 0x1F, 0xFF, 0xFF, 0xFF, 0xFF, 0xFF, 0xF0, 0x00, 0x00, 0x00,
  0x00, 0xFF, 0xFF, 0x00, 0x00, 0x00, 0x00, 0x0F, 0xFF, 0xF8, 0x00,
  0x00, 0x00, 0x00, 0xFF, 0xFF, 0x80, 0x00, 0x00, 0x00, 0x0F, 0xFF,
  0xF8, 0x00, 0x00, 0x00, 0x00, 0x7F, 0xFF, 0x80, 0x00, 0x00, 0x00,
  0x07, 0xFF, 0xF8, 0x00, 0x00, 0x00, 0x00, 0x7F, 0xFF, 0x80, 0x00,
  0x00, 0x00, 0x07, 0xFF, 0xFC, 0x00, 0x00, 0x00, 0x00, 0x7F, 0xFF,
  0xC0, 0x00, 0x00, 0x00, 0x07, 0xFF, 0xFC, 0x00, 0x00, 0x00, 0x00,
  0x3F, 0xFF, 0xC0, 0x00, 0x00, 0x00, 0x03, 0xFF, 0xFC, 0x00, 0x00,
  0x00, 0x00, 0x3F, 0xFF, 0xE0, 0x00, 0x00, 0x00, 0x03, 0xFF, 0xFE,
  0x00, 0x00, 0x00, 0x00, 0x3F, 0xFF, 0xE0, 0x00, 0x00, 0x00, 0x01,
  0xFF, 0xFE, 0x00, 0x00, 0x00, 0x00, 0x1F, 0xFF, 0xE0, 0x00, 0x00,
  0x00, 0x01, 0xFF, 0xFE, 0x00, 0x00, 0x00, 0x00, 0x1F, 0xFF, 0xF0,
  0x00, 0x00, 0x00, 0x01, 0xFF, 0xFF, 0x00, 0x00, 0x00, 0x00, 0x1F,
  0xFF, 0xF0, 0x00, 0x00, 0x00, 0x00, 0xFF, 0xFF, 0x00, 0x00, 0x00,
  0x00, 0x0F, 0xFF, 0xF0, 0x00, 0x00, 0x00, 0x00, 0xFF, 0xFF, 0x80,
  0x00, 0x00, 0x00, 0x0F, 0xFF, 0xF8, 0x00, 0x00, 0x00, 0x00, 0xFF,
  0xFF, 0x80, 0x00, 0x00, 0x00, 0x07, 0xFF, 0xF8, 0x00, 0x00, 0x00,
  0x00, 0x7F, 0xFF, 0x80, 0x00, 0x00, 0x00, 0x07, 0xFF, 0xF8, 0x00,
  0x00, 0x00, 0x00, 0x7F, 0xFF, 0xC0, 0x00, 0x00, 0x00, 0x07, 0xFF,
  0xFC, 0x00, 0x00, 0x00, 0x00, 0x7F, 0xFF, 0xC0, 0x00, 0x00, 0x00,
  0x03, 0xFF, 0xFC, 0x00, 0x00, 0x00, 0x00, 0x3F, 0xFF, 0xC0, 0x00,
  0x00, 0x00, 0x03, 0xFF, 0xFE, 0x00, 0x00, 0x00, 0x00, 0x3F, 0xFF,
  0xE0, 0x00, 0x00, 0x00, 0x03, 0xFF, 0xFE, 0x00, 0x00, 0x00, 0x00,
  0x1F, 0xFF, 0xE0, 0x00, 0x00, 0x00, 0x01, 0xFF, 0xFF, 0xFF, 0xFF,
  0xFF, 0xFF, 0xDF, 0xFF, 0xFF, 0xFF, 0xFF, 0xFF, 0xFF, 0xFF, 0xFF,
  0xFF, 0xFF, 0xFF, 0xFF, 0xFF, 0xFF, 0xFF, 0xFF, 0xFF, 0xFF, 0xFF,
  0xFF, 0xFF, 0xFF, 0xFF, 0xFF, 0xFF, 0xFF, 0xFF, 0xFF, 0xFF, 0xFF,
  0xFF, 0xFF, 0xFF, 0xFF, 0xFF, 0xFF, 0xFF, 0xFF, 0xFF, 0xFF, 0xFF,
  0xFF, 0xFF, 0xFF, 0xFF, 0xFF, 0xFF, 0xFF, 0xFF, 0xFF, 0xFF, 0xFF,
  0xFF, 0xFF, 0xFF, 0xFF, 0xFF, 0xFF, 0xFF, 0xFF, 0xFF, 0xFF, 0xFF,
  0xFF, 0xFF, 0xF0, 0xFF, 0xFF, 0xFF, 0xFF, 0xFF, 0xFF, 0xFF, 0xFF,
  0xFF, 0xFF, 0xFF, 0xFF, 0xFF, 0xFF, 0xFF, 0xFF, 0xFF, 0xFF, 0xFF,
  0xFF, 0xFF, 0xFF, 0xFF, 0xFF, 0xFF, 0xFF, 0xFF, 0xFF, 0xFF, 0xFF,
  0xFF, 0xFF, 0xFF, 0xE0, 0x0F, 0xFF, 0xC0, 0x1F, 0xFF, 0x80, 0x3F,
  0xFF, 0x00, 0x7F, 0xFE, 0x00, 0xFF, 0xFC, 0x01, 0xFF, 0xF8, 0x03,
  0xFF, 0xF0, 0x07, 0xFF, 0xE0, 0x0F, 0xFF, 0xC0, 0x1F, 0xFF, 0x80,
  0x3F, 0xFF, 0x00, 0x7F, 0xFE, 0x00, 0xFF, 0xFC, 0x01, 0xFF, 0xF8,
  0x03, 0xFF, 0xF0, 0x07, 0xFF, 0xE0, 0x0F, 0xFF, 0xC0, 0x1F, 0xFF,
  0x80, 0x3F, 0xFF, 0x00, 0x7F, 0xFE, 0x00, 0xFF, 0xFC, 0x01, 0xFF,
  0xF8, 0x03, 0xFF, 0xF0, 0x07, 0xFF, 0xE0, 0x0F, 0xFF, 0xC0, 0x1F,
  0xFF, 0x80, 0x3F, 0xFF, 0x00, 0x7F, 0xFE, 0x00, 0xFF, 0xFC, 0x01,
  0xFF, 0xF8, 0x03, 0xFF, 0xF0, 0x07, 0xFF, 0xE0, 0x0F, 0xFF, 0xC0,
  0x1F, 0xFF, 0x80, 0x3F, 0xFF, 0x00, 0x7F, 0xFE, 0x00, 0xFF, 0xFC,
  0x01, 0xFF, 0xF8, 0x03, 0xFF, 0xF0, 0x07, 0xFF, 0xE0, 0x0F, 0xFF,
  0xC0, 0x1F, 0xFF, 0x80, 0x3F, 0xFF, 0x00, 0x7F, 0xFE, 0x00, 0xFF,
  0xFC, 0x01, 0xFF, 0xF8, 0x03, 0xFF, 0xF0, 0x07, 0xFF, 0xE0, 0x0F,
  0xFF, 0xC0, 0x1F, 0xFF, 0x80, 0x3F, 0xFF, 0x00, 0x7F, 0xFE, 0x00,
  0xFF, 0xFC, 0x01, 0xFF, 0xF8, 0x03, 0xFF, 0xF0, 0x07, 0xFF, 0xE0,
  0x0F, 0xFF, 0xC0, 0x1F, 0xFF, 0x80, 0x3F, 0xFF, 0xFF, 0xFF, 0xFF,
  0xFF, 0xFF, 0xFF, 0xFF, 0xFF, 0xFF, 0xFF, 0xFF, 0xFF, 0xFF, 0xFF,
  0xFF, 0xFF, 0xFF, 0xFF, 0xFF, 0xFF, 0xFF, 0xFF, 0xFF, 0xFF, 0xFF,
  0xFF, 0xFF, 0xFF, 0xFF, 0xFE, 0xFF, 0xF0, 0x00, 0x00, 0x00, 0x3F,
  0xFC, 0x00, 0x00, 0x00, 0x1F, 0xFE, 0x00, 0x00, 0x00, 0x07, 0xFF,
  0x00, 0x00, 0x00, 0x03, 0xFF, 0xC0, 0x00, 0x00, 0x01, 0xFF, 0xE0,
  0x00, 0x00, 0x00, 0x7F, 0xF8, 0x00, 0x00, 0x00, 0x3F, 0xFC, 0x00,
  0x00, 0x00, 0x1F, 0xFE, 0x00, 0x00, 0x00, 0x07, 0xFF, 0x80, 0x00,
  0x00, 0x03, 0xFF, 0xC0, 0x00, 0x00, 0x01, 0xFF, 0xE0, 0x00, 0x00,
  0x00, 0x7F, 0xF8, 0x00, 0x00, 0x00, 0x3F, 0xFC, 0x00, 0x00, 0x00,
  0x1F, 0xFE, 0x00, 0x00, 0x00, 0x07, 0xFF, 0x80, 0x00, 0x00, 0x03,
  0xFF, 0xC0, 0x00, 0x00, 0x01, 0xFF, 0xE0, 0x00, 0x00, 0x00, 0x7F,
  0xF8, 0x00, 0x00, 0x00, 0x3F, 0xFC, 0x00, 0x00, 0x00, 0x1F, 0xFE,
  0x00, 0x00, 0x00, 0x07, 0xFF, 0x80, 0x00, 0x00, 0x03, 0xFF, 0xC0,
  0x00, 0x00, 0x00, 0xFF, 0xE0, 0x00, 0x00, 0x00, 0x7F, 0xF8, 0x00,
  0x00, 0x00, 0x3F, 0xFC, 0x00, 0x00, 0x00, 0x0F, 0xFF, 0x00, 0x00,
  0x00, 0x07, 0xFF, 0x80, 0x00, 0x00, 0x03, 0xFF, 0xC0, 0x00, 0x00,
  0x00, 0xFF, 0xF0, 0x00, 0x00, 0x00, 0x7F, 0xF8, 0x00, 0x00, 0x00,
  0x3F, 0xFC, 0x00, 0x00, 0x00, 0x0F, 0xFF, 0x00, 0x00, 0x00, 0x07,
  0xFF, 0x80, 0x00, 0x00, 0x03, 0xFF, 0xC0, 0x00, 0x00, 0x00, 0xFF,
  0xF0, 0x00, 0x00, 0x00, 0x7F, 0xF8, 0x00, 0x00, 0x00, 0x3F, 0xFC,
  0x00, 0x00, 0x00, 0x0F, 0xFF, 0x00, 0x00, 0x00, 0x07, 0xFF, 0x80,
  0x00, 0x00, 0x03, 0xFF, 0xC0, 0x00, 0x00, 0x00, 0xFF, 0xF0, 0x00,
  0x00, 0x00, 0x7F, 0xF8, 0x00, 0x00, 0x00, 0x1F, 0xFE, 0x00, 0x00,
  0x00, 0x0F, 0xFF, 0x00, 0x00, 0x00, 0x07, 0xFF, 0x80, 0x00, 0x00,
  0x01, 0xFF, 0xE0, 0x00, 0x00, 0x00, 0xFF, 0xF0, 0x00, 0x00, 0x00,
  0x7F, 0xF8, 0x00, 0x00, 0x00, 0x1F, 0xFE, 0x00, 0x00, 0x00, 0x0F,
  0xFF, 0x00, 0x00, 0x00, 0x07, 0xFF, 0x80, 0x00, 0x00, 0x01, 0xFF,
  0xE0, 0x00, 0x00, 0x00, 0xFF, 0xF0, 0x00, 0x00, 0x00, 0x7F, 0xF8,
  0x00, 0x00, 0x00, 0x1F, 0xFE, 0x00, 0x00, 0x00, 0x0F, 0xFF, 0x00,
  0x00, 0x00, 0x07, 0xFF, 0x80, 0x00, 0x00, 0x01, 0xFF, 0xE0, 0x00,
  0x00, 0x00, 0xFF, 0xF0, 0x00, 0x00, 0x00, 0x7F, 0xF8, 0x00, 0x00,
  0x00, 0x1F, 0xFE, 0x00, 0x00, 0x00, 0x0F, 0xFF, 0x00, 0x00, 0x00,
  0x03, 0xFF, 0xC0, 0x00, 0x00, 0x01, 0xFF, 0xE0, 0x00, 0x00, 0x00,
  0xFF, 0xF0, 0x00, 0x00, 0x00, 0x3F, 0xFC, 0x00, 0x00, 0x00, 0x1F,
  0xFE, 0x00, 0x00, 0x00, 0x0F, 0xFF, 0x00, 0x00, 0x00, 0x03, 0xFF,
  0xC0, 0x00, 0x00, 0x01, 0xFF, 0xE0, 0x00, 0x00, 0x00, 0xFF, 0xF0,
  0x00, 0x00, 0x00, 0x3F, 0xFC, 0x00, 0x00, 0x00, 0x1F, 0xFE, 0x00,
  0x00, 0x00, 0x0F, 0xFF, 0x00, 0x00, 0x00, 0x03, 0xFF, 0xC0, 0x00,
  0x00, 0x01, 0xFF, 0xE0, 0x00, 0x00, 0x00, 0xFF, 0xF0, 0x00, 0x00,
  0x00, 0x3F, 0xFC, 0x00, 0x00, 0x00, 0x1F, 0xFE, 0x00, 0x00, 0x00,
  0x07, 0xFF, 0x80, 0xFF, 0xFF, 0xFF, 0xFF, 0xFF, 0xFF, 0xFF, 0xFF,
  0xFF, 0xFF, 0xFF, 0xFF, 0xFF, 0xFF, 0xFF, 0xFF, 0xFF, 0xFF, 0xFF,
  0xFF, 0xFF, 0xFF, 0xFF, 0xFF, 0xFF, 0xFF, 0xFF, 0xFF, 0xFF, 0xFF,
  0xFF, 0xFF, 0xFF, 0x00, 0x3F, 0xFF, 0x00, 0x3F, 0xFF, 0x00, 0x3F,
  0xFF, 0x00, 0x3F, 0xFF, 0x00, 0x3F, 0xFF, 0x00, 0x3F, 0xFF, 0x00,
  0x3F, 0xFF, 0x00, 0x3F, 0xFF, 0x00, 0x3F, 0xFF, 0x00, 0x3F, 0xFF,
  0x00, 0x3F, 0xFF, 0x00, 0x3F, 0xFF, 0x00, 0x3F, 0xFF, 0x00, 0x3F,
  0xFF, 0x00, 0x3F, 0xFF, 0x00, 0x3F, 0xFF, 0x00, 0x3F, 0xFF, 0x00,
  0x3F, 0xFF, 0x00, 0x3F, 0xFF, 0x00, 0x3F, 0xFF, 0x00, 0x3F, 0xFF,
  0x00, 0x3F, 0xFF, 0x00, 0x3F, 0xFF, 0x00, 0x3F, 0xFF, 0x00, 0x3F,
  0xFF, 0x00, 0x3F, 0xFF, 0x00, 0x3F, 0xFF, 0x00, 0x3F, 0xFF, 0x00,
  0x3F, 0xFF, 0x00, 0x3F, 0xFF, 0x00, 0x3F, 0xFF, 0x00, 0x3F, 0xFF,
  0x00, 0x3F, 0xFF, 0x00, 0x3F, 0xFF, 0x00, 0x3F, 0xFF, 0x00, 0x3F,
  0xFF, 0x00, 0x3F, 0xFF, 0x00, 0x3F, 0xFF, 0x00, 0x3F, 0xFF, 0x00,
  0x3F, 0xFF, 0x00, 0x3F, 0xFF, 0x00, 0x3F, 0xFF, 0x00, 0x3F, 0xFF,
  0x00, 0x3F, 0xFF, 0x00, 0x3F, 0xFF, 0x00, 0x3F, 0xFF, 0x00, 0x3F,
  0xFF, 0x00, 0x3F, 0xFF, 0x00, 0x3F, 0xFF, 0x00, 0x3F, 0xFF, 0x00,
  0x3F, 0xFF, 0x00, 0x3F, 0xFF, 0x00, 0x3F, 0xFF, 0x00, 0x3F, 0xFF,
  0x00, 0x3F, 0xFF, 0x00, 0x3F, 0xFF, 0x00, 0x3F, 0xFF, 0x00, 0x3F,
  0xFF, 0x00, 0x3F, 0xFF, 0xFF, 0xFF, 0xFF, 0xFF, 0xFF, 0xFF, 0xFF,
  0xFF, 0xFF, 0xFF, 0xFF, 0xFF, 0xFF, 0xFF, 0xFF, 0xFF, 0xFF, 0xFF,
  0xFF, 0xFF, 0xFF, 0xFF, 0xFF, 0xFF, 0xFF, 0xFF, 0xFF, 0xFF, 0xFF,
  0xFF, 0xFF, 0xFF, 0xFF, 0x00, 0x01, 0xFF, 0xC0, 0x00, 0x00, 0x00,
  0x7F, 0xF8, 0x00, 0x00, 0x00, 0x3F, 0xFE, 0x00, 0x00, 0x00, 0x0F,
  0xFF, 0xC0, 0x00, 0x00, 0x03, 0xFF, 0xF0, 0x00, 0x00, 0x01, 0xFF,
  0xFE, 0x00, 0x00, 0x00, 0x7F, 0xFF, 0x80, 0x00, 0x00, 0x3F, 0xFF,
  0xE0, 0x00, 0x00, 0x0F, 0xFF, 0xFC, 0x00, 0x00, 0x07, 0xFF, 0xFF,
  0x00, 0x00, 0x01, 0xFF, 0xFF, 0xE0, 0x00, 0x00, 0xFF, 0xDF, 0xF8,
  0x00, 0x00, 0x3F, 0xF3, 0xFF, 0x00, 0x00, 0x0F, 0xFC, 0xFF, 0xC0,
  0x00, 0x07, 0xFE, 0x3F, 0xF0, 0x00, 0x01, 0xFF, 0x87, 0xFE, 0x00,
  0x00, 0xFF, 0xC1, 0xFF, 0x80, 0x00, 0x3F, 0xF0, 0x3F, 0xF0, 0x00,
  0x1F, 0xFC, 0x0F, 0xFC, 0x00, 0x07, 0xFE, 0x01, 0xFF, 0x80, 0x01,
  0xFF, 0x80, 0x7F, 0xE0, 0x00, 0xFF, 0xC0, 0x1F, 0xF8, 0x00, 0x3F,
  0xF0, 0x03, 0xFF, 0x00, 0x1F, 0xF8, 0x00, 0xFF, 0xC0, 0x07, 0xFE,
  0x00, 0x1F, 0xF8, 0x03, 0xFF, 0x80, 0x07, 0xFE, 0x00, 0xFF, 0xC0,
  0x01, 0xFF, 0xC0, 0x3F, 0xF0, 0x00, 0x3F, 0xF0, 0x1F, 0xF8, 0x00,
  0x0F, 0xFC, 0x07, 0xFE, 0x00, 0x01, 0xFF, 0x83, 0xFF, 0x80, 0x00,
  0x7F, 0xE0, 0xFF, 0xC0, 0x00, 0x0F, 0xFC, 0x7F, 0xF0, 0x00, 0x03,
  0xFF, 0x1F, 0xF8, 0x00, 0x00, 0xFF, 0xE7, 0xFE, 0x00, 0x00, 0x1F,
  0xFB, 0xFF, 0x00, 0x00, 0x07, 0xFF, 0xFF, 0xFF, 0xFF, 0xFF, 0xFF,
  0xFF, 0xFF, 0xFF, 0xFF, 0xFF, 0xFF, 0xFF, 0xFF, 0xFF, 0xFF, 0xFF,
  0xFF, 0xFF, 0xFF, 0xFF, 0xFF, 0xFF, 0xFF, 0xFF, 0xFF, 0xFF, 0xFF,
  0xFF, 0xFF, 0xFF, 0xFF, 0xFF, 0xFF, 0xFF, 0xFF, 0xFF, 0xFF, 0xFF,
  0xFF, 0xFF, 0xFF, 0xFF, 0xFF, 0xFF, 0xFC, 0x00, 0x1F, 0xFF, 0x80,
  0x03, 0xFF, 0xF0, 0x00, 0x7F, 0xFE, 0x00, 0x07, 0xFF, 0xC0, 0x00,
  0xFF, 0xF8, 0x00, 0x1F, 0xFF, 0x00, 0x03, 0xFF, 0xE0, 0x00, 0x3F,
  0xF8, 0x00, 0x07, 0xFF, 0x00, 0x00, 0xFF, 0xE0, 0x00, 0x1F, 0xFC,
  0x00, 0x01, 0xFF, 0xC0, 0x00, 0x00, 0x04, 0x00, 0x00, 0x00, 0x00,
  0x7F, 0xFF, 0xC0, 0x00, 0x00, 0x7F, 0xFF, 0xFF, 0x80, 0x00, 0x1F,
  0xFF, 0xFF, 0xFE, 0x00, 0x07, 0xFF, 0xFF, 0xFF, 0xF8, 0x01, 0xFF,
  0xFF, 0xFF, 0xFF, 0xC0, 0x3F, 0xFF, 0xFF, 0xFF, 0xFE, 0x01, 0xFF,
  0xFF, 0xFF, 0xFF, 0xF0, 0x1F, 0xFF, 0xFF, 0xFF, 0xFF, 0x80, 0xFF,
  0xFF, 0xFF, 0xFF, 0xFC, 0x0F, 0xFF, 0xFF, 0xFF, 0xFF, 0xC0, 0x7F,
  0xFF, 0xFF, 0xFF, 0xFE, 0x07, 0xF8, 0x00, 0x3F, 0xFF, 0xE0, 0x3C,
  0x00, 0x00, 0xFF, 0xFE, 0x03, 0x00, 0x00, 0x07, 0xFF, 0xE0, 0x20,
  0x00, 0x00, 0x3F, 0xFF, 0x00, 0x00, 0x00, 0x03, 0xFF, 0xF0, 0x00,
  0x00, 0x00, 0x3F, 0xFF, 0x00, 0x00, 0x00, 0x01, 0xFF, 0xF0, 0x00,
  0x00, 0x00, 0x1F, 0xFF, 0x00, 0x07, 0xFF, 0xFF, 0xFF, 0xF0, 0x07,
  0xFF, 0xFF, 0xFF, 0xFF, 0x01, 0xFF, 0xFF, 0xFF, 0xFF, 0xF0, 0x7F,
  0xFF, 0xFF, 0xFF, 0xFF, 0x0F, 0xFF, 0xFF, 0xFF, 0xFF, 0xF1, 0xFF,
  0xFF, 0xFF, 0xFF, 0xFF, 0x3F, 0xFF, 0xFF, 0xFF, 0xFF, 0xF3, 0xFF,
  0xFF, 0xFF, 0xFF, 0xFF, 0x7F, 0xFF, 0x80, 0x01, 0xFF, 0xF7, 0xFF,
  0xE0, 0x00, 0x1F, 0xFF, 0x7F, 0xFC, 0x00, 0x01, 0xFF, 0xFF, 0xFF,
  0xC0, 0x00, 0x1F, 0xFF, 0xFF, 0xF8, 0x00, 0x01, 0xFF, 0xFF, 0xFF,
  0x80, 0x00, 0x3F, 0xFF, 0xFF, 0xF8, 0x00, 0x03, 0xFF, 0xFF, 0xFF,
  0xC0, 0x00, 0x7F, 0xFF, 0xFF, 0xFE, 0x00, 0x0F, 0xFF, 0xF7, 0xFF,
  0xF0, 0x03, 0xFF, 0xFF, 0x7F, 0xFF, 0xFF, 0xFF, 0xFF, 0xF7, 0xFF,
  0xFF, 0xFF, 0xFF, 0xFF, 0x3F, 0xFF, 0xFF, 0xFF, 0xFF, 0xF1, 0xFF,
  0xFF, 0xFF, 0xEF, 0xFF, 0x0F, 0xFF, 0xFF, 0xFE, 0xFF, 0xF0, 0x7F,
  0xFF, 0xFF, 0xCF, 0xFF, 0x03, 0xFF, 0xFF, 0xF8, 0xFF, 0xF0, 0x0F,
  0xFF, 0xFE, 0x0F, 0xFF, 0x00, 0x3F, 0xFF, 0x80, 0xFF, 0xF0, 0x00,
  0x0C, 0x00, 0x00, 0x00, 0xFF, 0xFC, 0x00, 0x00, 0x00, 0x00, 0x1F,
  0xFF, 0x80, 0x00, 0x00, 0x00, 0x03, 0xFF, 0xF0, 0x00, 0x00, 0x00,
  0x00, 0x7F, 0xFE, 0x00, 0x00, 0x00, 0x00, 0x0F, 0xFF, 0xC0, 0x00,
  0x00, 0x00, 0x01, 0xFF, 0xF8, 0x00, 0x00, 0x00, 0x00, 0x3F, 0xFF,
  0x00, 0x00, 0x00, 0x00, 0x07, 0xFF, 0xE0, 0x00, 0x00, 0x00, 0x00,
  0xFF, 0xFC, 0x00, 0x00, 0x00, 0x00, 0x1F, 0xFF, 0x80, 0x00, 0x00,
  0x00, 0x03, 0xFF, 0xF0, 0x00, 0x00, 0x00, 0x00, 0x7F, 0xFE, 0x00,
  0x00, 0x00, 0x00, 0x0F, 0xFF, 0xC0, 0x00, 0x00, 0x00, 0x01, 0xFF,
  0xF8, 0x00, 0x00, 0x00, 0x00, 0x3F, 0xFF, 0x00, 0x00, 0x00, 0x00,
  0x07, 0xFF, 0xE0, 0x00, 0x00, 0x00, 0x00, 0xFF, 0xFC, 0x00, 0x00,
  0x00, 0x00, 0x1F, 0xFF, 0x80, 0x02, 0x00, 0x00, 0x03, 0xFF, 0xF0,
  0x1F, 0xFF, 0x80, 0x00, 0x7F, 0xFE, 0x1F, 0xFF, 0xFC, 0x00, 0x0F,
  0xFF, 0xC7, 0xFF, 0xFF, 0xE0, 0x01, 0xFF, 0xFB, 0xFF, 0xFF, 0xFF,
  0x00, 0x3F, 0xFF, 0xFF, 0xFF, 0xFF, 0xF0, 0x07, 0xFF, 0xFF, 0xFF,
  0xFF, 0xFF, 0x80, 0xFF, 0xFF, 0xFF, 0xFF, 0xFF, 0xF8, 0x1F, 0xFF,
  0xFF, 0xFF, 0xFF, 0xFF, 0x03, 0xFF, 0xFF, 0xFF, 0xFF, 0xFF, 0xF0,
  0x7F, 0xFF, 0xFF, 0xFF, 0xFF, 0xFF, 0x0F, 0xFF, 0xFF, 0xFF, 0xFF,
  0xFF, 0xF1, 0xFF, 0xFF, 0xE0, 0x07, 0xFF, 0xFE, 0x3F, 0xFF, 0xF0,
  0x00, 0x3F, 0xFF, 0xE7, 0xFF, 0xFC, 0x00, 0x03, 0xFF, 0xFC, 0xFF,
  0xFF, 0x00, 0x00, 0x3F, 0xFF, 0x9F, 0xFF, 0xC0, 0x00, 0x03, 0xFF,
  0xFB, 0xFF, 0xF8, 0x00, 0x00, 0x3F, 0xFF, 0x7F, 0xFE, 0x00, 0x00,
  0x07, 0xFF, 0xEF, 0xFF, 0xC0, 0x00, 0x00, 0xFF, 0xFD, 0xFF, 0xF8,
  0x00, 0x00, 0x0F, 0xFF, 0xBF, 0xFF, 0x00, 0x00, 0x01, 0xFF, 0xF7,
  0xFF, 0xE0, 0x00, 0x00, 0x3F, 0xFF, 0xFF, 0xF8, 0x00, 0x00, 0x07,
  0xFF, 0xFF, 0xFF, 0x00, 0x00, 0x00, 0xFF, 0xFF, 0xFF, 0xE0, 0x00,
  0x00, 0x1F, 0xFF, 0xFF, 0xFE, 0x00, 0x00, 0x03, 0xFF, 0xEF, 0xFF,
  0xC0, 0x00, 0x00, 0x7F, 0xFD, 0xFF, 0xF8, 0x00, 0x00, 0x1F, 0xFF,
  0xBF, 0xFF, 0x00, 0x00, 0x03, 0xFF, 0xF7, 0xFF, 0xF0, 0x00, 0x00,
  0x7F, 0xFE, 0xFF, 0xFE, 0x00, 0x00, 0x1F, 0xFF, 0xDF, 0xFF, 0xE0,
  0x00, 0x07, 0xFF, 0xF3, 0xFF, 0xFE, 0x00, 0x01, 0xFF, 0xFE, 0x7F,
  0xFF, 0xE0, 0x00, 0x7F, 0xFF, 0xCF, 0xFF, 0xFF, 0x00, 0x3F, 0xFF,
  0xF1, 0xFF, 0xFF, 0xFF, 0xFF, 0xFF, 0xFE, 0x3F, 0xFF, 0xFF, 0xFF,
  0xFF, 0xFF, 0x87, 0xFF, 0xFF, 0xFF, 0xFF, 0xFF, 0xE0, 0xFF, 0xFF,
  0xFF, 0xFF, 0xFF, 0xF8, 0x1F, 0xFF, 0xFF, 0xFF, 0xFF, 0xFF, 0x03,
  0xFF, 0xFF, 0xFF, 0xFF, 0xFF, 0xC0, 0x7F, 0xFD, 0xFF, 0xFF, 0xFF,
  0xE0, 0x0F, 0xFF, 0x9F, 0xFF, 0xFF, 0xF8, 0x01, 0xFF, 0xF1, 0xFF,
  0xFF, 0xFC, 0x00, 0x3F, 0xFE, 0x0F, 0xFF, 0xFF, 0x00, 0x07, 0xFF,
  0xC0, 0x7F, 0xFF, 0x00, 0x00, 0x00, 0x00, 0x00, 0x30, 0x00, 0x00,
  0x00, 0x00, 0x00, 0x00, 0x40, 0x00, 0x00, 0x00, 0x00, 0xFF, 0xFE,
  0x00, 0x00, 0x00, 0x3F, 0xFF, 0xFF, 0x00, 0x00, 0x03, 0xFF, 0xFF,
  0xFF, 0x00, 0x00, 0x3F, 0xFF, 0xFF, 0xFF, 0x00, 0x01, 0xFF, 0xFF,
  0xFF, 0xFE, 0x00, 0x0F, 0xFF, 0xFF, 0xFF, 0xFC, 0x00, 0x7F, 0xFF,
  0xFF, 0xFF, 0xF8, 0x03, 0xFF, 0xFF, 0xFF, 0xFF, 0xF0, 0x1F, 0xFF,
  0xFF, 0xFF, 0xFF, 0xE0, 0xFF, 0xFF, 0xFF, 0xFF, 0xFF, 0x87, 0xFF,
  0xFF, 0xFF, 0xFF, 0xFF, 0x1F, 0xFF, 0xF0, 0x03, 0xFF, 0xFC, 0xFF,
  0xFF, 0x00, 0x03, 0xFF, 0xC3, 0xFF, 0xF8, 0x00, 0x07, 0xFC, 0x1F,
  0xFF, 0xC0, 0x00, 0x0F, 0xC0, 0x7F, 0xFE, 0x00, 0x00, 0x1C, 0x01,
  0xFF, 0xF8, 0x00, 0x00, 0x20, 0x0F, 0xFF, 0xC0, 0x00, 0x00, 0x00,
  0x3F, 0xFF, 0x00, 0x00, 0x00, 0x00, 0xFF, 0xFC, 0x00, 0x00, 0x00,
  0x03, 0xFF, 0xF0, 0x00, 0x00, 0x00, 0x0F, 0xFF, 0x80, 0x00, 0x00,
  0x00, 0x3F, 0xFE, 0x00, 0x00, 0x00, 0x00, 0xFF, 0xF8, 0x00, 0x00,
  0x00, 0x03, 0xFF, 0xE0, 0x00, 0x00, 0x00, 0x0F, 0xFF, 0x80, 0x00,
  0x00, 0x00, 0x3F, 0xFF, 0x00, 0x00, 0x00, 0x00, 0xFF, 0xFC, 0x00,
  0x00, 0x00, 0x03, 0xFF, 0xF0, 0x00, 0x00, 0x00, 0x07, 0xFF, 0xE0,
  0x00, 0x00, 0x80, 0x1F, 0xFF, 0x80, 0x00, 0x07, 0x00, 0x7F, 0xFF,
  0x00, 0x00, 0x3F, 0x00, 0xFF, 0xFE, 0x00, 0x01, 0xFF, 0x03, 0xFF,
  0xFC, 0x00, 0x0F, 0xFF, 0x07, 0xFF, 0xFC, 0x00, 0xFF, 0xFF, 0x1F,
  0xFF, 0xFF, 0xFF, 0xFF, 0xFC, 0x3F, 0xFF, 0xFF, 0xFF, 0xFF, 0xE0,
  0x7F, 0xFF, 0xFF, 0xFF, 0xFF, 0x80, 0xFF, 0xFF, 0xFF, 0xFF, 0xFC,
  0x01, 0xFF, 0xFF, 0xFF, 0xFF, 0xE0, 0x03, 0xFF, 0xFF, 0xFF, 0xFF,
  0x00, 0x07, 0xFF, 0xFF, 0xFF, 0xF8, 0x00, 0x0F, 0xFF, 0xFF, 0xFF,
  0xC0, 0x00, 0x0F, 0xFF, 0xFF, 0xFC, 0x00, 0x00, 0x0F, 0xFF, 0xFF,
  0xC0, 0x00, 0x00, 0x07, 0xFF, 0xF8, 0x00, 0x00, 0x00, 0x00, 0x30,
  0x00, 0x00, 0x00, 0x00, 0x00, 0x00, 0x07, 0xFF, 0xC0, 0x00, 0x00,
  0x00, 0x01, 0xFF, 0xF0, 0x00, 0x00, 0x00, 0x00, 0x7F, 0xFC, 0x00,
  0x00, 0x00, 0x00, 0x1F, 0xFF, 0x00, 0x00, 0x00, 0x00, 0x07, 0xFF,
  0xC0, 0x00, 0x00, 0x00, 0x01, 0xFF, 0xF0, 0x00, 0x00, 0x00, 0x00,
  0x7F, 0xFC, 0x00, 0x00, 0x00, 0x00, 0x1F, 0xFF, 0x00, 0x00, 0x00,
  0x00, 0x07, 0xFF, 0xC0, 0x00, 0x00, 0x00, 0x01, 0xFF, 0xF0, 0x00,
  0x00, 0x00, 0x00, 0x7F, 0xFC, 0x00, 0x00, 0x00, 0x00, 0x1F, 0xFF,
  0x00, 0x00, 0x00, 0x00, 0x07, 0xFF, 0xC0, 0x00, 0x00, 0x00, 0x01,
  0xFF, 0xF0, 0x00, 0x00, 0x00, 0x00, 0x7F, 0xFC, 0x00, 0x00, 0x00,
  0x00, 0x1F, 0xFF, 0x00, 0x00, 0x00, 0x00, 0x07, 0xFF, 0xC0, 0x00,
  0x00, 0x40, 0x01, 0xFF, 0xF0, 0x00, 0x0F, 0xFF, 0xC0, 0x7F, 0xFC,
  0x00, 0x1F, 0xFF, 0xFC, 0x1F, 0xFF, 0x00, 0x1F, 0xFF, 0xFF, 0xC7,
  0xFF, 0xC0, 0x1F, 0xFF, 0xFF, 0xF9, 0xFF, 0xF0, 0x0F, 0xFF, 0xFF,
  0xFF, 0x7F, 0xFC, 0x07, 0xFF, 0xFF, 0xFF, 0xFF, 0xFF, 0x03, 0xFF,
  0xFF, 0xFF, 0xFF, 0xFF, 0xC1, 0xFF, 0xFF, 0xFF, 0xFF, 0xFF, 0xF0,
  0xFF, 0xFF, 0xFF, 0xFF, 0xFF, 0xFC, 0x3F, 0xFF, 0xFF, 0xFF, 0xFF,
  0xFF, 0x1F, 0xFF, 0xFF, 0xFF, 0xFF, 0xFF, 0xCF, 0xFF, 0xFC, 0x00,
  0xFF, 0xFF, 0xF3, 0xFF, 0xFE, 0x00, 0x0F, 0xFF, 0xFC, 0xFF, 0xFE,
  0x00, 0x01, 0xFF, 0xFF, 0x7F, 0xFF, 0x00, 0x00, 0x3F, 0xFF, 0xDF,
  0xFF, 0xC0, 0x00, 0x07, 0xFF, 0xF7, 0xFF, 0xE0, 0x00, 0x00, 0xFF,
  0xFF, 0xFF, 0xF0, 0x00, 0x00, 0x3F, 0xFF, 0xFF, 0xFC, 0x00, 0x00,
  0x07, 0xFF, 0xFF, 0xFF, 0x00, 0x00, 0x01, 0xFF, 0xFF, 0xFF, 0xC0,
  0x00, 0x00, 0x7F, 0xFF, 0xFF, 0xF0, 0x00, 0x00, 0x1F, 0xFF, 0xFF,
  0xFC, 0x00, 0x00, 0x07, 0xFF, 0xFF, 0xFF, 0x00, 0x00, 0x01, 0xFF,
  0xFF, 0xFF, 0xC0, 0x00, 0x00, 0x7F, 0xFF, 0xFF, 0xF0, 0x00, 0x00,
  0x1F, 0xFF, 0xFF, 0xFC, 0x00, 0x00, 0x07, 0xFF, 0xFF, 0xFF, 0x00,
  0x00, 0x01, 0xFF, 0xFF, 0xFF, 0xC0, 0x00, 0x00, 0xFF, 0xFD, 0xFF,
  0xF8, 0x00, 0x00, 0x3F, 0xFF, 0x7F, 0xFF, 0x00, 0x00, 0x1F, 0xFF,
  0xDF, 0xFF, 0xC0, 0x00, 0x0F, 0xFF, 0xF3, 0xFF, 0xF8, 0x00, 0x07,
  0xFF, 0xFC, 0xFF, 0xFF, 0x80, 0x03, 0xFF, 0xFF, 0x3F, 0xFF, 0xF0,
  0x03, 0xFF, 0xFF, 0xC7, 0xFF, 0xFF, 0xFF, 0xFF, 0xFF, 0xF0, 0xFF,
  0xFF, 0xFF, 0xFF, 0xFF, 0xFC, 0x3F, 0xFF, 0xFF, 0xFF, 0xFF, 0xFF,
  0x07, 0xFF, 0xFF, 0xFF, 0xFF, 0xFF, 0xC0, 0xFF, 0xFF, 0xFF, 0xFF,
  0xFF, 0xF0, 0x1F, 0xFF, 0xFF, 0xFF, 0xFF, 0xFC, 0x03, 0xFF, 0xFF,
  0xFF, 0xFF, 0xFF, 0x00, 0x7F, 0xFF, 0xFF, 0xF7, 0xFF, 0xC0, 0x07,
  0xFF, 0xFF, 0xF1, 0xFF, 0xF0, 0x00, 0x7F, 0xFF, 0xF8, 0x7F, 0xFC,
  0x00, 0x03, 0xFF, 0xF0, 0x1F, 0xFF, 0x00, 0x00, 0x03, 0x00, 0x00,
  0x00, 0x00, 0x00, 0x00, 0x00, 0x80, 0x00, 0x00, 0x00, 0x00, 0x3F,
  0xFF, 0x80, 0x00, 0x00, 0x00, 0xFF, 0xFF, 0xF8, 0x00, 0x00, 0x01,
  0xFF, 0xFF, 0xFF, 0x00, 0x00, 0x03, 0xFF, 0xFF, 0xFF, 0xE0, 0x00,
  0x03, 0xFF, 0xFF, 0xFF, 0xF8, 0x00, 0x07, 0xFF, 0xFF, 0xFF, 0xFE,
  0x00, 0x07, 0xFF, 0xFF, 0xFF, 0xFF, 0x80, 0x07, 0xFF, 0xFF, 0xFF,
  0xFF, 0xE0, 0x03, 0xFF, 0xFF, 0xFF, 0xFF, 0xF8, 0x03, 0xFF, 0xFF,
  0xFF, 0xFF, 0xFE, 0x03, 0xFF, 0xFE, 0x00, 0x7F, 0xFF, 0x01, 0xFF,
  0xFC, 0x00, 0x1F, 0xFF, 0xC1, 0xFF, 0xF8, 0x00, 0x03, 0xFF, 0xE0,
  0xFF, 0xFC, 0x00, 0x01, 0xFF, 0xF8, 0xFF, 0xFC, 0x00, 0x00, 0x7F,
  0xFC, 0x7F, 0xFC, 0x00, 0x00, 0x1F, 0xFE, 0x3F, 0xFE, 0x00, 0x00,
  0x0F, 0xFF, 0xBF, 0xFE, 0x00, 0x00, 0x03, 0xFF, 0xDF, 0xFF, 0x00,
  0x00, 0x01, 0xFF, 0xEF, 0xFF, 0xFF, 0xFF, 0xFF, 0xFF, 0xF7, 0xFF,
  0xFF, 0xFF, 0xFF, 0xFF, 0xFB, 0xFF, 0xFF, 0xFF, 0xFF, 0xFF, 0xFD,
  0xFF, 0xFF, 0xFF, 0xFF, 0xFF, 0xFF, 0xFF, 0xFF, 0xFF, 0xFF, 0xFF,
  0xFF, 0xFF, 0xFF, 0xFF, 0xFF, 0xFF, 0xFF, 0xBF, 0xFF, 0xFF, 0xFF,
  0xFF, 0xFF, 0xDF, 0xFF, 0xFF, 0xFF, 0xFF, 0xFF, 0xEF, 0xFF, 0x80,
  0x00, 0x00, 0x00, 0x07, 0xFF, 0xE0, 0x00, 0x00, 0x00, 0x01, 0xFF,
  0xF0, 0x00, 0x00, 0x00, 0x00, 0xFF, 0xFC, 0x00, 0x00, 0x00, 0x00,
  0x7F, 0xFF, 0x00, 0x00, 0x02, 0x00, 0x1F, 0xFF, 0xC0, 0x00, 0x03,
  0x00, 0x0F, 0xFF, 0xF0, 0x00, 0x07, 0xC0, 0x03, 0xFF, 0xFE, 0x00,
  0x0F, 0xF0, 0x01, 0xFF, 0xFF, 0xFF, 0xFF, 0xFC, 0x00, 0x7F, 0xFF,
  0xFF, 0xFF, 0xFF, 0x00, 0x1F, 0xFF, 0xFF, 0xFF, 0xFF, 0xC0, 0x07,
  0xFF, 0xFF, 0xFF, 0xFF, 0xF0, 0x01, 0xFF, 0xFF, 0xFF, 0xFF, 0xF8,
  0x00, 0x7F, 0xFF, 0xFF, 0xFF, 0xF8, 0x00, 0x1F, 0xFF, 0xFF, 0xFF,
  0xF8, 0x00, 0x07, 0xFF, 0xFF, 0xFF, 0xF0, 0x00, 0x00, 0xFF, 0xFF,
  0xFF, 0xF0, 0x00, 0x00, 0x1F, 0xFF, 0xFF, 0xE0, 0x00, 0x00, 0x00,
  0xFF, 0xFF, 0x00, 0x00, 0x00, 0x00, 0x00, 0xC0, 0x00, 0x00, 0x00,
  0x00, 0x0F, 0xFC, 0x00, 0x00, 0x1F, 0xFF, 0xF0, 0x00, 0x0F, 0xFF,
  0xFF, 0x80, 0x03, 0xFF, 0xFF, 0xF0, 0x00, 0xFF, 0xFF, 0xFC, 0x00,
  0x3F, 0xFF, 0xFF, 0x80, 0x0F, 0xFF, 0xFF, 0xF0, 0x03, 0xFF, 0xFF,
  0xFC, 0x00, 0x7F, 0xFF, 0xFF, 0x80, 0x1F, 0xFF, 0xFF, 0xF0, 0x03,
  0xFF, 0xFF, 0xFC, 0x00, 0x7F, 0xFF, 0x03, 0x80, 0x1F, 0xFF, 0xC0,
  0x10, 0x03, 0xFF, 0xF0, 0x00, 0x00, 0x7F, 0xFC, 0x00, 0x00, 0x0F,
  0xFF, 0x80, 0x00, 0x01, 0xFF, 0xF0, 0x00, 0x00, 0x3F, 0xFE, 0x00,
  0x00, 0x07, 0xFF, 0xC0, 0x00, 0x00, 0xFF, 0xF8, 0x00, 0x0F, 0xFF,
  0xFF, 0xFF, 0xF1, 0xFF, 0xFF, 0xFF, 0xFE, 0x3F, 0xFF, 0xFF, 0xFF,
  0xC7, 0xFF, 0xFF, 0xFF, 0xF8, 0xFF, 0xFF, 0xFF, 0xFF, 0x1F, 0xFF,
  0xFF, 0xFF, 0xE3, 0xFF, 0xFF, 0xFF, 0xFC, 0x7F, 0xFF, 0xFF, 0xFF,
  0x8F, 0xFF, 0xFF, 0xFF, 0xF1, 0xFF, 0xFF, 0xFF, 0xFE, 0x00, 0x7F,
  0xFC, 0x00, 0x00, 0x0F, 0xFF, 0x80, 0x00, 0x01, 0xFF, 0xF0, 0x00,
  0x00, 0x3F, 0xFE, 0x00, 0x00, 0x07, 0xFF, 0xC0, 0x00, 0x00, 0xFF,
  0xF8, 0x00, 0x00, 0x1F, 0xFF, 0x00, 0x00, 0x03, 0xFF, 0xE0, 0x00,
  0x00, 0x7F, 0xFC, 0x00, 0x00, 0x0F, 0xFF, 0x80, 0x00, 0x01, 0xFF,
  0xF0, 0x00, 0x00, 0x3F, 0xFE, 0x00, 0x00, 0x07, 0xFF, 0xC0, 0x00,
  0x00, 0xFF, 0xF8, 0x00, 0x00, 0x1F, 0xFF, 0x00, 0x00, 0x03, 0xFF,
  0xE0, 0x00, 0x00, 0x7F, 0xFC, 0x00, 0x00, 0x0F, 0xFF, 0x80, 0x00,
  0x01, 0xFF, 0xF0, 0x00, 0x00, 0x3F, 0xFE, 0x00, 0x00, 0x07, 0xFF,
  0xC0, 0x00, 0x00, 0xFF, 0xF8, 0x00, 0x00, 0x1F, 0xFF, 0x00, 0x00,
  0x03, 0xFF, 0xE0, 0x00, 0x00, 0x7F, 0xFC, 0x00, 0x00, 0x0F, 0xFF,
  0x80, 0x00, 0x01, 0xFF, 0xF0, 0x00, 0x00, 0x3F, 0xFE, 0x00, 0x00,
  0x07, 0xFF, 0xC0, 0x00, 0x00, 0xFF, 0xF8, 0x00, 0x00, 0x1F, 0xFF,
  0x00, 0x00, 0x03, 0xFF, 0xE0, 0x00, 0x00, 0x7F, 0xFC, 0x00, 0x00,
  0x0F, 0xFF, 0x80, 0x00, 0x01, 0xFF, 0xF0, 0x00, 0x00, 0x00, 0x00,
  0x02, 0x00, 0x00, 0x00, 0x00, 0x00, 0x1F, 0xFF, 0x80, 0x7F, 0xFC,
  0x00, 0x1F, 0xFF, 0xFC, 0x0F, 0xFF, 0x80, 0x0F, 0xFF, 0xFF, 0xE1,
  0xFF, 0xF0, 0x07, 0xFF, 0xFF, 0xFF, 0x3F, 0xFE, 0x01, 0xFF, 0xFF,
  0xFF, 0xF7, 0xFF, 0xC0, 0x7F, 0xFF, 0xFF, 0xFF, 0xFF, 0xF8, 0x1F,
  0xFF, 0xFF, 0xFF, 0xFF, 0xFF, 0x07, 0xFF, 0xFF, 0xFF, 0xFF, 0xFF,
  0xE1, 0xFF, 0xFF, 0xFF, 0xFF, 0xFF, 0xFC, 0x7F, 0xFF, 0xFF, 0xFF,
  0xFF, 0xFF, 0x8F, 0xFF, 0xFF, 0xFF, 0xFF, 0xFF, 0xF3, 0xFF, 0xFF,
  0x00, 0x1F, 0xFF, 0xFE, 0x7F, 0xFF, 0x80, 0x00, 0xFF, 0xFF, 0xDF,
  0xFF, 0xE0, 0x00, 0x0F, 0xFF, 0xFB, 0xFF, 0xF8, 0x00, 0x00, 0xFF,
  0xFF, 0xFF, 0xFE, 0x00, 0x00, 0x0F, 0xFF, 0xFF, 0xFF, 0xC0, 0x00,
  0x01, 0xFF, 0xFF, 0xFF, 0xF0, 0x00, 0x00, 0x1F, 0xFF, 0xFF, 0xFE,
  0x00, 0x00, 0x03, 0xFF, 0xFF, 0xFF, 0xC0, 0x00, 0x00, 0x7F, 0xFF,
  0xFF, 0xF0, 0x00, 0x00, 0x07, 0xFF, 0xFF, 0xFE, 0x00, 0x00, 0x00,
  0xFF, 0xFF, 0xFF, 0xC0, 0x00, 0x00, 0x1F, 0xFF, 0xFF, 0xF8, 0x00,
  0x00, 0x03, 0xFF, 0xFF, 0xFF, 0x80, 0x00, 0x00, 0xFF, 0xFF, 0xFF,
  0xF0, 0x00, 0x00, 0x1F, 0xFF, 0xFF, 0xFE, 0x00, 0x00, 0x03, 0xFF,
  0xFF, 0xFF, 0xE0, 0x00, 0x00, 0xFF, 0xFE, 0xFF, 0xFE, 0x00, 0x00,
  0x1F, 0xFF, 0xDF, 0xFF, 0xC0, 0x00, 0x07, 0xFF, 0xFB, 0xFF, 0xFE,
  0x00, 0x03, 0xFF, 0xFF, 0x3F, 0xFF, 0xE0, 0x00, 0xFF, 0xFF, 0xE7,
  0xFF, 0xFF, 0x80, 0xFF, 0xFF, 0xFC, 0x7F, 0xFF, 0xFF, 0xFF, 0xFF,
  0xFF, 0x87, 0xFF, 0xFF, 0xFF, 0xFF, 0xFF, 0xF0, 0xFF, 0xFF, 0xFF,
  0xFF, 0xFF, 0xFE, 0x0F, 0xFF, 0xFF, 0xFF, 0xFF, 0xFF, 0xC0, 0xFF,
  0xFF, 0xFF, 0xFF, 0xFF, 0xF8, 0x0F, 0xFF, 0xFF, 0xFF, 0xFF, 0xFF,
  0x00, 0xFF, 0xFF, 0xFF, 0xF7, 0xFF, 0xE0, 0x07, 0xFF, 0xFF, 0xFC,
  0xFF, 0xFC, 0x00, 0x3F, 0xFF, 0xFF, 0x1F, 0xFF, 0x80, 0x01, 0xFF,
  0xFF, 0x03, 0xFF, 0xF0, 0x00, 0x07, 0xFF, 0x00, 0x7F, 0xFE, 0x00,
  0x00, 0x00, 0x00, 0x0F, 0xFF, 0xC0, 0x00, 0x00, 0x00, 0x01, 0xFF,
  0xF0, 0x00, 0x00, 0x00, 0x00, 0x7F, 0xFE, 0x01, 0x00, 0x00, 0x00,
  0x0F, 0xFF, 0xC0, 0x30, 0x00, 0x00, 0x03, 0xFF, 0xF8, 0x0F, 0x80,
  0x00, 0x00, 0xFF, 0xFE, 0x01, 0xFC, 0x00, 0x00, 0x3F, 0xFF, 0xC0,
  0x7F, 0xF0, 0x00, 0x1F, 0xFF, 0xF0, 0x0F, 0xFF, 0xFF, 0xFF, 0xFF,
  0xFE, 0x03, 0xFF, 0xFF, 0xFF, 0xFF, 0xFF, 0x80, 0x7F, 0xFF, 0xFF,
  0xFF, 0xFF, 0xF0, 0x1F, 0xFF, 0xFF, 0xFF, 0xFF, 0xFC, 0x07, 0xFF,
  0xFF, 0xFF, 0xFF, 0xFF, 0x00, 0x7F, 0xFF, 0xFF, 0xFF, 0xFF, 0xC0,
  0x07, 0xFF, 0xFF, 0xFF, 0xFF, 0xF0, 0x00, 0x3F, 0xFF, 0xFF, 0xFF,
  0xF8, 0x00, 0x01, 0xFF, 0xFF, 0xFF, 0xFE, 0x00, 0x00, 0x07, 0xFF,
  0xFF, 0xFE, 0x00, 0x00, 0x00, 0x0F, 0xFF, 0xFE, 0x00, 0x00, 0x00,
  0x00, 0x01, 0xC0, 0x00, 0x00, 0x00, 0xFF, 0xFC, 0x00, 0x00, 0x00,
  0x01, 0xFF, 0xF8, 0x00, 0x00, 0x00, 0x03, 0xFF, 0xF0, 0x00, 0x00,
  0x00, 0x07, 0xFF, 0xE0, 0x00, 0x00, 0x00, 0x0F, 0xFF, 0xC0, 0x00,
  0x00, 0x00, 0x1F, 0xFF, 0x80, 0x00, 0x00, 0x00, 0x3F, 0xFF, 0x00,
  0x00, 0x00, 0x00, 0x7F, 0xFE, 0x00, 0x00, 0x00, 0x00, 0xFF, 0xFC,
  0x00, 0x00, 0x00, 0x01, 0xFF, 0xF8, 0x00, 0x00, 0x00, 0x03, 0xFF,
  0xF0, 0x00, 0x00, 0x00, 0x07, 0xFF, 0xE0, 0x00, 0x00, 0x00, 0x0F,
  0xFF, 0xC0, 0x00, 0x00, 0x00, 0x1F, 0xFF, 0x80, 0x00, 0x00, 0x00,
  0x3F, 0xFF, 0x00, 0x00, 0x00, 0x00, 0x7F, 0xFE, 0x00, 0x00, 0x00,
  0x00, 0xFF, 0xFC, 0x00, 0x00, 0x00, 0x01, 0xFF, 0xF8, 0x00, 0x10,
  0x00, 0x03, 0xFF, 0xF0, 0x1F, 0xFF, 0x80, 0x07, 0xFF, 0xE0, 0xFF,
  0xFF, 0xE0, 0x0F, 0xFF, 0xC7, 0xFF, 0xFF, 0xF0, 0x1F, 0xFF, 0xBF,
  0xFF, 0xFF, 0xF0, 0x3F, 0xFF, 0xFF, 0xFF, 0xFF, 0xF0, 0x7F, 0xFF,
  0xFF, 0xFF, 0xFF, 0xF0, 0xFF, 0xFF, 0xFF, 0xFF, 0xFF, 0xF1, 0xFF,
  0xFF, 0xFF, 0xFF, 0xFF, 0xE3, 0xFF, 0xFF, 0xFF, 0xFF, 0xFF, 0xE7,
  0xFF, 0xFF, 0xFF, 0xFF, 0xFF, 0xEF, 0xFF, 0xFF, 0xFF, 0xFF, 0xFF,
  0xDF, 0xFF, 0xFE, 0x00, 0xFF, 0xFF, 0xBF, 0xFF, 0xF0, 0x00, 0x7F,
  0xFF, 0xFF, 0xFF, 0xC0, 0x00, 0x7F, 0xFF, 0xFF, 0xFF, 0x00, 0x00,
  0x7F, 0xFF, 0xFF, 0xFC, 0x00, 0x00, 0xFF, 0xFF, 0xFF, 0xF8, 0x00,
  0x01, 0xFF, 0xFF, 0xFF, 0xE0, 0x00, 0x01, 0xFF, 0xFF, 0xFF, 0xC0,
  0x00, 0x03, 0xFF, 0xFF, 0xFF, 0x80, 0x00, 0x07, 0xFF, 0xFF, 0xFF,
  0x00, 0x00, 0x0F, 0xFF, 0xFF, 0xFE, 0x00, 0x00, 0x1F, 0xFF, 0xFF,
  0xFC, 0x00, 0x00, 0x3F, 0xFF, 0xFF, 0xF8, 0x00, 0x00, 0x7F, 0xFF,
  0xFF, 0xF0, 0x00, 0x00, 0xFF, 0xFF, 0xFF, 0xE0, 0x00, 0x01, 0xFF,
  0xFF, 0xFF, 0xC0, 0x00, 0x03, 0xFF, 0xFF, 0xFF, 0x80, 0x00, 0x07,
  0xFF, 0xFF, 0xFF, 0x00, 0x00, 0x0F, 0xFF, 0xFF, 0xFE, 0x00, 0x00,
  0x1F, 0xFF, 0xFF, 0xFC, 0x00, 0x00, 0x3F, 0xFF, 0xFF, 0xF8, 0x00,
  0x00, 0x7F, 0xFF, 0xFF, 0xF0, 0x00, 0x00, 0xFF, 0xFF, 0xFF, 0xE0,
  0x00, 0x01, 0xFF, 0xFF, 0xFF, 0xC0, 0x00, 0x03, 0xFF, 0xFF, 0xFF,
  0x80, 0x00, 0x07, 0xFF, 0xFF, 0xFF, 0x00, 0x00, 0x0F, 0xFF, 0xFF,
  0xFE, 0x00, 0x00, 0x1F, 0xFF, 0xFF, 0xFC, 0x00, 0x00, 0x3F, 0xFF,
  0xFF, 0xF8, 0x00, 0x00, 0x7F, 0xFF, 0xFF, 0xF0, 0x00, 0x00, 0xFF,
  0xFF, 0xFF, 0xE0, 0x00, 0x01, 0xFF, 0xFF, 0xFF, 0xC0, 0x00, 0x03,
  0xFF, 0xFF, 0xFF, 0x80, 0x00, 0x07, 0xFF, 0xFF, 0xFF, 0x00, 0x00,
  0x0F, 0xFF, 0xFF, 0xFE, 0x00, 0x00, 0x1F, 0xFF, 0x07, 0xE0, 0x1F,
  0xF8, 0x3F, 0xFC, 0x7F, 0xFE, 0xFF, 0xFF, 0xFF, 0xFF, 0xFF, 0xFF,
  0xFF, 0xFF, 0xFF, 0xFF, 0xFF, 0xFF, 0xFF, 0xFF, 0x7F, 0xFE, 0x3F,
  0xFC, 0x1F, 0xF8, 0x07, 0xE0, 0x00, 0x00, 0x00, 0x00, 0x00, 0x00,
  0x00, 0x00, 0x00, 0x00, 0x00, 0x00, 0x00, 0x00, 0x7F, 0xFE, 0x7F,
  0xFE, 0x7F, 0xFE, 0x7F, 0xFE, 0x7F, 0xFE, 0x7F, 0xFE, 0x7F, 0xFE,
  0x7F, 0xFE, 0x7F, 0xFE, 0x7F, 0xFE, 0x7F, 0xFE, 0x7F, 0xFE, 0x7F,
  0xFE, 0x7F, 0xFE, 0x7F, 0xFE, 0x7F, 0xFE, 0x7F, 0xFE, 0x7F, 0xFE,
  0x7F, 0xFE, 0x7F, 0xFE, 0x7F, 0xFE, 0x7F, 0xFE, 0x7F, 0xFE, 0x7F,
  0xFE, 0x7F, 0xFE, 0x7F, 0xFE, 0x7F, 0xFE, 0x7F, 0xFE, 0x7F, 0xFE,
  0x7F, 0xFE, 0x7F, 0xFE, 0x7F, 0xFE, 0x7F, 0xFE, 0x7F, 0xFE, 0x7F,
  0xFE, 0x7F, 0xFE, 0x7F, 0xFE, 0x7F, 0xFE, 0x7F, 0xFE, 0x7F, 0xFE,
  0x7F, 0xFE, 0x7F, 0xFE, 0x7F, 0xFE, 0x7F, 0xFE, 0x7F, 0xFE, 0x7F,
  0xFE, 0x00, 0x00, 0x3F, 0x80, 0x00, 0x03, 0xFF, 0x80, 0x00, 0x1F,
  0xFF, 0x00, 0x00, 0xFF, 0xFE, 0x00, 0x03, 0xFF, 0xF8, 0x00, 0x1F,
  0xFF, 0xF0, 0x00, 0x7F, 0xFF, 0xC0, 0x01, 0xFF, 0xFF, 0x00, 0x07,
  0xFF, 0xFC, 0x00, 0x1F, 0xFF, 0xF0, 0x00, 0x3F, 0xFF, 0x80, 0x00,
  0xFF, 0xFE, 0x00, 0x01, 0xFF, 0xF0, 0x00, 0x03, 0xFF, 0x80, 0x00,
  0x03, 0xF8, 0x00, 0x00, 0x00, 0x00, 0x00, 0x00, 0x00, 0x00, 0x00,
  0x00, 0x00, 0x00, 0x00, 0x00, 0x00, 0x00, 0x00, 0x00, 0x00, 0x00,
  0x00, 0x00, 0x00, 0x00, 0x00, 0x00, 0x00, 0x00, 0x1F, 0xFF, 0x00,
  0x00, 0x7F, 0xFC, 0x00, 0x01, 0xFF, 0xF0, 0x00, 0x07, 0xFF, 0xC0,
  0x00, 0x1F, 0xFF, 0x00, 0x00, 0x7F, 0xFC, 0x00, 0x01, 0xFF, 0xF0,
  0x00, 0x07, 0xFF, 0xC0, 0x00, 0x1F, 0xFF, 0x00, 0x00, 0x7F, 0xFC,
  0x00, 0x01, 0xFF, 0xF0, 0x00, 0x07, 0xFF, 0xC0, 0x00, 0x1F, 0xFF,
  0x00, 0x00, 0x7F, 0xFC, 0x00, 0x01, 0xFF, 0xF0, 0x00, 0x07, 0xFF,
  0xC0, 0x00, 0x1F, 0xFF, 0x00, 0x00, 0x7F, 0xFC, 0x00, 0x01, 0xFF,
  0xF0, 0x00, 0x07, 0xFF, 0xC0, 0x00, 0x1F, 0xFF, 0x00, 0x00, 0x7F,
  0xFC, 0x00, 0x01, 0xFF, 0xF0, 0x00, 0x07, 0xFF, 0xC0, 0x00, 0x1F,
  0xFF, 0x00, 0x00, 0x7F, 0xFC, 0x00, 0x01, 0xFF, 0xF0, 0x00, 0x07,
  0xFF, 0xC0, 0x00, 0x1F, 0xFF, 0x00, 0x00, 0x7F, 0xFC, 0x00, 0x01,
  0xFF, 0xF0, 0x00, 0x07, 0xFF, 0xC0, 0x00, 0x1F, 0xFF, 0x00, 0x00,
  0x7F, 0xFC, 0x00, 0x01, 0xFF, 0xF0, 0x00, 0x07, 0xFF, 0xC0, 0x00,
  0x1F, 0xFF, 0x00, 0x00, 0x7F, 0xFC, 0x00, 0x01, 0xFF, 0xF0, 0x00,
  0x07, 0xFF, 0xC0, 0x00, 0x1F, 0xFF, 0x00, 0x00, 0x7F, 0xFC, 0x00,
  0x01, 0xFF, 0xF0, 0x00, 0x07, 0xFF, 0xC0, 0x00, 0x1F, 0xFF, 0x00,
  0x00, 0x7F, 0xFC, 0x00, 0x01, 0xFF, 0xF0, 0x00, 0x07, 0xFF, 0xC0,
  0x00, 0x3F, 0xFF, 0x00, 0x00, 0xFF, 0xFC, 0x00, 0x03, 0xFF, 0xF0,
  0x60, 0x1F, 0xFF, 0xC1, 0xFF, 0xFF, 0xFE, 0x07, 0xFF, 0xFF, 0xF8,
  0x3F, 0xFF, 0xFF, 0xE0, 0xFF, 0xFF, 0xFF, 0x03, 0xFF, 0xFF, 0xF8,
  0x1F, 0xFF, 0xFF, 0xE0, 0x7F, 0xFF, 0xFF, 0x03, 0xFF, 0xFF, 0xF8,
  0x0F, 0xFF, 0xFF, 0xC0, 0x1F, 0xFF, 0xFC, 0x00, 0x1F, 0xFF, 0xC0,
  0x00, 0x00, 0xC0, 0x00, 0x00, 0xFF, 0xFC, 0x00, 0x00, 0x00, 0x00,
  0x1F, 0xFF, 0x80, 0x00, 0x00, 0x00, 0x03, 0xFF, 0xF0, 0x00, 0x00,
  0x00, 0x00, 0x7F, 0xFE, 0x00, 0x00, 0x00, 0x00, 0x0F, 0xFF, 0xC0,
  0x00, 0x00, 0x00, 0x01, 0xFF, 0xF8, 0x00, 0x00, 0x00, 0x00, 0x3F,
  0xFF, 0x00, 0x00, 0x00, 0x00, 0x07, 0xFF, 0xE0, 0x00, 0x00, 0x00,
  0x00, 0xFF, 0xFC, 0x00, 0x00, 0x00, 0x00, 0x1F, 0xFF, 0x80, 0x00,
  0x00, 0x00, 0x03, 0xFF, 0xF0, 0x00, 0x00, 0x00, 0x00, 0x7F, 0xFE,
  0x00, 0x00, 0x00, 0x00, 0x0F, 0xFF, 0xC0, 0x00, 0x00, 0x00, 0x01,
  0xFF, 0xF8, 0x00, 0x00, 0x00, 0x00, 0x3F, 0xFF, 0x00, 0x00, 0x00,
  0x00, 0x07, 0xFF, 0xE0, 0x00, 0x00, 0x00, 0x00, 0xFF, 0xFC, 0x00,
  0x00, 0x00, 0x00, 0x1F, 0xFF, 0x80, 0x00, 0x00, 0x00, 0x03, 0xFF,
  0xF0, 0x00, 0x01, 0xFF, 0xFE, 0x7F, 0xFE, 0x00, 0x00, 0x7F, 0xFF,
  0x8F, 0xFF, 0xC0, 0x00, 0x1F, 0xFF, 0xE1, 0xFF, 0xF8, 0x00, 0x07,
  0xFF, 0xF8, 0x3F, 0xFF, 0x00, 0x03, 0xFF, 0xFE, 0x07, 0xFF, 0xE0,
  0x00, 0xFF, 0xFF, 0x80, 0xFF, 0xFC, 0x00, 0x3F, 0xFF, 0xE0, 0x1F,
  0xFF, 0x80, 0x0F, 0xFF, 0xF8, 0x03, 0xFF, 0xF0, 0x03, 0xFF, 0xFE,
  0x00, 0x7F, 0xFE, 0x00, 0xFF, 0xFF, 0x80, 0x0F, 0xFF, 0xC0, 0x3F,
  0xFF, 0xE0, 0x01, 0xFF, 0xF8, 0x0F, 0xFF, 0xF8, 0x00, 0x3F, 0xFF,
  0x03, 0xFF, 0xFE, 0x00, 0x07, 0xFF, 0xE0, 0xFF, 0xFF, 0x80, 0x00,
  0xFF, 0xFC, 0x3F, 0xFF, 0xE0, 0x00, 0x1F, 0xFF, 0x8F, 0xFF, 0xF8,
  0x00, 0x03, 0xFF, 0xF3, 0xFF, 0xFE, 0x00, 0x00, 0x7F, 0xFE, 0xFF,
  0xFF, 0x80, 0x00, 0x0F, 0xFF, 0xFF, 0xFF, 0xE0, 0x00, 0x01, 0xFF,
  0xFF, 0xFF, 0xF8, 0x00, 0x00, 0x3F, 0xFF, 0xFF, 0xFF, 0x80, 0x00,
  0x07, 0xFF, 0xFF, 0xFF, 0xF0, 0x00, 0x00, 0xFF, 0xFF, 0xFF, 0xFF,
  0x00, 0x00, 0x1F, 0xFF, 0xFF, 0xFF, 0xF0, 0x00, 0x03, 0xFF, 0xFF,
  0xFF, 0xFF, 0x00, 0x00, 0x7F, 0xFF, 0xFF, 0xFF, 0xF0, 0x00, 0x0F,
  0xFF, 0xFF, 0xFF, 0xFE, 0x00, 0x01, 0xFF, 0xFF, 0xFF, 0xFF, 0xE0,
  0x00, 0x3F, 0xFF, 0xFF, 0xFF, 0xFE, 0x00, 0x07, 0xFF, 0xFF, 0x3F,
  0xFF, 0xE0, 0x00, 0xFF, 0xFF, 0xC3, 0xFF, 0xFE, 0x00, 0x1F, 0xFF,
  0xF0, 0x3F, 0xFF, 0xC0, 0x03, 0xFF, 0xFC, 0x03, 0xFF, 0xFC, 0x00,
  0x7F, 0xFF, 0x00, 0x7F, 0xFF, 0xC0, 0x0F, 0xFF, 0xC0, 0x07, 0xFF,
  0xFC, 0x01, 0xFF, 0xF8, 0x00, 0x7F, 0xFF, 0xC0, 0x3F, 0xFF, 0x00,
  0x07, 0xFF, 0xF8, 0x07, 0xFF, 0xE0, 0x00, 0x7F, 0xFF, 0x80, 0xFF,
  0xFC, 0x00, 0x07, 0xFF, 0xF8, 0x1F, 0xFF, 0x80, 0x00, 0xFF, 0xFF,
  0x83, 0xFF, 0xF0, 0x00, 0x0F, 0xFF, 0xF8, 0x7F, 0xFE, 0x00, 0x00,
  0xFF, 0xFF, 0x0F, 0xFF, 0xC0, 0x00, 0x0F, 0xFF, 0xF1, 0xFF, 0xF8,
  0x00, 0x00, 0xFF, 0xFF, 0x3F, 0xFF, 0x00, 0x00, 0x1F, 0xFF, 0xF7,
  0xFF, 0xE0, 0x00, 0x01, 0xFF, 0xFF, 0xFF, 0xFF, 0xFF, 0xFF, 0xFF,
  0xFF, 0xFF, 0xFF, 0xFF, 0xFF, 0xFF, 0xFF, 0xFF, 0xFF, 0xFF, 0xFF,
  0xFF, 0xFF, 0xFF, 0xFF, 0xFF, 0xFF, 0xFF, 0xFF, 0xFF, 0xFF, 0xFF,
  0xFF, 0xFF, 0xFF, 0xFF, 0xFF, 0xFF, 0xFF, 0xFF, 0xFF, 0xFF, 0xFF,
  0xFF, 0xFF, 0xFF, 0xFF, 0xFF, 0xFF, 0xFF, 0xFF, 0xFF, 0xFF, 0xFF,
  0xFF, 0xFF, 0xFF, 0xFF, 0xFF, 0xFF, 0xFF, 0xFF, 0xFF, 0xFF, 0xFF,
  0xFF, 0xFF, 0xFF, 0xFF, 0xFF, 0xFF, 0xFF, 0xFF, 0xFF, 0xFF, 0xFF,
  0xFF, 0xFF, 0xFF, 0xFF, 0xFF, 0xFF, 0xFF, 0xFF, 0xFF, 0xFF, 0xFF,
  0xFF, 0xFF, 0xFF, 0xFF, 0xFF, 0xFF, 0xFF, 0xFF, 0xFF, 0xFF, 0xFF,
  0xFF, 0xFF, 0xFF, 0xFF, 0xFF, 0xFF, 0xFF, 0xFF, 0xFF, 0xFF, 0xFF,
  0xFF, 0xFF, 0xFF, 0xFF, 0xFF, 0xFF, 0xFF, 0xFF, 0x00, 0x00, 0x00,
  0x10, 0x00, 0x00, 0x00, 0x10, 0x00, 0x03, 0xFF, 0xE0, 0x1F, 0xFF,
  0x00, 0x00, 0x3F, 0xFF, 0x00, 0x0F, 0xFF, 0x83, 0xFF, 0xFF, 0x80,
  0x03, 0xFF, 0xFF, 0x80, 0x3F, 0xFE, 0x3F, 0xFF, 0xFF, 0x80, 0x3F,
  0xFF, 0xFF, 0x80, 0xFF, 0xF9, 0xFF, 0xFF, 0xFF, 0x03, 0xFF, 0xFF,
  0xFF, 0x03, 0xFF, 0xEF, 0xFF, 0xFF, 0xFE, 0x1F, 0xFF, 0xFF, 0xFE,
  0x0F, 0xFF, 0xFF, 0xFF, 0xFF, 0xFC, 0xFF, 0xFF, 0xFF, 0xFC, 0x3F,
  0xFF, 0xFF, 0xFF, 0xFF, 0xFF, 0xFF, 0xFF, 0xFF, 0xF8, 0xFF, 0xFF,
  0xFF, 0xFF, 0xFF, 0xFF, 0xFF, 0xFF, 0xFF, 0xE3, 0xFF, 0xFF, 0xFF,
  0xFF, 0xFF, 0xFF, 0xFF, 0xFF, 0xFF, 0xCF, 0xFF, 0xFF, 0xFF, 0xFF,
  0xFF, 0xFF, 0xFF, 0xFF, 0xFF, 0x3F, 0xFF, 0xFF, 0xFF, 0xFF, 0xFF,
  0xFF, 0xFF, 0xFF, 0xFE, 0xFF, 0xFF, 0xE0, 0x0F, 0xFF, 0xFF, 0xF0,
  0x0F, 0xFF, 0xFB, 0xFF, 0xFF, 0x00, 0x0F, 0xFF, 0xFF, 0x00, 0x0F,
  0xFF, 0xFF, 0xFF, 0xF0, 0x00, 0x3F, 0xFF, 0xF8, 0x00, 0x1F, 0xFF,
  0xFF, 0xFF, 0xC0, 0x00, 0x7F, 0xFF, 0xC0, 0x00, 0x7F, 0xFF, 0xFF,
  0xFE, 0x00, 0x00, 0xFF, 0xFE, 0x00, 0x00, 0xFF, 0xFF, 0xFF, 0xF8,
  0x00, 0x03, 0xFF, 0xF8, 0x00, 0x03, 0xFF, 0xFF, 0xFF, 0xC0, 0x00,
  0x0F, 0xFF, 0xE0, 0x00, 0x07, 0xFF, 0xFF, 0xFF, 0x00, 0x00, 0x3F,
  0xFF, 0x00, 0x00, 0x1F, 0xFF, 0xFF, 0xFC, 0x00, 0x00, 0xFF, 0xFC,
  0x00, 0x00, 0x7F, 0xFF, 0xFF, 0xF0, 0x00, 0x01, 0xFF, 0xF0, 0x00,
  0x01, 0xFF, 0xFF, 0xFF, 0xC0, 0x00, 0x07, 0xFF, 0xC0, 0x00, 0x07,
  0xFF, 0xFF, 0xFF, 0x00, 0x00, 0x1F, 0xFF, 0x00, 0x00, 0x1F, 0xFF,
  0xFF, 0xFC, 0x00, 0x00, 0x7F, 0xFC, 0x00, 0x00, 0x7F, 0xFF, 0xFF,
  0xF0, 0x00, 0x01, 0xFF, 0xF0, 0x00, 0x01, 0xFF, 0xFF, 0xFF, 0xC0,
  0x00, 0x07, 0xFF, 0xC0, 0x00, 0x07, 0xFF, 0xFF, 0xFF, 0x00, 0x00,
  0x1F, 0xFF, 0x00, 0x00, 0x1F, 0xFF, 0xFF, 0xFC, 0x00, 0x00, 0x7F,
  0xFC, 0x00, 0x00, 0x7F, 0xFF, 0xFF, 0xF0, 0x00, 0x01, 0xFF, 0xF0,
  0x00, 0x01, 0xFF, 0xFF, 0xFF, 0xC0, 0x00, 0x07, 0xFF, 0xC0, 0x00,
  0x07, 0xFF, 0xFF, 0xFF, 0x00, 0x00, 0x1F, 0xFF, 0x00, 0x00, 0x1F,
  0xFF, 0xFF, 0xFC, 0x00, 0x00, 0x7F, 0xFC, 0x00, 0x00, 0x7F, 0xFF,
  0xFF, 0xF0, 0x00, 0x01, 0xFF, 0xF0, 0x00, 0x01, 0xFF, 0xFF, 0xFF,
  0xC0, 0x00, 0x07, 0xFF, 0xC0, 0x00, 0x07, 0xFF, 0xFF, 0xFF, 0x00,
  0x00, 0x1F, 0xFF, 0x00, 0x00, 0x1F, 0xFF, 0xFF, 0xFC, 0x00, 0x00,
  0x7F, 0xFC, 0x00, 0x00, 0x7F, 0xFF, 0xFF, 0xF0, 0x00, 0x01, 0xFF,
  0xF0, 0x00, 0x01, 0xFF, 0xFF, 0xFF, 0xC0, 0x00, 0x07, 0xFF, 0xC0,
  0x00, 0x07, 0xFF, 0xFF, 0xFF, 0x00, 0x00, 0x1F, 0xFF, 0x00, 0x00,
  0x1F, 0xFF, 0xFF, 0xFC, 0x00, 0x00, 0x7F, 0xFC, 0x00, 0x00, 0x7F,
  0xFF, 0xFF, 0xF0, 0x00, 0x01, 0xFF, 0xF0, 0x00, 0x01, 0xFF, 0xFF,
  0xFF, 0xC0, 0x00, 0x07, 0xFF, 0xC0, 0x00, 0x07, 0xFF, 0xFF, 0xFF,
  0x00, 0x00, 0x1F, 0xFF, 0x00, 0x00, 0x1F, 0xFF, 0xFF, 0xFC, 0x00,
  0x00, 0x7F, 0xFC, 0x00, 0x00, 0x7F, 0xFF, 0xFF, 0xF0, 0x00, 0x01,
  0xFF, 0xF0, 0x00, 0x01, 0xFF, 0xFF, 0xFF, 0xC0, 0x00, 0x07, 0xFF,
  0xC0, 0x00, 0x07, 0xFF, 0xC0, 0x00, 0x00, 0x00, 0x08, 0x00, 0x01,
  0xFF, 0xF0, 0x0F, 0xFF, 0xC0, 0x03, 0xFF, 0xE0, 0xFF, 0xFF, 0xF0,
  0x07, 0xFF, 0xC3, 0xFF, 0xFF, 0xF8, 0x0F, 0xFF, 0x9F, 0xFF, 0xFF,
  0xF8, 0x1F, 0xFF, 0x7F, 0xFF, 0xFF, 0xF8, 0x3F, 0xFF, 0xFF, 0xFF,
  0xFF, 0xF8, 0x7F, 0xFF, 0xFF, 0xFF, 0xFF, 0xF8, 0xFF, 0xFF, 0xFF,
  0xFF, 0xFF, 0xF1, 0xFF, 0xFF, 0xFF, 0xFF, 0xFF, 0xF3, 0xFF, 0xFF,
  0xFF, 0xFF, 0xFF, 0xF7, 0xFF, 0xFF, 0xFF, 0xFF, 0xFF, 0xEF, 0xFF,
  0xFF, 0x00, 0x7F, 0xFF, 0xDF, 0xFF, 0xF8, 0x00, 0x3F, 0xFF, 0xFF,
  0xFF, 0xE0, 0x00, 0x3F, 0xFF, 0xFF, 0xFF, 0x80, 0x00, 0x3F, 0xFF,
  0xFF, 0xFE, 0x00, 0x00, 0x7F, 0xFF, 0xFF, 0xFC, 0x00, 0x00, 0xFF,
  0xFF, 0xFF, 0xF0, 0x00, 0x00, 0xFF, 0xFF, 0xFF, 0xE0, 0x00, 0x01,
  0xFF, 0xFF, 0xFF, 0xC0, 0x00, 0x03, 0xFF, 0xFF, 0xFF, 0x80, 0x00,
  0x07, 0xFF, 0xFF, 0xFF, 0x00, 0x00, 0x0F, 0xFF, 0xFF, 0xFE, 0x00,
  0x00, 0x1F, 0xFF, 0xFF, 0xFC, 0x00, 0x00, 0x3F, 0xFF, 0xFF, 0xF8,
  0x00, 0x00, 0x7F, 0xFF, 0xFF, 0xF0, 0x00, 0x00, 0xFF, 0xFF, 0xFF,
  0xE0, 0x00, 0x01, 0xFF, 0xFF, 0xFF, 0xC0, 0x00, 0x03, 0xFF, 0xFF,
  0xFF, 0x80, 0x00, 0x07, 0xFF, 0xFF, 0xFF, 0x00, 0x00, 0x0F, 0xFF,
  0xFF, 0xFE, 0x00, 0x00, 0x1F, 0xFF, 0xFF, 0xFC, 0x00, 0x00, 0x3F,
  0xFF, 0xFF, 0xF8, 0x00, 0x00, 0x7F, 0xFF, 0xFF, 0xF0, 0x00, 0x00,
  0xFF, 0xFF, 0xFF, 0xE0, 0x00, 0x01, 0xFF, 0xFF, 0xFF, 0xC0, 0x00,
  0x03, 0xFF, 0xFF, 0xFF, 0x80, 0x00, 0x07, 0xFF, 0xFF, 0xFF, 0x00,
  0x00, 0x0F, 0xFF, 0xFF, 0xFE, 0x00, 0x00, 0x1F, 0xFF, 0xFF, 0xFC,
  0x00, 0x00, 0x3F, 0xFF, 0xFF, 0xF8, 0x00, 0x00, 0x7F, 0xFF, 0xFF,
  0xF0, 0x00, 0x00, 0xFF, 0xFF, 0xFF, 0xE0, 0x00, 0x01, 0xFF, 0xFF,
  0xFF, 0xC0, 0x00, 0x03, 0xFF, 0xFF, 0xFF, 0x80, 0x00, 0x07, 0xFF,
  0xFF, 0xFF, 0x00, 0x00, 0x0F, 0xFF, 0x80, 0x00, 0x00, 0x00, 0x40,
  0x00, 0x00, 0x00, 0x00, 0x0F, 0xFF, 0xF0, 0x00, 0x00, 0x00, 0x0F,
  0xFF, 0xFF, 0xC0, 0x00, 0x00, 0x07, 0xFF, 0xFF, 0xFE, 0x00, 0x00,
  0x03, 0xFF, 0xFF, 0xFF, 0xF0, 0x00, 0x00, 0xFF, 0xFF, 0xFF, 0xFF,
  0x00, 0x00, 0x3F, 0xFF, 0xFF, 0xFF, 0xF8, 0x00, 0x0F, 0xFF, 0xFF,
  0xFF, 0xFF, 0x80, 0x03, 0xFF, 0xFF, 0xFF, 0xFF, 0xF8, 0x00, 0xFF,
  0xFF, 0xFF, 0xFF, 0xFF, 0x80, 0x3F, 0xFF, 0xFF, 0xFF, 0xFF, 0xF0,
  0x0F, 0xFF, 0xFF, 0xFF, 0xFF, 0xFF, 0x01, 0xFF, 0xFF, 0x00, 0x3F,
  0xFF, 0xF0, 0x7F, 0xFF, 0x80, 0x01, 0xFF, 0xFE, 0x0F, 0xFF, 0xE0,
  0x00, 0x1F, 0xFF, 0xE3, 0xFF, 0xF8, 0x00, 0x01, 0xFF, 0xFC, 0x7F,
  0xFE, 0x00, 0x00, 0x1F, 0xFF, 0x8F, 0xFF, 0xC0, 0x00, 0x01, 0xFF,
  0xFB, 0xFF, 0xF0, 0x00, 0x00, 0x3F, 0xFF, 0x7F, 0xFE, 0x00, 0x00,
  0x07, 0xFF, 0xEF, 0xFF, 0xC0, 0x00, 0x00, 0x7F, 0xFD, 0xFF, 0xF8,
  0x00, 0x00, 0x0F, 0xFF, 0xBF, 0xFE, 0x00, 0x00, 0x01, 0xFF, 0xFF,
  0xFF, 0xC0, 0x00, 0x00, 0x3F, 0xFF, 0xFF, 0xF8, 0x00, 0x00, 0x07,
  0xFF, 0xFF, 0xFF, 0x00, 0x00, 0x00, 0xFF, 0xFF, 0xFF, 0xF0, 0x00,
  0x00, 0x1F, 0xFF, 0x7F, 0xFE, 0x00, 0x00, 0x03, 0xFF, 0xEF, 0xFF,
  0xC0, 0x00, 0x00, 0xFF, 0xFD, 0xFF, 0xF8, 0x00, 0x00, 0x1F, 0xFF,
  0x9F, 0xFF, 0x80, 0x00, 0x03, 0xFF, 0xF3, 0xFF, 0xF0, 0x00, 0x00,
  0xFF, 0xFC, 0x7F, 0xFF, 0x00, 0x00, 0x3F, 0xFF, 0x87, 0xFF, 0xF0,
  0x00, 0x0F, 0xFF, 0xF0, 0xFF, 0xFF, 0x00, 0x03, 0xFF, 0xFC, 0x0F,
  0xFF, 0xF8, 0x01, 0xFF, 0xFF, 0x81, 0xFF, 0xFF, 0xFF, 0xFF, 0xFF,
  0xE0, 0x1F, 0xFF, 0xFF, 0xFF, 0xFF, 0xF8, 0x01, 0xFF, 0xFF, 0xFF,
  0xFF, 0xFF, 0x00, 0x1F, 0xFF, 0xFF, 0xFF, 0xFF, 0xC0, 0x01, 0xFF,
  0xFF, 0xFF, 0xFF, 0xF0, 0x00, 0x1F, 0xFF, 0xFF, 0xFF, 0xFC, 0x00,
  0x01, 0xFF, 0xFF, 0xFF, 0xFE, 0x00, 0x00, 0x1F, 0xFF, 0xFF, 0xFF,
  0x80, 0x00, 0x00, 0xFF, 0xFF, 0xFF, 0xC0, 0x00, 0x00, 0x07, 0xFF,
  0xFF, 0xE0, 0x00, 0x00, 0x00, 0x1F, 0xFF, 0xE0, 0x00, 0x00, 0x00,
  0x00, 0x06, 0x00, 0x00, 0x00, 0x00, 0x00, 0x00, 0x10, 0x00, 0x00,
  0x1F, 0xFF, 0x00, 0xFF, 0xFC, 0x00, 0x03, 0xFF, 0xE0, 0xFF, 0xFF,
  0xE0, 0x00, 0x7F, 0xFC, 0x7F, 0xFF, 0xFF, 0x00, 0x0F, 0xFF, 0x9F,
  0xFF, 0xFF, 0xF8, 0x01, 0xFF, 0xF7, 0xFF, 0xFF, 0xFF, 0x80, 0x3F,
  0xFF, 0xFF, 0xFF, 0xFF, 0xF8, 0x07, 0xFF, 0xFF, 0xFF, 0xFF, 0xFF,
  0x80, 0xFF, 0xFF, 0xFF, 0xFF, 0xFF, 0xF8, 0x1F, 0xFF, 0xFF, 0xFF,
  0xFF, 0xFF, 0x83, 0xFF, 0xFF, 0xFF, 0xFF, 0xFF, 0xF8, 0x7F, 0xFF,
  0xFF, 0xFF, 0xFF, 0xFF, 0x0F, 0xFF, 0xFF, 0x00, 0x3F, 0xFF, 0xF1,
  0xFF, 0xFF, 0x80, 0x01, 0xFF, 0xFE, 0x3F, 0xFF, 0xE0, 0x00, 0x1F,
  0xFF, 0xE7, 0xFF, 0xF8, 0x00, 0x01, 0xFF, 0xFC, 0xFF, 0xFE, 0x00,
  0x00, 0x1F, 0xFF, 0xDF, 0xFF, 0xC0, 0x00, 0x01, 0xFF, 0xFB, 0xFF,
  0xF0, 0x00, 0x00, 0x3F, 0xFF, 0x7F, 0xFE, 0x00, 0x00, 0x07, 0xFF,
  0xEF, 0xFF, 0xC0, 0x00, 0x00, 0x7F, 0xFD, 0xFF, 0xF8, 0x00, 0x00,
  0x0F, 0xFF, 0xBF, 0xFF, 0x00, 0x00, 0x01, 0xFF, 0xFF, 0xFF, 0xC0,
  0x00, 0x00, 0x3F, 0xFF, 0xFF, 0xF8, 0x00, 0x00, 0x07, 0xFF, 0xFF,
  0xFF, 0x00, 0x00, 0x00, 0xFF, 0xFF, 0xFF, 0xF0, 0x00, 0x00, 0x1F,
  0xFF, 0x7F, 0xFE, 0x00, 0x00, 0x03, 0xFF, 0xEF, 0xFF, 0xC0, 0x00,
  0x00, 0xFF, 0xFD, 0xFF, 0xF8, 0x00, 0x00, 0x1F, 0xFF, 0xBF, 0xFF,
  0x80, 0x00, 0x03, 0xFF, 0xF7, 0xFF, 0xF0, 0x00, 0x00, 0xFF, 0xFE,
  0xFF, 0xFF, 0x00, 0x00, 0x3F, 0xFF, 0x9F, 0xFF, 0xF0, 0x00, 0x0F,
  0xFF, 0xF3, 0xFF, 0xFF, 0x00, 0x03, 0xFF, 0xFE, 0x7F, 0xFF, 0xF8,
  0x01, 0xFF, 0xFF, 0x8F, 0xFF, 0xFF, 0xFF, 0xFF, 0xFF, 0xF1, 0xFF,
  0xFF, 0xFF, 0xFF, 0xFF, 0xFC, 0x3F, 0xFF, 0xFF, 0xFF, 0xFF, 0xFF,
  0x07, 0xFF, 0xFF, 0xFF, 0xFF, 0xFF, 0xC0, 0xFF, 0xFF, 0xFF, 0xFF,
  0xFF, 0xF8, 0x1F, 0xFF, 0xFF, 0xFF, 0xFF, 0xFE, 0x03, 0xFF, 0xFF,
  0xFF, 0xFF, 0xFF, 0x00, 0x7F, 0xFE, 0xFF, 0xFF, 0xFF, 0xC0, 0x0F,
  0xFF, 0xC7, 0xFF, 0xFF, 0xE0, 0x01, 0xFF, 0xF8, 0x7F, 0xFF, 0xF8,
  0x00, 0x3F, 0xFF, 0x01, 0xFF, 0xF8, 0x00, 0x07, 0xFF, 0xE0, 0x01,
  0x80, 0x00, 0x00, 0xFF, 0xFC, 0x00, 0x00, 0x00, 0x00, 0x1F, 0xFF,
  0x80, 0x00, 0x00, 0x00, 0x03, 0xFF, 0xF0, 0x00, 0x00, 0x00, 0x00,
  0x7F, 0xFE, 0x00, 0x00, 0x00, 0x00, 0x0F, 0xFF, 0xC0, 0x00, 0x00,
  0x00, 0x01, 0xFF, 0xF8, 0x00, 0x00, 0x00, 0x00, 0x3F, 0xFF, 0x00,
  0x00, 0x00, 0x00, 0x07, 0xFF, 0xE0, 0x00, 0x00, 0x00, 0x00, 0xFF,
  0xFC, 0x00, 0x00, 0x00, 0x00, 0x1F, 0xFF, 0x80, 0x00, 0x00, 0x00,
  0x03, 0xFF, 0xF0, 0x00, 0x00, 0x00, 0x00, 0x7F, 0xFE, 0x00, 0x00,
  0x00, 0x00, 0x0F, 0xFF, 0xC0, 0x00, 0x00, 0x00, 0x01, 0xFF, 0xF8,
  0x00, 0x00, 0x00, 0x00, 0x3F, 0xFF, 0x00, 0x00, 0x00, 0x00, 0x07,
  0xFF, 0xE0, 0x00, 0x00, 0x00, 0x00, 0x00, 0x00, 0x02, 0x00, 0x00,
  0x00, 0x00, 0x00, 0x3F, 0xFF, 0x01, 0xFF, 0xF0, 0x00, 0x7F, 0xFF,
  0xF0, 0x7F, 0xFC, 0x00, 0x7F, 0xFF, 0xFF, 0x1F, 0xFF, 0x00, 0x7F,
  0xFF, 0xFF, 0xE7, 0xFF, 0xC0, 0x3F, 0xFF, 0xFF, 0xFD, 0xFF, 0xF0,
  0x1F, 0xFF, 0xFF, 0xFF, 0xFF, 0xFC, 0x0F, 0xFF, 0xFF, 0xFF, 0xFF,
  0xFF, 0x07, 0xFF, 0xFF, 0xFF, 0xFF, 0xFF, 0xC3, 0xFF, 0xFF, 0xFF,
  0xFF, 0xFF, 0xF1, 0xFF, 0xFF, 0xFF, 0xFF, 0xFF, 0xFC, 0x7F, 0xFF,
  0xFF, 0xFF, 0xFF, 0xFF, 0x3F, 0xFF, 0xF0, 0x03, 0xFF, 0xFF, 0xCF,
  0xFF, 0xF0, 0x00, 0x3F, 0xFF, 0xF7, 0xFF, 0xF8, 0x00, 0x07, 0xFF,
  0xFD, 0xFF, 0xFC, 0x00, 0x00, 0xFF, 0xFF, 0x7F, 0xFE, 0x00, 0x00,
  0x1F, 0xFF, 0xFF, 0xFF, 0x80, 0x00, 0x03, 0xFF, 0xFF, 0xFF, 0xC0,
  0x00, 0x00, 0xFF, 0xFF, 0xFF, 0xF0, 0x00, 0x00, 0x3F, 0xFF, 0xFF,
  0xFC, 0x00, 0x00, 0x07, 0xFF, 0xFF, 0xFF, 0x00, 0x00, 0x01, 0xFF,
  0xFF, 0xFF, 0x80, 0x00, 0x00, 0x7F, 0xFF, 0xFF, 0xE0, 0x00, 0x00,
  0x1F, 0xFF, 0xFF, 0xF8, 0x00, 0x00, 0x07, 0xFF, 0xFF, 0xFE, 0x00,
  0x00, 0x01, 0xFF, 0xFF, 0xFF, 0x80, 0x00, 0x00, 0x7F, 0xFF, 0xFF,
  0xF0, 0x00, 0x00, 0x1F, 0xFF, 0xFF, 0xFC, 0x00, 0x00, 0x0F, 0xFF,
  0xFF, 0xFF, 0x00, 0x00, 0x03, 0xFF, 0xFF, 0xFF, 0xE0, 0x00, 0x00,
  0xFF, 0xFD, 0xFF, 0xF8, 0x00, 0x00, 0x7F, 0xFF, 0x7F, 0xFF, 0x00,
  0x00, 0x3F, 0xFF, 0xDF, 0xFF, 0xE0, 0x00, 0x1F, 0xFF, 0xF3, 0xFF,
  0xFC, 0x00, 0x0F, 0xFF, 0xFC, 0xFF, 0xFF, 0xC0, 0x0F, 0xFF, 0xFF,
  0x1F, 0xFF, 0xFF, 0xFF, 0xFF, 0xFF, 0xC7, 0xFF, 0xFF, 0xFF, 0xFF,
  0xFF, 0xF0, 0xFF, 0xFF, 0xFF, 0xFF, 0xFF, 0xFC, 0x1F, 0xFF, 0xFF,
  0xFF, 0xFF, 0xFF, 0x03, 0xFF, 0xFF, 0xFF, 0xFF, 0xFF, 0xC0, 0x7F,
  0xFF, 0xFF, 0xFF, 0xFF, 0xF0, 0x0F, 0xFF, 0xFF, 0xFF, 0x7F, 0xFC,
  0x01, 0xFF, 0xFF, 0xFF, 0x9F, 0xFF, 0x00, 0x1F, 0xFF, 0xFF, 0xC7,
  0xFF, 0xC0, 0x01, 0xFF, 0xFF, 0xC1, 0xFF, 0xF0, 0x00, 0x0F, 0xFF,
  0xC0, 0x7F, 0xFC, 0x00, 0x00, 0x0C, 0x00, 0x1F, 0xFF, 0x00, 0x00,
  0x00, 0x00, 0x07, 0xFF, 0xC0, 0x00, 0x00, 0x00, 0x01, 0xFF, 0xF0,
  0x00, 0x00, 0x00, 0x00, 0x7F, 0xFC, 0x00, 0x00, 0x00, 0x00, 0x1F,
  0xFF, 0x00, 0x00, 0x00, 0x00, 0x07, 0xFF, 0xC0, 0x00, 0x00, 0x00,
  0x01, 0xFF, 0xF0, 0x00, 0x00, 0x00, 0x00, 0x7F, 0xFC, 0x00, 0x00,
  0x00, 0x00, 0x1F, 0xFF, 0x00, 0x00, 0x00, 0x00, 0x07, 0xFF, 0xC0,
  0x00, 0x00, 0x00, 0x01, 0xFF, 0xF0, 0x00, 0x00, 0x00, 0x00, 0x7F,
  0xFC, 0x00, 0x00, 0x00, 0x00, 0x1F, 0xFF, 0x00, 0x00, 0x00, 0x00,
  0x07, 0xFF, 0xC0, 0x00, 0x00, 0x00, 0x01, 0xFF, 0xF0, 0x00, 0x00,
  0x00, 0x00, 0x7F, 0xFC, 0x00, 0x00, 0x00, 0x00, 0x1F, 0xFF, 0x00,
  0x00, 0x00, 0x0F, 0xFF, 0xC0, 0x3F, 0xFF, 0xFE, 0x07, 0xFF, 0xFF,
  0xF0, 0xFF, 0xFF, 0xFF, 0x8F, 0xFF, 0xFF, 0xFD, 0xFF, 0xFF, 0xFF,
  0xEF, 0xFF, 0xFF, 0xFF, 0xFF, 0xFF, 0xFF, 0xFF, 0xFF, 0xFF, 0xFF,
  0xFF, 0xFF, 0xFF, 0xFF, 0xFF, 0xFF, 0xFF, 0xFF, 0xFF, 0xFF, 0xFF,
  0xFF, 0xFF, 0xFF, 0xFF, 0xF8, 0x03, 0xFF, 0xFF, 0x00, 0x1F, 0xFF,
  0xF0, 0x00, 0xFF, 0xFF, 0x00, 0x07, 0xFF, 0xF0, 0x00, 0x3F, 0xFF,
  0x80, 0x01, 0xFF, 0xF8, 0x00, 0x0F, 0xFF, 0xC0, 0x00, 0x7F, 0xFE,
  0x00, 0x03, 0xFF, 0xF0, 0x00, 0x1F, 0xFF, 0x80, 0x00, 0xFF, 0xFC,
  0x00, 0x07, 0xFF, 0xE0, 0x00, 0x3F, 0xFF, 0x00, 0x01, 0xFF, 0xF8,
  0x00, 0x0F, 0xFF, 0xC0, 0x00, 0x7F, 0xFE, 0x00, 0x03, 0xFF, 0xF0,
  0x00, 0x1F, 0xFF, 0x80, 0x00, 0xFF, 0xFC, 0x00, 0x07, 0xFF, 0xE0,
  0x00, 0x3F, 0xFF, 0x00, 0x01, 0xFF, 0xF8, 0x00, 0x0F, 0xFF, 0xC0,
  0x00, 0x7F, 0xFE, 0x00, 0x03, 0xFF, 0xF0, 0x00, 0x1F, 0xFF, 0x80,
  0x00, 0xFF, 0xFC, 0x00, 0x07, 0xFF, 0xE0, 0x00, 0x3F, 0xFF, 0x00,
  0x01, 0xFF, 0xF8, 0x00, 0x0F, 0xFF, 0xC0, 0x00, 0x7F, 0xFE, 0x00,
  0x03, 0xFF, 0xF0, 0x00, 0x00, 0x00, 0x00, 0x02, 0x00, 0x00, 0x00,
  0x01, 0xFF, 0xFF, 0xC0, 0x00, 0x03, 0xFF, 0xFF, 0xFE, 0x00, 0x03,
  0xFF, 0xFF, 0xFF, 0xF0, 0x01, 0xFF, 0xFF, 0xFF, 0xFF, 0x01, 0xFF,
  0xFF, 0xFF, 0xFF, 0xC0, 0xFF, 0xFF, 0xFF, 0xFF, 0xE0, 0x7F, 0xFF,
  0xFF, 0xFF, 0xF8, 0x1F, 0xFF, 0xFF, 0xFF, 0xFC, 0x0F, 0xFF, 0xFF,
  0xFF, 0xFF, 0x03, 0xFF, 0xFF, 0xFF, 0xFF, 0x81, 0xFF, 0xFC, 0x00,
  0x0F, 0xE0, 0x7F, 0xFE, 0x00, 0x00, 0x70, 0x1F, 0xFF, 0x00, 0x00,
  0x04, 0x07, 0xFF, 0xC0, 0x00, 0x00, 0x01, 0xFF, 0xF0, 0x00, 0x00,
  0x00, 0x7F, 0xFC, 0x00, 0x00, 0x00, 0x1F, 0xFF, 0xC0, 0x00, 0x00,
  0x07, 0xFF, 0xFE, 0x00, 0x00, 0x01, 0xFF, 0xFF, 0xFC, 0x00, 0x00,
  0x3F, 0xFF, 0xFF, 0xFC, 0x00, 0x0F, 0xFF, 0xFF, 0xFF, 0xE0, 0x01,
  0xFF, 0xFF, 0xFF, 0xFE, 0x00, 0x3F, 0xFF, 0xFF, 0xFF, 0xE0, 0x07,
  0xFF, 0xFF, 0xFF, 0xFC, 0x00, 0xFF, 0xFF, 0xFF, 0xFF, 0x80, 0x0F,
  0xFF, 0xFF, 0xFF, 0xF0, 0x00, 0x7F, 0xFF, 0xFF, 0xFE, 0x00, 0x00,
  0xFF, 0xFF, 0xFF, 0x80, 0x00, 0x00, 0xFF, 0xFF, 0xE0, 0x00, 0x00,
  0x03, 0xFF, 0xF8, 0x00, 0x00, 0x00, 0x3F, 0xFF, 0x00, 0x00, 0x00,
  0x07, 0xFF, 0xC2, 0x00, 0x00, 0x01, 0xFF, 0xF0, 0xE0, 0x00, 0x00,
  0x7F, 0xFC, 0x7E, 0x00, 0x00, 0x3F, 0xFE, 0x1F, 0xF0, 0x00, 0x1F,
  0xFF, 0x8F, 0xFF, 0xFF, 0xFF, 0xFF, 0xE3, 0xFF, 0xFF, 0xFF, 0xFF,
  0xF1, 0xFF, 0xFF, 0xFF, 0xFF, 0xFC, 0x7F, 0xFF, 0xFF, 0xFF, 0xFE,
  0x3F, 0xFF, 0xFF, 0xFF, 0xFF, 0x0F, 0xFF, 0xFF, 0xFF, 0xFF, 0x81,
  0xFF, 0xFF, 0xFF, 0xFF, 0xC0, 0x1F, 0xFF, 0xFF, 0xFF, 0xC0, 0x00,
  0xFF, 0xFF, 0xFF, 0xC0, 0x00, 0x03, 0xFF, 0xFF, 0x80, 0x00, 0x00,
  0x00, 0xE0, 0x00, 0x00, 0x01, 0xFF, 0xF0, 0x00, 0x00, 0x3F, 0xFE,
  0x00, 0x00, 0x07, 0xFF, 0xC0, 0x00, 0x00, 0xFF, 0xF8, 0x00, 0x00,
  0x1F, 0xFF, 0x00, 0x00, 0x03, 0xFF, 0xE0, 0x00, 0x00, 0x7F, 0xFC,
  0x00, 0x00, 0x0F, 0xFF, 0x80, 0x00, 0x01, 0xFF, 0xF0, 0x00, 0x00,
  0x3F, 0xFE, 0x00, 0x00, 0x07, 0xFF, 0xC0, 0x00, 0x7F, 0xFF, 0xFF,
  0xFF, 0x8F, 0xFF, 0xFF, 0xFF, 0xF1, 0xFF, 0xFF, 0xFF, 0xFE, 0x3F,
  0xFF, 0xFF, 0xFF, 0xC7, 0xFF, 0xFF, 0xFF, 0xF8, 0xFF, 0xFF, 0xFF,
  0xFF, 0x1F, 0xFF, 0xFF, 0xFF, 0xE3, 0xFF, 0xFF, 0xFF, 0xFC, 0x7F,
  0xFF, 0xFF, 0xFF, 0x8F, 0xFF, 0xFF, 0xFF, 0xF0, 0x03, 0xFF, 0xE0,
  0x00, 0x00, 0x7F, 0xFC, 0x00, 0x00, 0x0F, 0xFF, 0x80, 0x00, 0x01,
  0xFF, 0xF0, 0x00, 0x00, 0x3F, 0xFE, 0x00, 0x00, 0x07, 0xFF, 0xC0,
  0x00, 0x00, 0xFF, 0xF8, 0x00, 0x00, 0x1F, 0xFF, 0x00, 0x00, 0x03,
  0xFF, 0xE0, 0x00, 0x00, 0x7F, 0xFC, 0x00, 0x00, 0x0F, 0xFF, 0x80,
  0x00, 0x01, 0xFF, 0xF0, 0x00, 0x00, 0x3F, 0xFE, 0x00, 0x00, 0x07,
  0xFF, 0xC0, 0x00, 0x00, 0xFF, 0xF8, 0x00, 0x00, 0x1F, 0xFF, 0x00,
  0x00, 0x03, 0xFF, 0xE0, 0x00, 0x00, 0x7F, 0xFC, 0x00, 0x00, 0x0F,
  0xFF, 0x80, 0x00, 0x01, 0xFF, 0xF0, 0x00, 0x00, 0x3F, 0xFE, 0x00,
  0x00, 0x07, 0xFF, 0xC0, 0x00, 0x00, 0xFF, 0xFC, 0x00, 0x00, 0x1F,
  0xFF, 0x80, 0x00, 0x03, 0xFF, 0xF8, 0x06, 0x00, 0x7F, 0xFF, 0xFF,
  0xC0, 0x07, 0xFF, 0xFF, 0xF8, 0x00, 0xFF, 0xFF, 0xFF, 0x80, 0x1F,
  0xFF, 0xFF, 0xF0, 0x01, 0xFF, 0xFF, 0xFF, 0x00, 0x1F, 0xFF, 0xFF,
  0xE0, 0x01, 0xFF, 0xFF, 0xFC, 0x00, 0x1F, 0xFF, 0xFF, 0xC0, 0x01,
  0xFF, 0xFF, 0xF8, 0x00, 0x1F, 0xFF, 0xFC, 0x00, 0x00, 0x7F, 0xFE,
  0x00, 0x00, 0x00, 0x30, 0x00, 0xFF, 0xF8, 0x00, 0x00, 0x7F, 0xFF,
  0xFF, 0xF0, 0x00, 0x00, 0xFF, 0xFF, 0xFF, 0xE0, 0x00, 0x01, 0xFF,
  0xFF, 0xFF, 0xC0, 0x00, 0x03, 0xFF, 0xFF, 0xFF, 0x80, 0x00, 0x07,
  0xFF, 0xFF, 0xFF, 0x00, 0x00, 0x0F, 0xFF, 0xFF, 0xFE, 0x00, 0x00,
  0x1F, 0xFF, 0xFF, 0xFC, 0x00, 0x00, 0x3F, 0xFF, 0xFF, 0xF8, 0x00,
  0x00, 0x7F, 0xFF, 0xFF, 0xF0, 0x00, 0x00, 0xFF, 0xFF, 0xFF, 0xE0,
  0x00, 0x01, 0xFF, 0xFF, 0xFF, 0xC0, 0x00, 0x03, 0xFF, 0xFF, 0xFF,
  0x80, 0x00, 0x07, 0xFF, 0xFF, 0xFF, 0x00, 0x00, 0x0F, 0xFF, 0xFF,
  0xFE, 0x00, 0x00, 0x1F, 0xFF, 0xFF, 0xFC, 0x00, 0x00, 0x3F, 0xFF,
  0xFF, 0xF8, 0x00, 0x00, 0x7F, 0xFF, 0xFF, 0xF0, 0x00, 0x00, 0xFF,
  0xFF, 0xFF, 0xE0, 0x00, 0x01, 0xFF, 0xFF, 0xFF, 0xC0, 0x00, 0x03,
  0xFF, 0xFF, 0xFF, 0x80, 0x00, 0x07, 0xFF, 0xFF, 0xFF, 0x00, 0x00,
  0x0F, 0xFF, 0xFF, 0xFE, 0x00, 0x00, 0x1F, 0xFF, 0xFF, 0xFC, 0x00,
  0x00, 0x3F, 0xFF, 0xFF, 0xF8, 0x00, 0x00, 0x7F, 0xFF, 0xFF, 0xF0,
  0x00, 0x00, 0xFF, 0xFF, 0xFF, 0xE0, 0x00, 0x01, 0xFF, 0xFF, 0xFF,
  0xE0, 0x00, 0x03, 0xFF, 0xFF, 0xFF, 0xC0, 0x00, 0x07, 0xFF, 0xFF,
  0xFF, 0x80, 0x00, 0x1F, 0xFF, 0xFF, 0xFF, 0x00, 0x00, 0x3F, 0xFF,
  0xFF, 0xFF, 0x00, 0x00, 0xFF, 0xFF, 0x7F, 0xFF, 0x00, 0x03, 0xFF,
  0xFE, 0xFF, 0xFF, 0x00, 0x0F, 0xFF, 0xFD, 0xFF, 0xFF, 0x00, 0x7F,
  0xFF, 0xFB, 0xFF, 0xFF, 0xFF, 0xFF, 0xFF, 0xF3, 0xFF, 0xFF, 0xFF,
  0xFF, 0xFF, 0xE7, 0xFF, 0xFF, 0xFF, 0xFF, 0xFF, 0xC7, 0xFF, 0xFF,
  0xFF, 0xFF, 0xFF, 0x87, 0xFF, 0xFF, 0xFF, 0xFF, 0xFF, 0x0F, 0xFF,
  0xFF, 0xFF, 0xFF, 0xFE, 0x0F, 0xFF, 0xFF, 0xFF, 0x7F, 0xFC, 0x07,
  0xFF, 0xFF, 0xFC, 0xFF, 0xF8, 0x07, 0xFF, 0xFF, 0xF1, 0xFF, 0xF0,
  0x03, 0xFF, 0xFF, 0x83, 0xFF, 0xE0, 0x01, 0xFF, 0xF8, 0x07, 0xFF,
  0xC0, 0x00, 0x06, 0x00, 0x00, 0x00, 0x00, 0xFF, 0xFC, 0x00, 0x00,
  0x00, 0xFF, 0xFB, 0xFF, 0xF0, 0x00, 0x00, 0x07, 0xFF, 0x9F, 0xFF,
  0x80, 0x00, 0x00, 0x7F, 0xFC, 0x7F, 0xFE, 0x00, 0x00, 0x03, 0xFF,
  0xE3, 0xFF, 0xF0, 0x00, 0x00, 0x3F, 0xFE, 0x0F, 0xFF, 0x80, 0x00,
  0x01, 0xFF, 0xF0, 0x7F, 0xFE, 0x00, 0x00, 0x1F, 0xFF, 0x03, 0xFF,
  0xF0, 0x00, 0x00, 0xFF, 0xF8, 0x0F, 0xFF, 0xC0, 0x00, 0x07, 0xFF,
  0xC0, 0x7F, 0xFE, 0x00, 0x00, 0x7F, 0xFC, 0x01, 0xFF, 0xF0, 0x00,
  0x03, 0xFF, 0xE0, 0x0F, 0xFF, 0xC0, 0x00, 0x3F, 0xFE, 0x00, 0x3F,
  0xFE, 0x00, 0x01, 0xFF, 0xF0, 0x01, 0xFF, 0xF8, 0x00, 0x0F, 0xFF,
  0x00, 0x0F, 0xFF, 0xC0, 0x00, 0xFF, 0xF8, 0x00, 0x3F, 0xFE, 0x00,
  0x07, 0xFF, 0xC0, 0x01, 0xFF, 0xF8, 0x00, 0x7F, 0xFC, 0x00, 0x07,
  0xFF, 0xC0, 0x03, 0xFF, 0xE0, 0x00, 0x3F, 0xFF, 0x00, 0x3F, 0xFE,
  0x00, 0x00, 0xFF, 0xF8, 0x01, 0xFF, 0xF0, 0x00, 0x07, 0xFF, 0xE0,
  0x0F, 0xFF, 0x00, 0x00, 0x3F, 0xFF, 0x00, 0xFF, 0xF8, 0x00, 0x00,
  0xFF, 0xF8, 0x07, 0xFF, 0xC0, 0x00, 0x07, 0xFF, 0xE0, 0x7F, 0xFC,
  0x00, 0x00, 0x1F, 0xFF, 0x03, 0xFF, 0xE0, 0x00, 0x00, 0xFF, 0xFC,
  0x3F, 0xFE, 0x00, 0x00, 0x03, 0xFF, 0xE1, 0xFF, 0xF0, 0x00, 0x00,
  0x1F, 0xFF, 0x0F, 0xFF, 0x00, 0x00, 0x00, 0xFF, 0xFC, 0xFF, 0xF8,
  0x00, 0x00, 0x03, 0xFF, 0xE7, 0xFF, 0xC0, 0x00, 0x00, 0x1F, 0xFF,
  0xFF, 0xFC, 0x00, 0x00, 0x00, 0x7F, 0xFF, 0xFF, 0xE0, 0x00, 0x00,
  0x03, 0xFF, 0xFF, 0xFE, 0x00, 0x00, 0x00, 0x1F, 0xFF, 0xFF, 0xF0,
  0x00, 0x00, 0x00, 0x7F, 0xFF, 0xFF, 0x00, 0x00, 0x00, 0x03, 0xFF,
  0xFF, 0xF8, 0x00, 0x00, 0x00, 0x0F, 0xFF, 0xFF, 0xC0, 0x00, 0x00,
  0x00, 0x7F, 0xFF, 0xFC, 0x00, 0x00, 0x00, 0x01, 0xFF, 0xFF, 0xE0,
  0x00, 0x00, 0x00, 0x0F, 0xFF, 0xFE, 0x00, 0x00, 0x00, 0x00, 0x7F,
  0xFF, 0xF0, 0x00, 0x00, 0x00, 0x01, 0xFF, 0xFF, 0x80, 0x00, 0x00,
  0x00, 0x0F, 0xFF, 0xF8, 0x00, 0x00, 0x00, 0x00, 0x3F, 0xFF, 0xC0,
  0x00, 0x00, 0x00, 0x01, 0xFF, 0xFC, 0x00, 0x00, 0x00, 0x00, 0x07,
  0xFF, 0xE0, 0x00, 0x00, 0xFF, 0xF8, 0x00, 0x00, 0x1F, 0xFE, 0x00,
  0x00, 0x0F, 0xFF, 0xBF, 0xFC, 0x00, 0x00, 0x1F, 0xFF, 0x00, 0x00,
  0x07, 0xFF, 0x9F, 0xFF, 0x00, 0x00, 0x0F, 0xFF, 0x80, 0x00, 0x03,
  0xFF, 0xCF, 0xFF, 0x80, 0x00, 0x07, 0xFF, 0xE0, 0x00, 0x03, 0xFF,
  0xC3, 0xFF, 0xC0, 0x00, 0x07, 0xFF, 0xF0, 0x00, 0x01, 0xFF, 0xE1,
  0xFF, 0xF0, 0x00, 0x03, 0xFF, 0xF8, 0x00, 0x00, 0xFF, 0xF0, 0xFF,
  0xF8, 0x00, 0x01, 0xFF, 0xFE, 0x00, 0x00, 0xFF, 0xF0, 0x3F, 0xFC,
  0x00, 0x01, 0xFF, 0xFF, 0x00, 0x00, 0x7F, 0xF8, 0x1F, 0xFF, 0x00,
  0x00, 0xFF, 0xFF, 0x80, 0x00, 0x3F, 0xF8, 0x07, 0xFF, 0x80, 0x00,
  0x7F, 0xFF, 0xE0, 0x00, 0x3F, 0xFC, 0x03, 0xFF, 0xC0, 0x00, 0x7F,
  0xFF, 0xF0, 0x00, 0x1F, 0xFE, 0x01, 0xFF, 0xF0, 0x00, 0x3F, 0xFF,
  0xF8, 0x00, 0x1F, 0xFE, 0x00, 0x7F, 0xF8, 0x00, 0x3F, 0xFF, 0xFE,
  0x00, 0x0F, 0xFF, 0x00, 0x3F, 0xFC, 0x00, 0x1F, 0xFF, 0xFF, 0x00,
  0x07, 0xFF, 0x80, 0x1F, 0xFF, 0x00, 0x0F, 0xFF, 0xFF, 0x80, 0x07,
  0xFF, 0x80, 0x07, 0xFF, 0x80, 0x0F, 0xFF, 0xFF, 0xE0, 0x03, 0xFF,
  0xC0, 0x03, 0xFF, 0xE0, 0x07, 0xFF, 0xFF, 0xF0, 0x01, 0xFF, 0xC0,
  0x01, 0xFF, 0xF0, 0x03, 0xFF, 0xFF, 0xFC, 0x01, 0xFF, 0xE0, 0x00,
  0x7F, 0xF8, 0x03, 0xFF, 0xDF, 0xFE, 0x00, 0xFF, 0xF0, 0x00, 0x3F,
  0xFE, 0x01, 0xFF, 0xEF, 0xFF, 0x00, 0x7F, 0xF0, 0x00, 0x0F, 0xFF,
  0x00, 0xFF, 0xE7, 0xFF, 0xC0, 0x7F, 0xF8, 0x00, 0x07, 0xFF, 0x80,
  0xFF, 0xF1, 0xFF, 0xE0, 0x3F, 0xFC, 0x00, 0x03, 0xFF, 0xE0, 0x7F,
  0xF8, 0xFF, 0xF0, 0x1F, 0xFC, 0x00, 0x00, 0xFF, 0xF0, 0x7F, 0xF8,
  0x3F, 0xFC, 0x1F, 0xFE, 0x00, 0x00, 0x7F, 0xF8, 0x3F, 0xFC, 0x1F,
  0xFE, 0x0F, 0xFF, 0x00, 0x00, 0x3F, 0xFE, 0x1F, 0xFC, 0x0F, 0xFF,
  0x0F, 0xFF, 0x00, 0x00, 0x0F, 0xFF, 0x1F, 0xFE, 0x03, 0xFF, 0xC7,
  0xFF, 0x80, 0x00, 0x07, 0xFF, 0x8F, 0xFF, 0x01, 0xFF, 0xE3, 0xFF,
  0x80, 0x00, 0x03, 0xFF, 0xE7, 0xFF, 0x00, 0xFF, 0xF3, 0xFF, 0xC0,
  0x00, 0x00, 0xFF, 0xF7, 0xFF, 0x80, 0x3F, 0xFD, 0xFF, 0xE0, 0x00,
  0x00, 0x7F, 0xFB, 0xFF, 0xC0, 0x1F, 0xFE, 0xFF, 0xE0, 0x00, 0x00,
  0x1F, 0xFF, 0xFF, 0xC0, 0x07, 0xFF, 0xFF, 0xF0, 0x00, 0x00, 0x0F,
  0xFF, 0xFF, 0xE0, 0x03, 0xFF, 0xFF, 0xF8, 0x00, 0x00, 0x07, 0xFF,
  0xFF, 0xE0, 0x01, 0xFF, 0xFF, 0xF8, 0x00, 0x00, 0x01, 0xFF, 0xFF,
  0xF0, 0x00, 0x7F, 0xFF, 0xFC, 0x00, 0x00, 0x00, 0xFF, 0xFF, 0xF8,
  0x00, 0x3F, 0xFF, 0xFE, 0x00, 0x00, 0x00, 0x7F, 0xFF, 0xF8, 0x00,
  0x1F, 0xFF, 0xFE, 0x00, 0x00, 0x00, 0x1F, 0xFF, 0xFC, 0x00, 0x07,
  0xFF, 0xFF, 0x00, 0x00, 0x00, 0x0F, 0xFF, 0xFE, 0x00, 0x03, 0xFF,
  0xFF, 0x00, 0x00, 0x00, 0x07, 0xFF, 0xFE, 0x00, 0x01, 0xFF, 0xFF,
  0x80, 0x00, 0x00, 0x01, 0xFF, 0xFF, 0x00, 0x00, 0x7F, 0xFF, 0xC0,
  0x00, 0x00, 0x00, 0xFF, 0xFF, 0x00, 0x00, 0x3F, 0xFF, 0xC0, 0x00,
  0x00, 0x00, 0x7F, 0xFF, 0x80, 0x00, 0x0F, 0xFF, 0xE0, 0x00, 0x00,
  0x00, 0x1F, 0xFF, 0xC0, 0x00, 0x07, 0xFF, 0xF0, 0x00, 0x00, 0x00,
  0x0F, 0xFF, 0xC0, 0x00, 0x03, 0xFF, 0xF0, 0x00, 0x00, 0x00, 0x03,
  0xFF, 0xE0, 0x00, 0x00, 0xFF, 0xF8, 0x00, 0x00, 0x7F, 0xFF, 0x00,
  0x00, 0x1F, 0xFF, 0xC7, 0xFF, 0xF0, 0x00, 0x03, 0xFF, 0xF0, 0x7F,
  0xFF, 0x00, 0x00, 0xFF, 0xFC, 0x07, 0xFF, 0xF0, 0x00, 0x3F, 0xFF,
  0x80, 0xFF, 0xFE, 0x00, 0x07, 0xFF, 0xE0, 0x0F, 0xFF, 0xE0, 0x01,
  0xFF, 0xF8, 0x00, 0xFF, 0xFE, 0x00, 0x7F, 0xFE, 0x00, 0x0F, 0xFF,
  0xC0, 0x1F, 0xFF, 0x80, 0x01, 0xFF, 0xFC, 0x03, 0xFF, 0xF0, 0x00,
  0x1F, 0xFF, 0xC0, 0xFF, 0xFC, 0x00, 0x01, 0xFF, 0xFC, 0x3F, 0xFF,
  0x00, 0x00, 0x1F, 0xFF, 0x8F, 0xFF, 0xC0, 0x00, 0x03, 0xFF, 0xF9,
  0xFF, 0xF8, 0x00, 0x00, 0x3F, 0xFF, 0xFF, 0xFE, 0x00, 0x00, 0x03,
  0xFF, 0xFF, 0xFF, 0x80, 0x00, 0x00, 0x3F, 0xFF, 0xFF, 0xE0, 0x00,
  0x00, 0x07, 0xFF, 0xFF, 0xFC, 0x00, 0x00, 0x00, 0x7F, 0xFF, 0xFF,
  0x00, 0x00, 0x00, 0x07, 0xFF, 0xFF, 0xC0, 0x00, 0x00, 0x00, 0xFF,
  0xFF, 0xF0, 0x00, 0x00, 0x00, 0x0F, 0xFF, 0xFE, 0x00, 0x00, 0x00,
  0x00, 0xFF, 0xFF, 0x80, 0x00, 0x00, 0x00, 0x0F, 0xFF, 0xE0, 0x00,
  0x00, 0x00, 0x01, 0xFF, 0xFE, 0x00, 0x00, 0x00, 0x00, 0x7F, 0xFF,
  0xC0, 0x00, 0x00, 0x00, 0x1F, 0xFF, 0xFC, 0x00, 0x00, 0x00, 0x07,
  0xFF, 0xFF, 0xC0, 0x00, 0x00, 0x00, 0xFF, 0xFF, 0xFC, 0x00, 0x00,
  0x00, 0x3F, 0xFF, 0xFF, 0x80, 0x00, 0x00, 0x0F, 0xFF, 0xFF, 0xF8,
  0x00, 0x00, 0x03, 0xFF, 0xFF, 0xFF, 0x80, 0x00, 0x00, 0x7F, 0xFF,
  0xFF, 0xF8, 0x00, 0x00, 0x1F, 0xFF, 0xBF, 0xFF, 0x00, 0x00, 0x07,
  0xFF, 0xE7, 0xFF, 0xF0, 0x00, 0x01, 0xFF, 0xFC, 0x7F, 0xFF, 0x00,
  0x00, 0x7F, 0xFF, 0x07, 0xFF, 0xF0, 0x00, 0x0F, 0xFF, 0xC0, 0x7F,
  0xFF, 0x00, 0x03, 0xFF, 0xF0, 0x0F, 0xFF, 0xE0, 0x00, 0xFF, 0xFE,
  0x00, 0xFF, 0xFE, 0x00, 0x3F, 0xFF, 0x80, 0x0F, 0xFF, 0xE0, 0x07,
  0xFF, 0xE0, 0x00, 0xFF, 0xFE, 0x01, 0xFF, 0xF8, 0x00, 0x1F, 0xFF,
  0xC0, 0x7F, 0xFF, 0x00, 0x01, 0xFF, 0xFC, 0x1F, 0xFF, 0xC0, 0x00,
  0x1F, 0xFF, 0xC7, 0xFF, 0xF0, 0x00, 0x01, 0xFF, 0xFD, 0xFF, 0xFC,
  0x00, 0x00, 0x3F, 0xFF, 0xC0, 0xFF, 0xFC, 0x00, 0x00, 0x00, 0xFF,
  0xFB, 0xFF, 0xF0, 0x00, 0x00, 0x07, 0xFF, 0x9F, 0xFF, 0x80, 0x00,
  0x00, 0x7F, 0xFC, 0x7F, 0xFE, 0x00, 0x00, 0x03, 0xFF, 0xE3, 0xFF,
  0xF0, 0x00, 0x00, 0x3F, 0xFE, 0x0F, 0xFF, 0x80, 0x00, 0x01, 0xFF,
  0xF0, 0x7F, 0xFE, 0x00, 0x00, 0x0F, 0xFF, 0x01, 0xFF, 0xF0, 0x00,
  0x00, 0xFF, 0xF8, 0x0F, 0xFF, 0xC0, 0x00, 0x07, 0xFF, 0x80, 0x7F,
  0xFE, 0x00, 0x00, 0x7F, 0xFC, 0x01, 0xFF, 0xF0, 0x00, 0x03, 0xFF,
  0xE0, 0x0F, 0xFF, 0xC0, 0x00, 0x3F, 0xFE, 0x00, 0x3F, 0xFE, 0x00,
  0x01, 0xFF, 0xF0, 0x01, 0xFF, 0xF8, 0x00, 0x0F, 0xFF, 0x00, 0x07,
  0xFF, 0xC0, 0x00, 0xFF, 0xF8, 0x00, 0x3F, 0xFF, 0x00, 0x07, 0xFF,
  0xC0, 0x01, 0xFF, 0xF8, 0x00, 0x7F, 0xFC, 0x00, 0x07, 0xFF, 0xC0,
  0x03, 0xFF, 0xE0, 0x00, 0x3F, 0xFF, 0x00, 0x1F, 0xFE, 0x00, 0x00,
  0xFF, 0xF8, 0x01, 0xFF, 0xF0, 0x00, 0x07, 0xFF, 0xE0, 0x0F, 0xFF,
  0x00, 0x00, 0x1F, 0xFF, 0x00, 0xFF, 0xF8, 0x00, 0x00, 0xFF, 0xF8,
  0x07, 0xFF, 0xC0, 0x00, 0x07, 0xFF, 0xE0, 0x7F, 0xFC, 0x00, 0x00,
  0x1F, 0xFF, 0x03, 0xFF, 0xE0, 0x00, 0x00, 0xFF, 0xFC, 0x1F, 0xFE,
  0x00, 0x00, 0x03, 0xFF, 0xE1, 0xFF, 0xF0, 0x00, 0x00, 0x1F, 0xFF,
  0x8F, 0xFF, 0x00, 0x00, 0x00, 0x7F, 0xFC, 0xFF, 0xF8, 0x00, 0x00,
  0x03, 0xFF, 0xE7, 0xFF, 0xC0, 0x00, 0x00, 0x1F, 0xFF, 0xBF, 0xFC,
  0x00, 0x00, 0x00, 0x7F, 0xFF, 0xFF, 0xE0, 0x00, 0x00, 0x03, 0xFF,
  0xFF, 0xFE, 0x00, 0x00, 0x00, 0x0F, 0xFF, 0xFF, 0xF0, 0x00, 0x00,
  0x00, 0x7F, 0xFF, 0xFF, 0x00, 0x00, 0x00, 0x01, 0xFF, 0xFF, 0xF8,
  0x00, 0x00, 0x00, 0x0F, 0xFF, 0xFF, 0xC0, 0x00, 0x00, 0x00, 0x3F,
  0xFF, 0xFC, 0x00, 0x00, 0x00, 0x01, 0xFF, 0xFF, 0xE0, 0x00, 0x00,
  0x00, 0x0F, 0xFF, 0xFE, 0x00, 0x00, 0x00, 0x00, 0x3F, 0xFF, 0xF0,
  0x00, 0x00, 0x00, 0x01, 0xFF, 0xFF, 0x00, 0x00, 0x00, 0x00, 0x07,
  0xFF, 0xF8, 0x00, 0x00, 0x00, 0x00, 0x3F, 0xFF, 0xC0, 0x00, 0x00,
  0x00, 0x00, 0xFF, 0xFC, 0x00, 0x00, 0x00, 0x00, 0x07, 0xFF, 0xE0,
  0x00, 0x00, 0x00, 0x00, 0x3F, 0xFE, 0x00, 0x00, 0x00, 0x00, 0x01,
  0xFF, 0xF0, 0x00, 0x00, 0x00, 0x00, 0x1F, 0xFF, 0x00, 0x00, 0x00,
  0x00, 0x00, 0xFF, 0xF8, 0x00, 0x00, 0x01, 0x00, 0x0F, 0xFF, 0xC0,
  0x00, 0x00, 0x1E, 0x00, 0xFF, 0xFC, 0x00, 0x00, 0x00, 0xFF, 0xFF,
  0xFF, 0xE0, 0x00, 0x00, 0x0F, 0xFF, 0xFF, 0xFE, 0x00, 0x00, 0x00,
  0x7F, 0xFF, 0xFF, 0xF0, 0x00, 0x00, 0x07, 0xFF, 0xFF, 0xFF, 0x00,
  0x00, 0x00, 0x3F, 0xFF, 0xFF, 0xF0, 0x00, 0x00, 0x03, 0xFF, 0xFF,
  0xFF, 0x00, 0x00, 0x00, 0x1F, 0xFF, 0xFF, 0xF8, 0x00, 0x00, 0x01,
  0xFF, 0xFF, 0xFF, 0x00, 0x00, 0x00, 0x03, 0xFF, 0xFF, 0xF0, 0x00,
  0x00, 0x00, 0x07, 0xFF, 0xFE, 0x00, 0x00, 0x00, 0x00, 0x0F, 0xFF,
  0xC0, 0x00, 0x00, 0x00, 0x00, 0x01, 0x80, 0x00, 0x00, 0x00, 0x00,
  0x7F, 0xFF, 0xFF, 0xFF, 0xFF, 0xBF, 0xFF, 0xFF, 0xFF, 0xFF, 0xDF,
  0xFF, 0xFF, 0xFF, 0xFF, 0xEF, 0xFF, 0xFF, 0xFF, 0xFF, 0xF7, 0xFF,
  0xFF, 0xFF, 0xFF, 0xFB, 0xFF, 0xFF, 0xFF, 0xFF, 0xFD, 0xFF, 0xFF,
  0xFF, 0xFF, 0xFE, 0xFF, 0xFF, 0xFF, 0xFF, 0xFF, 0x7F, 0xFF, 0xFF,
  0xFF, 0xFF, 0x3F, 0xFF, 0xFF, 0xFF, 0xFF, 0x00, 0x00, 0x00, 0x7F,
  0xFF, 0x00, 0x00, 0x00, 0x7F, 0xFF, 0x00, 0x00, 0x00, 0x7F, 0xFF,
  0x80, 0x00, 0x00, 0x3F, 0xFF, 0x80, 0x00, 0x00, 0x3F, 0xFF, 0x80,
  0x00, 0x00, 0x3F, 0xFF, 0x80, 0x00, 0x00, 0x3F, 0xFF, 0x80, 0x00,
  0x00, 0x3F, 0xFF, 0x80, 0x00, 0x00, 0x3F, 0xFF, 0xC0, 0x00, 0x00,
  0x1F, 0xFF, 0xC0, 0x00, 0x00, 0x1F, 0xFF, 0xC0, 0x00, 0x00, 0x1F,
  0xFF, 0xC0, 0x00, 0x00, 0x1F, 0xFF, 0xC0, 0x00, 0x00, 0x1F, 0xFF,
  0xC0, 0x00, 0x00, 0x1F, 0xFF, 0xE0, 0x00, 0x00, 0x0F, 0xFF, 0xE0,
  0x00, 0x00, 0x0F, 0xFF, 0xE0, 0x00, 0x00, 0x0F, 0xFF, 0xE0, 0x00,
  0x00, 0x0F, 0xFF, 0xE0, 0x00, 0x00, 0x0F, 0xFF, 0xE0, 0x00, 0x00,
  0x0F, 0xFF, 0xF0, 0x00, 0x00, 0x07, 0xFF, 0xF0, 0x00, 0x00, 0x07,
  0xFF, 0xF0, 0x00, 0x00, 0x07, 0xFF, 0xF0, 0x00, 0x00, 0x07, 0xFF,
  0xF0, 0x00, 0x00, 0x07, 0xFF, 0xF0, 0x00, 0x00, 0x07, 0xFF, 0xFF,
  0xFF, 0xFF, 0xFB, 0xFF, 0xFF, 0xFF, 0xFF, 0xFF, 0xFF, 0xFF, 0xFF,
  0xFF, 0xFF, 0xFF, 0xFF, 0xFF, 0xFF, 0xFF, 0xFF, 0xFF, 0xFF, 0xFF,
  0xFF, 0xFF, 0xFF, 0xFF, 0xFF, 0xFF, 0xFF, 0xFF, 0xFF, 0xFF, 0xFF,
  0xFF, 0xFF, 0xFF, 0xFF, 0xFF, 0xFF, 0xFF, 0xFF, 0xFF, 0xFF, 0xFF,
  0xFF, 0xFF, 0xFF, 0xFF, 0xFC, 0x00, 0x00, 0x3F, 0xF0, 0x00, 0x1F,
  0xFF, 0x00, 0x07, 0xFF, 0xF0, 0x00, 0xFF, 0xFF, 0x00, 0x1F, 0xFF,
  0xF0, 0x03, 0xFF, 0xFF, 0x00, 0x7F, 0xFF, 0xF0, 0x07, 0xFF, 0xFF,
  0x00, 0xFF, 0xFF, 0xF0, 0x0F, 0xFF, 0xFF, 0x00, 0xFF, 0xFF, 0xF0,
  0x1F, 0xFF, 0xF0, 0x01, 0xFF, 0xFC, 0x00, 0x1F, 0xFF, 0x80, 0x01,
  0xFF, 0xF8, 0x00, 0x1F, 0xFF, 0x80, 0x01, 0xFF, 0xF8, 0x00, 0x1F,
  0xFF, 0x80, 0x01, 0xFF, 0xF8, 0x00, 0x1F, 0xFF, 0x80, 0x01, 0xFF,
  0xF8, 0x00, 0x1F, 0xFF, 0x80, 0x01, 0xFF, 0xF8, 0x00, 0x1F, 0xFF,
  0x80, 0x01, 0xFF, 0xF8, 0x00, 0x1F, 0xFF, 0x80, 0x01, 0xFF, 0xF8,
  0x00, 0x1F, 0xFF, 0x80, 0x01, 0xFF, 0xF8, 0x00, 0x1F, 0xFF, 0x80,
  0x01, 0xFF, 0xF8, 0x00, 0x1F, 0xFF, 0x80, 0x01, 0xFF, 0xF0, 0x00,
  0x3F, 0xFF, 0x00, 0x07, 0xFF, 0xF0, 0x0F, 0xFF, 0xFF, 0x00, 0xFF,
  0xFF, 0xF0, 0x0F, 0xFF, 0xFE, 0x00, 0xFF, 0xFF, 0xC0, 0x0F, 0xFF,
  0xF8, 0x00, 0xFF, 0xFE, 0x00, 0x0F, 0xFF, 0xF8, 0x00, 0xFF, 0xFF,
  0xC0, 0x0F, 0xFF, 0xFE, 0x00, 0xFF, 0xFF, 0xF0, 0x0F, 0xFF, 0xFF,
  0x00, 0x07, 0xFF, 0xF0, 0x00, 0x3F, 0xFF, 0x00, 0x01, 0xFF, 0xF0,
  0x00, 0x1F, 0xFF, 0x80, 0x01, 0xFF, 0xF8, 0x00, 0x1F, 0xFF, 0x80,
  0x01, 0xFF, 0xF8, 0x00, 0x1F, 0xFF, 0x80, 0x01, 0xFF, 0xF8, 0x00,
  0x1F, 0xFF, 0x80, 0x01, 0xFF, 0xF8, 0x00, 0x1F, 0xFF, 0x80, 0x01,
  0xFF, 0xF8, 0x00, 0x1F, 0xFF, 0x80, 0x01, 0xFF, 0xF8, 0x00, 0x1F,
  0xFF, 0x80, 0x01, 0xFF, 0xF8, 0x00, 0x1F, 0xFF, 0x80, 0x01, 0xFF,
  0xF8, 0x00, 0x1F, 0xFF, 0x80, 0x01, 0xFF, 0xF8, 0x00, 0x1F, 0xFF,
  0x80, 0x01, 0xFF, 0xFC, 0x00, 0x1F, 0xFF, 0xF0, 0x00, 0xFF, 0xFF,
  0xF0, 0x0F, 0xFF, 0xFF, 0x00, 0xFF, 0xFF, 0xF0, 0x07, 0xFF, 0xFF,
  0x00, 0x7F, 0xFF, 0xF0, 0x03, 0xFF, 0xFF, 0x00, 0x1F, 0xFF, 0xF0,
  0x00, 0xFF, 0xFF, 0x00, 0x07, 0xFF, 0xF0, 0x00, 0x1F, 0xFF, 0x00,
  0x00, 0x3F, 0xF0, 0xFF, 0xFF, 0xFF, 0xFF, 0xFF, 0xFF, 0xFF, 0xFF,
  0xFF, 0xFF, 0xFF, 0xFF, 0xFF, 0xFF, 0xFF, 0xFF, 0xFF, 0xFF, 0xFF,
  0xFF, 0xFF, 0xFF, 0xFF, 0xFF, 0xFF, 0xFF, 0xFF, 0xFF, 0xFF, 0xFF,
  0xFF, 0xFF, 0xFF, 0xFF, 0xFF, 0xFF, 0xFF, 0xFF, 0xFF, 0xFF, 0xFF,
  0xFF, 0xFF, 0xFF, 0xFF, 0xFF, 0xFF, 0xFF, 0xFF, 0xFF, 0xFF, 0xFF,
  0xFF, 0xFF, 0xFF, 0xFF, 0xFF, 0xFF, 0xFF, 0xFF, 0xFF, 0xFF, 0xFF,
  0xFF, 0xFF, 0xFF, 0xFF, 0xFF, 0xFF, 0xFF, 0xFF, 0xFF, 0xFF, 0xFF,
  0xFF, 0xFF, 0xFF, 0xFF, 0xFF, 0xFF, 0xFF, 0xFF, 0xFF, 0xFF, 0xFF,
  0xFF, 0xFF, 0xFF, 0xFF, 0xFF, 0xFF, 0xFF, 0xFF, 0xFF, 0xFF, 0xFF,
  0xFF, 0xFF, 0xFF, 0xFF, 0xFF, 0xFF, 0xFF, 0xFF, 0xFF, 0xFF, 0xFF,
  0xFF, 0xFF, 0xFF, 0xFF, 0xFF, 0xFF, 0xFF, 0xFF, 0xFF, 0xFF, 0xFF,
  0xFF, 0xFF, 0xFF, 0xF0, 0xFF, 0xE0, 0x00, 0x0F, 0xFF, 0xC0, 0x00,
  0xFF, 0xFF, 0x00, 0x0F, 0xFF, 0xF8, 0x00, 0xFF, 0xFF, 0xC0, 0x0F,
  0xFF, 0xFE, 0x00, 0xFF, 0xFF, 0xE0, 0x0F, 0xFF, 0xFF, 0x00, 0xFF,
  0xFF, 0xF0, 0x0F, 0xFF, 0xFF, 0x80, 0xFF, 0xFF, 0xF8, 0x00, 0x7F,
  0xFF, 0x80, 0x03, 0xFF, 0xF8, 0x00, 0x1F, 0xFF, 0x80, 0x00, 0xFF,
  0xFC, 0x00, 0x0F, 0xFF, 0xC0, 0x00, 0xFF, 0xFC, 0x00, 0x0F, 0xFF,
  0xC0, 0x00, 0xFF, 0xFC, 0x00, 0x0F, 0xFF, 0xC0, 0x00, 0xFF, 0xFC,
  0x00, 0x0F, 0xFF, 0xC0, 0x00, 0xFF, 0xFC, 0x00, 0x0F, 0xFF, 0xC0,
  0x00, 0xFF, 0xFC, 0x00, 0x0F, 0xFF, 0xC0, 0x00, 0xFF, 0xFC, 0x00,
  0x0F, 0xFF, 0xC0, 0x00, 0xFF, 0xFC, 0x00, 0x0F, 0xFF, 0xC0, 0x00,
  0xFF, 0xFC, 0x00, 0x0F, 0xFF, 0xC0, 0x00, 0xFF, 0xFC, 0x00, 0x0F,
  0xFF, 0xC0, 0x00, 0xFF, 0xFE, 0x00, 0x07, 0xFF, 0xFF, 0x00, 0x7F,
  0xFF, 0xF0, 0x03, 0xFF, 0xFF, 0x00, 0x3F, 0xFF, 0xF0, 0x00, 0xFF,
  0xFF, 0x00, 0x03, 0xFF, 0xF0, 0x00, 0xFF, 0xFF, 0x00, 0x3F, 0xFF,
  0xF0, 0x03, 0xFF, 0xFF, 0x00, 0x7F, 0xFF, 0xF0, 0x07, 0xFF, 0xFF,
  0x00, 0xFF, 0xFE, 0x00, 0x0F, 0xFF, 0xC0, 0x00, 0xFF, 0xFC, 0x00,
  0x0F, 0xFF, 0xC0, 0x00, 0xFF, 0xFC, 0x00, 0x0F, 0xFF, 0xC0, 0x00,
  0xFF, 0xFC, 0x00, 0x0F, 0xFF, 0xC0, 0x00, 0xFF, 0xFC, 0x00, 0x0F,
  0xFF, 0xC0, 0x00, 0xFF, 0xFC, 0x00, 0x0F, 0xFF, 0xC0, 0x00, 0xFF,
  0xFC, 0x00, 0x0F, 0xFF, 0xC0, 0x00, 0xFF, 0xFC, 0x00, 0x0F, 0xFF,
  0xC0, 0x00, 0xFF, 0xFC, 0x00, 0x0F, 0xFF, 0xC0, 0x00, 0xFF, 0xFC,
  0x00, 0x0F, 0xFF, 0xC0, 0x00, 0xFF, 0xFC, 0x00, 0x1F, 0xFF, 0x80,
  0x03, 0xFF, 0xF8, 0x00, 0x7F, 0xFF, 0x80, 0xFF, 0xFF, 0xF8, 0x0F,
  0xFF, 0xFF, 0x80, 0xFF, 0xFF, 0xF0, 0x0F, 0xFF, 0xFF, 0x00, 0xFF,
  0xFF, 0xE0, 0x0F, 0xFF, 0xFE, 0x00, 0xFF, 0xFF, 0xC0, 0x0F, 0xFF,
  0xF8, 0x00, 0xFF, 0xFF, 0x00, 0x0F, 0xFF, 0xC0, 0x00, 0xFF, 0xC0,
  0x00, 0x00, 0x00, 0x3F, 0x80, 0x00, 0x00, 0x00, 0x3F, 0xFE, 0x00,
  0x03, 0xFC, 0x0F, 0xFF, 0xE0, 0x00, 0x7F, 0x83, 0xFF, 0xFF, 0x00,
  0x1F, 0xF0, 0xFF, 0xFF, 0xF0, 0x03, 0xFE, 0x3F, 0xFF, 0xFF, 0x80,
  0xFF, 0xCF, 0xFF, 0xFF, 0xF8, 0x3F, 0xF9, 0xFF, 0xFF, 0xFF, 0xFF,
  0xFE, 0x3F, 0xFF, 0xFF, 0xFF, 0xFF, 0xCF, 0xFF, 0xFF, 0xFF, 0xFF,
  0xF9, 0xFF, 0xC3, 0xFF, 0xFF, 0xFE, 0x3F, 0xE0, 0x1F, 0xFF, 0xFF,
  0xC7, 0xFC, 0x01, 0xFF, 0xFF, 0xF1, 0xFF, 0x00, 0x0F, 0xFF, 0xFC,
  0x3F, 0xE0, 0x00, 0xFF, 0xFF, 0x07, 0xFC, 0x00, 0x07, 0xFF, 0x80,
  0x00, 0x00, 0x00, 0x3F, 0xC0, 0x00 };

const GFXglyph MontserratBold44pt7bGlyphs[] PROGMEM = {
  {     0,   1,   1,  24,    0,    0 },   // 0x20 ' '
  {     1,  17,  61,  25,    4,  -59 },   // 0x21 '!'
  {   131,  29,  24,  38,    4,  -59 },   // 0x22 '"'
  {   218,  58,  60,  62,    2,  -59 },   // 0x23 '#'
  {   653,  50,  81,  55,    2,  -70 },   // 0x24 '$'
  {  1160,  71,  62,  75,    2,  -60 },   // 0x25 '%'
  {  1711,  58,  62,  63,    3,  -60 },   // 0x26 '&'
  {  2161,  12,  24,  20,    4,  -59 },   // 0x27 '''
  {  2197,  24,  81,  31,    6,  -63 },   // 0x28 '('
  {  2440,  24,  81,  31,    1,  -63 },   // 0x29 ')'
  {  2683,  35,  34,  37,    1,  -63 },   // 0x2A '*'
  {  2832,  41,  40,  52,    5,  -49 },   // 0x2B '+'
  {  3037,  17,  29,  23,    3,  -15 },   // 0x2C ','
  {  3099,  25,  11,  33,    4,  -29 },   // 0x2D '-'
  {  3134,  17,  18,  23,    3,  -16 },   // 0x2E '.'
  {  3173,  41,  81,  34,   -3,  -71 },   // 0x2F '/'
  {  3589,  52,  62,  58,    3,  -60 },   // 0x30 '0'
  {  3992,  26,  60,  34,    1,  -59 },   // 0x31 '1'
  {  4187,  48,  61,  51,    0,  -60 },   // 0x32 '2'
  {  4553,  48,  61,  51,    0,  -59 },   // 0x33 '3'
  {  4919,  55,  60,  59,    3,  -59 },   // 0x34 '4'
  {  5332,  48,  61,  51,    1,  -59 },   // 0x35 '5'
  {  5698,  50,  62,  55,    3,  -60 },   // 0x36 '6'
  {  6086,  48,  60,  53,    2,  -59 },   // 0x37 '7'
  {  6446,  51,  62,  57,    3,  -60 },   // 0x38 '8'
  {  6842,  49,  62,  55,    2,  -60 },   // 0x39 '9'
  {  7222,  17,  49,  23,    3,  -47 },   // 0x3A ':'
  {  7327,  17,  61,  23,    3,  -47 },   // 0x3B ';'
  {  7457,  41,  42,  52,    5,  -50 },   // 0x3C '<'
  {  7673,  41,  33,  52,    5,  -45 },   // 0x3D '='
  {  7843,  41,  42,  52,    5,  -50 },   // 0x3E '>'
  {  8059,  46,  62,  51,    0,  -60 },   // 0x3F '?'
  {  8416,  83,  79,  89,    3,  -60 },   // 0x40 '@'
  {  9236,  68,  60,  66,   -1,  -59 },   // 0x41 'A'
  {  9746,  55,  60,  66,    7,  -59 },   // 0x42 'B'
  { 10159,  58,  62,  62,    3,  -60 },   // 0x43 'C'
  { 10609,  61,  60,  71,    7,  -59 },   // 0x44 'D'
  { 11067,  47,  60,  58,    7,  -59 },   // 0x45 'E'
  { 11420,  46,  60,  55,    7,  -59 },   // 0x46 'F'
  { 11765,  59,  62,  66,    3,  -60 },   // 0x47 'G'
  { 12223,  55,  60,  69,    7,  -59 },   // 0x48 'H'
  { 12636,  14,  60,  28,    7,  -59 },   // 0x49 'I'
  { 12741,  41,  61,  47,   -1,  -59 },   // 0x4A 'J'
  { 13054,  58,  60,  64,    7,  -59 },   // 0x4B 'K'
  { 13489,  44,  60,  52,    7,  -59 },   // 0x4C 'L'
  { 13819,  68,  60,  82,    7,  -59 },   // 0x4D 'M'
  { 14329,  55,  60,  69,    7,  -59 },   // 0x4E 'N'
  { 14742,  66,  62,  73,    3,  -60 },   // 0x4F 'O'
  { 15254,  52,  60,  63,    7,  -59 },   // 0x50 'P'
  { 15644,  69,  75,  73,    3,  -60 },   // 0x51 'Q'
  { 16291,  53,  60,  63,    7,  -59 },   // 0x52 'R'
  { 16689,  50,  62,  55,    2,  -60 },   // 0x53 'S'
  { 17077,  53,  60,  53,    0,  -59 },   // 0x54 'T'
  { 17475,  54,  61,  68,    7,  -59 },   // 0x55 'U'
  { 17887,  66,  60,  64,   -1,  -59 },   // 0x56 'V'
  { 18382,  96,  60, 100,    2,  -59 },   // 0x57 'W'
  { 19102,  61,  60,  61,    0,  -59 },   // 0x58 'X'
  { 19560,  60,  60,  58,   -1,  -59 },   // 0x59 'Y'
  { 20010,  53,  60,  58,    3,  -59 },   // 0x5A 'Z'
  { 20408,  23,  81,  32,    7,  -63 },   // 0x5B '['
  { 20641,  41,  81,  34,   -4,  -71 },   // 0x5C '\'
  { 21057,  24,  81,  32,    1,  -63 },   // 0x5D ']'
  { 21300,  42,  36,  52,    5,  -47 },   // 0x5E '^'
  { 21489,  43,   8,  43,    0,    1 },   // 0x5F '_'
  { 21532,  26,  13,  52,    8,  -64 },   // 0x60 '`'
  { 21575,  44,  48,  53,    3,  -46 },   // 0x61 'a'
  { 21839,  51,  65,  59,    6,  -63 },   // 0x62 'b'
  { 22254,  46,  48,  51,    3,  -46 },   // 0x63 'c'
  { 22530,  50,  65,  60,    3,  -63 },   // 0x64 'd'
  { 22937,  49,  48,  54,    3,  -46 },   // 0x65 'e'
  { 23231,  35,  65,  33,    1,  -64 },   // 0x66 'f'
  { 23516,  51,  65,  60,    3,  -46 },   // 0x67 'g'
  { 23931,  47,  64,  59,    6,  -63 },   // 0x68 'h'
  { 24307,  16,  68,  26,    5,  -67 },   // 0x69 'i'
  { 24443,  30,  86,  26,   -8,  -67 },   // 0x6A 'j'
  { 24766,  51,  64,  56,    6,  -63 },   // 0x6B 'k'
  { 25174,  14,  64,  26,    6,  -63 },   // 0x6C 'l'
  { 25286,  78,  47,  90,    6,  -46 },   // 0x6D 'm'
  { 25745,  47,  47,  59,    6,  -46 },   // 0x6E 'n'
  { 26022,  51,  48,  56,    3,  -46 },   // 0x6F 'o'
  { 26328,  51,  64,  59,    6,  -46 },   // 0x70 'p'
  { 26736,  50,  64,  59,    3,  -46 },   // 0x71 'q'
  { 27136,  29,  47,  37,    6,  -46 },   // 0x72 'r'
  { 27307,  42,  48,  46,    2,  -46 },   // 0x73 's'
  { 27559,  35,  58,  37,    1,  -56 },   // 0x74 't'
  { 27813,  47,  47,  59,    6,  -45 },   // 0x75 'u'
  { 28090,  53,  46,  51,   -1,  -45 },   // 0x76 'v'
  { 28395,  81,  46,  81,    0,  -45 },   // 0x77 'w'
  { 28861,  51,  46,  51,    0,  -45 },   // 0x78 'x'
  { 29155,  53,  64,  51,   -1,  -45 },   // 0x79 'y'
  { 29579,  41,  46,  47,    3,  -45 },   // 0x7A 'z'
  { 29815,  28,  81,  34,    4,  -63 },   // 0x7B '{'
  { 30099,  12,  81,  27,    7,  -63 },   // 0x7C '|'
  { 30221,  28,  81,  34,    1,  -63 },   // 0x7D '}'
  { 30505,  43,  17,  52,    4,  -38 }
 }; // 0x7E '~'

const GFXfont MontserratBold44pt7b PROGMEM = {
  (uint8_t  *)MontserratBold44pt7bBitmaps,
  (GFXglyph *)MontserratBold44pt7bGlyphs,
  0x20, 0x7E, 105 };

// Approx. 31269 bytes
